Unnamed: 0,index,conv_id,message_id,reply_to,user,is_moderator,moderation_supported,escalated,escalation_supported,text,dataset,notes,should_intervene,discussion,response
1860,43603,512199099.13687.13687,wikitactics-512199099.13687.13687-14,wikitactics-512199099.13687.13687-13,Martinvl,0.0,True,1,True,"I agree with  that only one formula should be used.  This artcile, unlike the artcile Pendulum (mathematics) is about the physics of the pendulum. Since physicists often disregard ""small terms"", the first equation is the appropriate form to use - the reader can see immediately that for small θ, the θ2 can often be ignored while the θ4 becomes vanishingly small in practice.  This article rightly makes a reference to the mathematics of the pendulum, there is no need to clutter up the discussion here with equation 2 - an equation that cannot be easily programmed into an EXCEL spreadsheet.",wikitactics,,True,"<CTX>To IP: WP:COI? WP:NPOV? No intension to be accusatory...</CTX> <CTX>Hiding the best formula formula is hardly consistent with the principles of the wikipedia for free and wide access to human knowledge. Even the question of removing it ought not be posed. Furthermore, it's well referenced and need not necessarliy be derived here. A more general derivation would be appropriate when the topic of elliptic integrals is being discussed.  — Preceding unsigned comment added by</CTX> <CTX>I would challenge your claim that yours is the ""best"" formula, since it relies on an obscure mean, but at least we have a linked article to explain the obscurity.  I would tend to agree that the unusual formula (or perhaps both versions?) should go in the mathematical version of the article.  Should we just link to the other article for the more complex formulas?</CTX> <TGT>I agree with  that only one formula should be used.  This artcile, unlike the artcile Pendulum (mathematics) is about the physics of the pendulum. Since physicists often disregard ""small terms"", the first equation is the appropriate form to use - the reader can see immediately that for small θ, the θ2 can often be ignored while the θ4 becomes vanishingly small in practice.  This article rightly makes a reference to the mathematics of the pendulum, there is no need to clutter up the discussion here with equation 2 - an equation that cannot be easily programmed into an EXCEL spreadsheet.</TGT>","Positive: 3  
Negative: 2  
No Reinforcement: 2

**Rationale"
353,16293,923,fora-923-76,fora-923-75,30132,0.0,True,0,False,"... First, some years ago when I was back in Atlanta getting my masters of divinity and of course, we did a lot of reading with Martin Luther King Jr. And one of the things we read was Letter from a Birmingham Jail. And I remember reading that years ago. And I remember how it hit me in the gut. His call to the white moderate and that the white moderate in many ways can be more dangerous than the absolute racist. And I remember that hitting me then. And then everything that happened starting with George Floyd and obviously before that, but I revisited that and it hits me and I think about this...",fora,"{'Express affirmation': 0, 'Specific invitation': 0, 'Provide example': 0, 'Open invitation': 0, 'Make connections': 0, 'Express appreciation': 0, 'Follow up question': 0}",True,"<CTX>Mm-hmm (affirmative). Thank you for that, Janette. The next thing I'm going to do is I'm going to bring the voice of someone who participated in the conversation recently. And I want you to imagine that the person that you're listening to is in the same Zoom Room with us. And listen closely to their comments, and then I'm going to invite you to share any responses or any insights you gained from listening to their comments. So one second, I got to bring that up.</CTX> <CTX>Yes, but you know I had a Christian ethics called-</CTX> <CTX>Could you all hear that? Yes, okay.</CTX> <TGT>... First, some years ago when I was back in Atlanta getting my masters of divinity and of course, we did a lot of reading with Martin Luther King Jr. And one of the things we read was Letter from a Birmingham Jail. And I remember reading that years ago. And I remember how it hit me in the gut. His call to the white moderate and that the white moderate in many ways can be more dangerous than the absolute racist. And I remember that hitting me then. And then everything that happened starting with George Floyd and obviously before that, but I revisited that and it hits me and I think about this...</TGT>","Positive: 4  
Negative: 0  
No Reinforcement: 1"
1333,18034835,8_2228_Guns_Reduce_Crime.xlsx,whow-8_2228_Guns_Reduce_Crime.xlsx-113,whow-8_2228_Guns_Reduce_Crime.xlsx-112,ec4ca0fb306a24a8a821c3df7c9a1ae6,1.0,True,0,False,"John Lott, you were going answer the question that the questioner put to us—",whow,"{'probing': True, 'confronting': False, 'instruction': False, 'interpretation': False, 'supplement': False, 'utility': False}",False,"<CTX>If you’re in a state that has mandatory issuance of concealed- weapon permits, then criminals have no knowledge of who might be carrying legally, and you would think there would be more who would carry if it is legal than those who would do it out of desperation because of fear—</CTX> <CTX>So people who would not be carrying in that community would also be protected under that theory, because—</CTX> <CTX>Absolutely, because the criminals don’t know who has the gun.</CTX> <TGT>John Lott, you were going answer the question that the questioner put to us—</TGT>","Positive: 2  
Negative: 1  
No Reinforcement: 3"
905,17996610,Health-Coverage-091608,iq2-Health-Coverage-091608-23,iq2-Health-Coverage-091608-22,John Stossel,0.0,True,0,False,"Still, despite the fact they spend less, European care is not remarkably inferior, it’s pretty good for most people. But that’s true only because they freeload off of us. Because most of the innovation comes from America. From the greedy profit-driven companies that want to take as much money from you as they possibly can, they’re the ones who gave us so much good stuff, the MRI’s, the CT scans. ACE inhibitors to lower blood pressure. The statins like Lipitor, to reduce cholesterol, coronary bypass surgery, hip replacement, knee replacement. What will the world be like if we have universal care and we don’t have America to Should Be the Federal Government’s Responsibility” (9/16/08) invent those things? Yes, the private market is awful in many ways and wasteful. Health insurance companies waste all this money on advertising, paperwork, duplication, claims officers trying to make sure you’re not cheating ‘em. It is intuitive to think a single payer would be more efficient. And Michael Rachlis who will speak shortly has written that, a public bureaucracy is cheaper.",iq2,,False,"<CTX>They made promises to cover us when we’re 75, when the panel is 75, there’s no way they can possibly do that. Right now it’s working, because there are lots of young people and relatively few older people, but there’s just no way it can be sustained, if a private company tried to run its pension system that way I bet they’d throw the owners in jail. It’s a Ponzi scheme. Now, some people will talk tonight about the widely publicized data that America spends the most on health care, and we do, and studies Should Be the Federal Government’s Responsibility” (9/16/08) have found that we have the worst result. But those studies are deceitful. They compare us by how long we live. But Americans are different. We drive cars more. We kill each other more often. Our accident rate, deaths on the highways triple that of the United Kingdom, we murder each other 10 times as often as the United Kingdom.</CTX> <CTX>When you take that out, we live longer than those other countries. And that doesn’t even include, diet issues, because we eat more and that kills people. A lot of these studies are skewed to make America look bad. Now many people say that the perfect system is in Europe where you have universal health care, and it’s true—most other countries do have systems like that. And it gets rid of the horrible anxiety that some people have in America, will I be covered. And that is horrible, and that does make people sick. But it’s better to be anxious, than to be in horrible pain. Or to be dead. And these universal coverage systems, they don’t guarantee universal access to actual care. In Canada, more than a million families can’t get a doctor. We taped in one town in Ontario where they have a lottery, they have a little box, everybody puts the family name in and, the town clerk pulls out a name, oh, you get to see a doctor this week. There aren’t enough doctors to go around, in Britain, one in eight patients waits more than a year for Should Be the Federal Government’s Responsibility” (9/16/08) treatment in a hospital.</CTX> <CTX>The journal Clinical Oncology says 20 percent of potentially curable lung cancer patients, become incurable on the waiting list. Now why does this happen, well, because when everything is free, when the government pays for it…everybody wants everything. But the government doesn’t have infinite money so the government then must ration. And they do it by not giving you the latest, most expensive stuff, or they make you wait in line. In one town in England they opened a, a new office where you could get dental treatment, people lined up for blocks. Now most of them didn’t get in, so people pull their own teeth. The dental tools are pliers and vodka. This is not a good way to live.</CTX> <TGT>Still, despite the fact they spend less, European care is not remarkably inferior, it’s pretty good for most people. But that’s true only because they freeload off of us. Because most of the innovation comes from America. From the greedy profit-driven companies that want to take as much money from you as they possibly can, they’re the ones who gave us so much good stuff, the MRI’s, the CT scans. ACE inhibitors to lower blood pressure. The statins like Lipitor, to reduce cholesterol, coronary bypass surgery, hip replacement, knee replacement. What will the world be like if we have universal care and we don’t have America to Should Be the Federal Government’s Responsibility” (9/16/08) invent those things? Yes, the private market is awful in many ways and wasteful. Health insurance companies waste all this money on advertising, paperwork, duplication, claims officers trying to make sure you’re not cheating ‘em. It is intuitive to think a single payer would be more efficient. And Michael Rachlis who will speak shortly has written that, a public bureaucracy is cheaper.</TGT>","Positive: 2  
Negative: 4  
No Reinforcement: 3

**Rationale"
1289,18022620,34_8444_Dont_Eat_Anything_With_A_Face.xlsx,whow-34_8444_Dont_Eat_Anything_With_A_Face.xlsx-123,whow-34_8444_Dont_Eat_Anything_With_A_Face.xlsx-122,ec4ca0fb306a24a8a821c3df7c9a1ae6,1.0,True,0,False,Just one--,whow,"{'probing': False, 'confronting': False, 'instruction': True, 'interpretation': False, 'supplement': False, 'utility': False}",False,"<CTX>Wait, wait. For clarity, let's keep it on the terms in which-- in which Joel farms, because the retreat to the farm factory scenario is not one that he's defending.</CTX> <CTX>Well, I'm not so sure because I’m guessing that you get little chicks that have been genetically bred to get obese, and they live about eight weeks, and then you slaughter them. And I'm guessing they are not grazing freely in the pasture. I'm guessing they're in a tiny little pen, and they grow up to be obese, and then-- and you are-- these are among the animals that add up to about a million animals per hour, bred and killed, bred and killed, bred and killed. And if people were not eating animals with a face, or even years ago, people didn't eat animals anywhere-- anywhere-- like that. I've been doing--</CTX> <CTX>The topic-- the topic--</CTX> <TGT>Just one--</TGT>","Positive: 2  
Negative: 4  
No Reinforcement: 3

**Explanation of"
1273,18018512,"16_3948_Spy_On_Me,_Id_Rather_Be_Safe.xlsx","whow-16_3948_Spy_On_Me,_Id_Rather_Be_Safe.xlsx-126","whow-16_3948_Spy_On_Me,_Id_Rather_Be_Safe.xlsx-125",ec4ca0fb306a24a8a821c3df7c9a1ae6,1.0,True,0,False,Would someone like to respond?,whow,"{'probing': True, 'confronting': False, 'instruction': False, 'interpretation': False, 'supplement': False, 'utility': False}",False,"<CTX>Right.</CTX> <CTX>Okay.</CTX> <CTX>That's right. So that was done quite consciously because everyone at NSA and in the government believed that the right answer was not to look at data without some reason to believe that the person that you're looking at is engaged in suspicious activity. The only difference between a standard law enforcement search and the searches we're talking about in the context of NSA is they gather the information first and put it in a database, but didn't search it without a reasonable suspicion. The reason that they gathered it first was because it was not practical to leave it where it was. They would not be able to do the searches in the time with the efficiency that they needed to use.</CTX> <TGT>Would someone like to respond?</TGT>","Positive: 2  
Negative: 1  
No Reinforcement: 3"
938,17999797,UndocumentedImmigrants-100907,iq2-UndocumentedImmigrants-100907-155,iq2-UndocumentedImmigrants-100907-154,John Hockenberry,1.0,True,0,False,That’s Mark Krikorian.,iq2,,False,"<CTX>So should raids be at noon?</CTX> <CTX>I don’t think that’s who we should be, as a nation.</CTX> <CTX>Should people wear different kinds of hats? I mean, I think it’s a legitimate question. I mean, I am not trying to make the joke here, but…</CTX> <TGT>That’s Mark Krikorian.</TGT>","Positive: 2  
Negative: 3  
No Reinforcement: 2"
1731,42171,646242742.20.20,wikitactics-646242742.20.20-8,wikitactics-646242742.20.20-7,Petergriffin9901,0.0,True,1,True,"''Merge''' per both above. Honestly Tomica, it sounds like you're incredibly attached to this article and it comes off very biased. Perhaps instead of attacking Gloss, you should chill and sit this one out.  •",wikitactics,,False,"<CTX>Excuse me? I assume bad faith? You are the one acting like his stalker going around his ""comments"" on other user pages how they shouldn't have closed/opened etc. discussions and supporting him. For anyone who wants to see that just let them check your ""Contributions"". —</CTX> <CTX>I'm not sure where you're from, but in the U.S. calling someone a ""stalker"" is a very serious accusation, and not a word you should be throwing around so lightly. You've now used it twice. Lucky for you, I have very few feelings and a little punk who has his panties in a bunch because his article might be merged won't bother me anytime soon. But I'd suggest you refrain from using that kind of word around anyone else before you come across somebody who will put in the effort to have you blocked for it. Back to the point, this is a discussion about merging two articles, not about how much you don't like the person who proposed the merge. WP:ANI is that way if you think the nominator is out for ""revenge"". ''''''</CTX> <CTX>I meant a Wikipedia stalker, not a person/child/woman stalker. Wherever you from it's easy to understand the context [duh!]. As per the other part of the comment, I can express my opinion wherever I want, and I still think WP:REVENGE applies here. —</CTX> <TGT>''Merge''' per both above. Honestly Tomica, it sounds like you're incredibly attached to this article and it comes off very biased. Perhaps instead of attacking Gloss, you should chill and sit this one out.  •</TGT>","Positive: 2  
Negative: 4  
No Reinforcement: 3"
65,17979470,13d0507b916e818f5dc2fb45cf027395,5_291,5_284,Moderator,1.0,True,0,False,"Hi, rharris3011. Welcome to Regulation Room. CFPB is concerned with how the proposed rules will affect small servicers. Are there specific aspects of the proposed rule that concern you more than others?",ceri,,True,"<CTX>These rules will be tough on a small lending firm.  The consumer needs to take responsibility for his actions.  There are just too many regulations.</CTX> <TGT>Hi, rharris3011. Welcome to Regulation Room. CFPB is concerned with how the proposed rules will affect small servicers. Are there specific aspects of the proposed rule that concern you more than others?</TGT>","Positive: 2  
Negative: 3  
No Reinforcement: 1"
1323,18030883,69_17634_The_Constitutional_Right_To_Bear_Arms_Has_Outlived_Its_Usefulness.xlsx,whow-69_17634_The_Constitutional_Right_To_Bear_Arms_Has_Outlived_Its_Usefulness.xlsx-42,whow-69_17634_The_Constitutional_Right_To_Bear_Arms_Has_Outlived_Its_Usefulness.xlsx-41,09aaf39576d436b0d78e0a553c1cc885,0.0,True,0,False,"--those who want-- the majorities that want to oppress minorities like the Ku Klux Klan with local police connivance, they're always going to have arms and I applaud your presence in the south. You perhaps might not have been on the summer March from Mississippi to Memphis led by Dr. King where the Deacons for Defense were there and, in fact, were providing personal security for Dr. King himself.",whow,"{'probing': False, 'confronting': False, 'instruction': False, 'interpretation': False, 'supplement': False, 'utility': False}",True,"<CTX>Eugene, let's let Alan Alan Dershowitz.</CTX> <CTX>--focusing on the wrong words. I'm not denying that the right to bear arms might have some current relevance as part of a right of self-defense. What I am arguing is that prelude to the operative words of the amendment clearly have become obsolete, a well-regulated militia being necessary to the security. Now, the answer that David gives is you want the Deacons of Justice to be able to come and have an armed conflict with the Ku Klux Klan. Now I was in the south during the Civil Rights Movement. The last thing Martin Luther King wanted was to arm the people and the civil rights workers. He wanted to confront violence with peace, and a well-regulated militia would've included the Ku Klux Klan. They were the citizens. They were the ones who were worried about the government taking away their civil right to have a segregated community. And the answer that my opponents give is if the Ku Klux Klan is armed, then we ought to arm civil rights workers, and let's have a war. I think Martin Luther King gets the better of that argument.</CTX> <CTX>I mean, Alan, David Kopel. I don’t hear them saying that or even coming close to implying that. Even though it's a great-- that was a great moment. But I want The point is-- David Kopel.</CTX> <TGT>--those who want-- the majorities that want to oppress minorities like the Ku Klux Klan with local police connivance, they're always going to have arms and I applaud your presence in the south. You perhaps might not have been on the summer March from Mississippi to Memphis led by Dr. King where the Deacons for Defense were there and, in fact, were providing personal security for Dr. King himself.</TGT>","Positive: 4  
Negative: 2  
No Reinforcement: 3"
56,17978070,8c240d8c621438a9d86a4e38d69ff324,2_140,,jimandm3,0.0,True,0,False,"I do not have an allergy to peanuts but I do to Carmine coloring.  I have to watch what foods I eat and keep an epinephrine pen with me at all times.  I believe all people with allergies must follow this same rule.  If a person with very severe allergies boards a plane and allerts them ahead of time of their allergy, then keep the peanuts off the flight.  This would apply to all kinds of allergies. ",ceri,,False,"<TGT>I do not have an allergy to peanuts but I do to Carmine coloring.  I have to watch what foods I eat and keep an epinephrine pen with me at all times.  I believe all people with allergies must follow this same rule.  If a person with very severe allergies boards a plane and allerts them ahead of time of their allergy, then keep the peanuts off the flight.  This would apply to all kinds of allergies. </TGT>","Positive: 3  
Negative: 2  
No Reinforcement: 2

**Explanation of"
1292,18036159,97_24036_The_U.N._Should_Admit_Palestine_As_A_Full_Member_State.xlsx,whow-97_24036_The_U.N._Should_Admit_Palestine_As_A_Full_Member_State.xlsx-138,whow-97_24036_The_U.N._Should_Admit_Palestine_As_A_Full_Member_State.xlsx-137,ec4ca0fb306a24a8a821c3df7c9a1ae6,1.0,True,0,False,Just pick one. I want him to answer one.,whow,"{'probing': False, 'confronting': False, 'instruction': True, 'interpretation': False, 'supplement': False, 'utility': False}",False,"<CTX>Hi. I'd like to ask Mr. Barghouthi a question. Two brief questions, one is--</CTX> <CTX>I'd like to just ask one. Pick one.</CTX> <CTX>Well, they're so fast, it's going to be less than--</CTX> <TGT>Just pick one. I want him to answer one.</TGT>","Positive: 2  
Negative: 3  
No Reinforcement: 2"
1118,40819,ce68qe9,umod-ce68qe9-0,,user-umod-ce68qe9-0,0.0,True,0,False,"&>>Feminists know that men get raped, but men rarely let their behaviour be affected by the cultural threat of rape (or any other type of assault). Conversely, most women who go out at night are acutely aware of it. Seriously? Just because men don't bitch about feeling unsafe in public spaces does *not* mean that they are not aware of the dangers of the world. In fact, I would argue that it's *because* men are so conditioned to pay attention/evaluate those threats that they seem so indifferent to it.",umod,"{'softlabel_mace': 0.998915848811973, 'subjectivity': 3.5, 'aggressiveness': 3.3, 'constructiveness': 3.3, 'sentiment': 'negative', 'relamountRole': 1.0, 'countModFunctions': 7, 'annot_similarity_pre': 0.44950002, 'annot_similarity_post': 0.4532, 'none': 0, 'social': 0, 'improveQuality': 0, 'organizing': 0, 'content': 0, 'broadening': 0, 'policing': 0, 'siteIssues': 0, 'offTopic': 0, 'agreeYes': 5, 'agreeNo': 3, 'opinionNotClear': 2, 'numAnnotators': 10, 'seedmodel': 'expert', 'flagged': 0}",False,"<TGT>&>>Feminists know that men get raped, but men rarely let their behaviour be affected by the cultural threat of rape (or any other type of assault). Conversely, most women who go out at night are acutely aware of it. Seriously? Just because men don't bitch about feeling unsafe in public spaces does *not* mean that they are not aware of the dangers of the world. In fact, I would argue that it's *because* men are so conditioned to pay attention/evaluate those threats that they seem so indifferent to it.</TGT>","Positive: 3  
Negative: 2  
No Reinforcement: 2

**Rationale"
584,9285,917,fora-917-76,fora-917-75,30093,0.0,True,0,False,"Okay. We're all piling on you. Yeah, I guess when we're specific would be to figure out for our community, what success looks like in terms of quality of life for everybody. Instead of saying we need to fix problems, let's start with what we think people need to have an adequate quality of life and make that what we're aiming towards. Once we describe that, then maybe it's a place to work forward from and say, what's necessary to meet these different things? It was partly triggered by reading something from the last Cap Times where they're going to try a pilot project, I think in Madison, about a guaranteed minimum wage or something as a pilot project for some people. So if we start with what people need, in terms of health care and education and income and everything else and say, ""This is our bottom line which we don't want anybody to fall below."" And what does that mean in terms of meeting that, or how are we going to achieve that, rather than saying we're trying to fix the problem as kind of piecemeal. I think that might be an interesting approach.",fora,"{'Express affirmation': 0, 'Specific invitation': 0, 'Provide example': 0, 'Open invitation': 0, 'Make connections': 0, 'Express appreciation': 0, 'Follow up question': 0}",False,"<CTX>[crosstalk]</CTX> <CTX>I have one more thing then.</CTX> <CTX>And then I'll yes and after Don goes.</CTX> <TGT>Okay. We're all piling on you. Yeah, I guess when we're specific would be to figure out for our community, what success looks like in terms of quality of life for everybody. Instead of saying we need to fix problems, let's start with what we think people need to have an adequate quality of life and make that what we're aiming towards. Once we describe that, then maybe it's a place to work forward from and say, what's necessary to meet these different things? It was partly triggered by reading something from the last Cap Times where they're going to try a pilot project, I think in Madison, about a guaranteed minimum wage or something as a pilot project for some people. So if we start with what people need, in terms of health care and education and income and everything else and say, ""This is our bottom line which we don't want anybody to fall below."" And what does that mean in terms of meeting that, or how are we going to achieve that, rather than saying we're trying to fix the problem as kind of piecemeal. I think that might be an interesting approach.</TGT>","Positive: 4  
Negative: 1  
No Reinforcement: 2"
374,26332,2063,fora-2063-46,fora-2063-45,37201,0.0,True,0,False,"And that's true for service providers like occupational, physical, speech therapy. A lot of schools have a hard time staffing them as well.",fora,"{'Express affirmation': 0, 'Specific invitation': 0, 'Provide example': 0, 'Open invitation': 0, 'Make connections': 0, 'Express appreciation': 0, 'Follow up question': 0}",False,"<CTX>Yeah. Well, so I'm in the Bath school district and they've had a hard time like many schools, attracting enough ed techs and qualified special ed people are, I don't know, the head of special ed. I can't remember who it is, just left for another job. The Dike Newell school just burned down. But if it hadn't just burned down, they still wouldn't have had a summer school program for kids in special ed because they didn't have the staffing for it. So we were really lucky that we're not in that school of our district. We moved to the Woolwich school instead. Really lucky, got many friends and he is doing really well there. So this inability to staff again, coming from teacher salaries is so frustrating, especially when our kids are losing all of the services that are supposed to be guaranteed by the state, again because of funding. When people throughout the state, across the US assume that government, government broadly is taking care of kids like ours is like how it's often phrased. ""Well, the government takes care of those people, right? Or after they get out of school, they get taken care of, right?"" And in the state of Maine right now, once you turn 21 and have to leave the public education system, there are years, multiple years long wait lists for adult programs. And so that's not the case at all. It's not the case for the little kids and it's not the case for young adults or older adults. It's just that there is not enough funding for any step of the way to have qualified people in these positions.</CTX> <CTX>Yep. I would agree with that. I would say that staffing, I know that our district right now has 10 or 12 openings for ed techs. And before I finished my master's, I worked as an ed tech and the pay was terrible. I mean, even the hourly pay for someone who had a bachelor's degree, I started at $13 an hour and it just wasn't a livable wage. So anybody that's doing that job as an ed, is either doing it as a [inaudible] or they are working multiple jobs to make ends meet. So really, I don't think it's this vision that people are willing to take lesser pay because they love what they do is not sustainable. It's also not fair. But yeah, I would say that would be the biggest obstacle is opportunities and available support.</CTX> <CTX>You're absolutely right about that with the ed tech, the conundrum with pay and people using as a stepping stone rightly so, into a teaching role or something else.</CTX> <TGT>And that's true for service providers like occupational, physical, speech therapy. A lot of schools have a hard time staffing them as well.</TGT>","Positive: 4  
Negative: 3  
No Reinforcement: 2"
275,17981166,61eda5439f6a41b43f57df3920d6445c,9_237,,SC,0.0,True,0,False,"Eliminating free parking in wide swaths of NYC would raise very substantial revenues; residents could have reduced parking permits, and others would pay hourly.&nbsp; Those without&nbsp;reasonably convenient&nbsp;access to public transportation at one end of their commute, and those who must commute by car but&nbsp;cannot afford parking, could get&nbsp;breaks.",ceri,,True,"<TGT>Eliminating free parking in wide swaths of NYC would raise very substantial revenues; residents could have reduced parking permits, and others would pay hourly.&nbsp; Those without&nbsp;reasonably convenient&nbsp;access to public transportation at one end of their commute, and those who must commute by car but&nbsp;cannot afford parking, could get&nbsp;breaks.</TGT>","Positive: 3  
Negative: 1  
No Reinforcement: 4"
746,17997525,free-press,iq2-free-press-48,iq2-free-press-47,David Sanger,0.0,True,0,False,"It is impossible because you cannot discuss the subject of whether or not we should have gone into Iraq, or how quickly we should get out of Afghanistan, or the issues surrounding cyber war that we deal with each and every day now, without daily venturing into territory that is classified somewhere and somehow. The problem is, as a reporter, I probably don't even know when much of that material is classified. And I can tell you as someone who went through the WikiLeaks material for many months before The Times and other newspapers published them that I was pretty surprised by some things that were stamped “secret.” I came into the office one day and asked if anybody knew why every American embassy that collects the morning news accounts that would appear in the Spanish press or the Chinese press and collates them and sends them off to Washington so that they would have a sense of what's appearing in those press reports each day.",iq2,,False,"<CTX>A few. Well, I hope you're going to share those with us since the other guy wouldn’t. Ladies and gentlemen, David Sanger.</CTX> <CTX>Thank you Thank you very much. And it's wonderful to be here and to be with such a great panel. In Schoenfeld's book, if you haven't read it, it's a wonderful accounting-- historical accounting of the tension between the press and the government. Michael Chertoff has done a fabulous work and we have talked over many years on many different subjects, and I agree with almost everything that my partner here had to say except when Alan Dershowitz declared that you shouldn't necessarily trust everything that you read in The New York Times. We’ll take that aside later on. I come to this as a practitioner, not as a legal expert.</CTX> <CTX>And I come to this knowing that the tensions that we are discussing here today are as you've heard as old as the Republic. The New York Times among other newspapers had reporters embedded with Civil War troops, Union troops, and at one appropriate moment or another, several generals having read the reviews of their strategy, took those reporters and put them in the brig. I've been around more than a few government officials who have suggested to me over the years as we have debated various stories that we were getting ready to write that what was good for General Sheridan would be perfectly good today. I would argue that in fact it is impossible, it is impossible to separate out state secrets from what appears every day in The New York Times and other major newspapers around the world.</CTX> <TGT>It is impossible because you cannot discuss the subject of whether or not we should have gone into Iraq, or how quickly we should get out of Afghanistan, or the issues surrounding cyber war that we deal with each and every day now, without daily venturing into territory that is classified somewhere and somehow. The problem is, as a reporter, I probably don't even know when much of that material is classified. And I can tell you as someone who went through the WikiLeaks material for many months before The Times and other newspapers published them that I was pretty surprised by some things that were stamped “secret.” I came into the office one day and asked if anybody knew why every American embassy that collects the morning news accounts that would appear in the Spanish press or the Chinese press and collates them and sends them off to Washington so that they would have a sense of what's appearing in those press reports each day.</TGT>","Positive: 4  
Negative: 2  
No Reinforcement: 3"
128,17978881,19e309e925d3e250f520032a27ef7e66,3_259,3_257,Moderator,1.0,True,0,False,"Trucking, smart phones are not at issue in this proposed rule.  However, some commenters have suggested that smart phones are capable of doing what an EOBR does, but can do it cheaper.  Are you suggesting that you agree or disagree with this?  

The most effective comments explain why the agency should or shouldn't do something.  Providing new information or a suggestion can be helpful.  To learn more about the rulemaking process and effective commenting click here.",ceri,,True,"<CTX>What happens with the smartphone when they make it illegal to handle your smart phone while you are driving your truck </CTX> <TGT>Trucking, smart phones are not at issue in this proposed rule.  However, some commenters have suggested that smart phones are capable of doing what an EOBR does, but can do it cheaper.  Are you suggesting that you agree or disagree with this?  

The most effective comments explain why the agency should or shouldn't do something.  Providing new information or a suggestion can be helpful.  To learn more about the rulemaking process and effective commenting click here.</TGT>","Positive: 3  
Negative: 2  
No Reinforcement: 2

**Explanation of"
1646,44230,442680923.109971.109956,wikitactics-442680923.109971.109956-7,wikitactics-442680923.109971.109956-6,GGT,0.0,True,0,True,"I cannot understand how it can be understood that ""genocide"" is widely estanlished in reliable literature from those results and analysis. Is it just me seeing that there are about ten reliable sources calling this event ""Greek genocide""? And is it just me who thinks that this is very few for the murder of a great number of people? Or is it me who does not know what a genocide is? I think an analysis of the ""persecution"" / ""massacres"" results would be helpful. And the NPOV tag should remain on the article until we settle this dispute with third party editors who has not yet commented on this issue, I think.",wikitactics,,False,"<CTX>It's impossible. Maybe it's difficult for you to understand this problem with your {{systemic bias}}. But research on Google Books proved that this article cannot be kept under this title. As you know, the Greek ethnic cleansing in Chameria, massacre of Chams, Albanian massacres of the 1943-44 in Charmeria had taken place. If these persecutions, ethnic cleansing, massacres　was explained by combining with relatively smaller persecutions by Greece gov. and/or Greek people, under the title such as Albanian massacres by Greeks (instead of “massacres of Chams”), “Albanian genocide"" (instead of Albanian genocide in Chameria; somebody call “genocide” to these events), are these article neutral or not ? As you know, '''Pontic Genocide''' is not same as other massacres in Asia Minor. Apart from contents, this title abuses WP:COMMONNAME & WP:POVTITLE.</CTX> <CTX>Actually you claim that 'Genocide' isn't widely established in literature, but your search in gbooks makes it the most popular term copared to 'Persecution' etc.. If you suggest another name or a split, feel free to make or explain your proposal.</CTX> <CTX>How come Pontus is a small place ? It is the whole BLACKSEA REGION. There were more then 350.000 Greeks were living there before the genocide. Apart from there most of the remaining ones were in Costantinopole and Smyrna. Your hypothesis about this small region is not valid here.</CTX> <TGT>I cannot understand how it can be understood that ""genocide"" is widely estanlished in reliable literature from those results and analysis. Is it just me seeing that there are about ten reliable sources calling this event ""Greek genocide""? And is it just me who thinks that this is very few for the murder of a great number of people? Or is it me who does not know what a genocide is? I think an analysis of the ""persecution"" / ""massacres"" results would be helpful. And the NPOV tag should remain on the article until we settle this dispute with third party editors who has not yet commented on this issue, I think.</TGT>","Positive: 2  
Negative: 4  
No Reinforcement: 3

**Rationale"
1852,42365,819125414.7150.7150,wikitactics-819125414.7150.7150-4,wikitactics-819125414.7150.7150-3,Epipelagic,0.0,True,1,True,You seem very confident for someone whose edits are generally getting things so wrong. I've reinstated your deletion and added a further source.,wikitactics,,False,"<CTX>Nonsense</CTX> <CTX>However, he did assert a duty"" to help those who are weaker than oneself.""</CTX> <CTX>Nietzsche never said anything like that. Complete fiction!</CTX> <TGT>You seem very confident for someone whose edits are generally getting things so wrong. I've reinstated your deletion and added a further source.</TGT>","Positive: 2  
Negative: 4  
No Reinforcement: 1"
674,18014558,061913%20pentagon%20budget,iq2-061913%20pentagon%20budget-25,iq2-061913%20pentagon%20budget-24,John Donvan,1.0,True,0,False,"Thank you. Andrew Krepinevich. Our motion is, “Cutting the Pentagon's budget is a gift to our enemies.” And here to speak against the motion, Benjamin Friedman. He is a research fellow in defense and Homeland Security studies at the Cato Institute. Ladies and gentlemen, Ben Friedman.",iq2,,False,"<CTX>Thank you, John. And behalf of my partner, Tom Donnelly, I'd also like to thank Intelligence Squared U.S. and the McCain Institute for sponsoring this debate. And also compliment our worthy adversaries, without whom we could not have a debate here tonight.</CTX> <CTX>Tom and I, in terms of this proposition, believe that further cuts in our defenses will encourage our adversaries, and at the same time, increase the risks to our security, our economic well-being, and the security and economic well-being of our allies and partners around the world. In terms of the overall perspective-- but let's take a look at the big view. At the end of the Cold War, 20 years ago, we were spending, on average, 6 percent of our GDP every year on our defenses. Six percent. Okay? In the span of 20 years, this year, we're down to three percent of our GDP being spent on defense. So we have cut in half the amount of our national wealth that we have devoted to our defenses, okay? I don't think you can find another major part of the federal budget where you have this kind of cut. So, that's point number one.</CTX> <CTX>Point number two is if you look at the defense budget, you see several, I think, important things. One is 30 days ago this year, we decided-- we made a social choice, to adopt a volunteer military. And we never really fully paid the price of that choice until after 9/11, when we engaged in a protracted conflict in Afghanistan and then in Iraq. In order to recruit and retain sufficient members of-- service members to conduct those operations, we've had to increase personnel spending by over 50 percent, after inflation, since 9/11. So that's a dramatic increase. On top of that, the Obama Administration has set forth a revised defense plan which looks to cut nearly half a trillion dollars out of our defenses over the next 10 years. So what do you get? You get a shrinking defense pie, number one. Number two, within that shrinking pie, you get an expanded slice for personnel costs. What does that mean? That means in the coming years, we're going to see a lot less funding for training, a lot less funding for maintaining our equipment, and a lot less money for replacing all the worn out equipment. I've been to this movie before. This is the equation for a hollow military. This is the equation for a military that gradually loses its effectiveness and capability. Now, how will our enemies react to this? Is this a gift to them? I don't know. I'm not-- I'm not privy to their thoughts. What I can tell you is that the silence is deafening. And as Napoleon once said, “When your enemy is in the middle of making a great mistake, don't interrupt them.” And again-- so you have this particular situation. Now, some people say, “Well, gee. We're pulling out of Afghanistan. We're out of Iraq. Let's reduce defense spending. After all, the threat is diminishing. Well, first of all, our operations in those conflicts were funded by something called OCOB, the Overseas Contingency Operation Budget. And those budgets are coming down and will go down to zero. But the base defense budget--- typically, when you draw down that budget, that is when the threat is declining. And as Robert Rosenkranz mentioned, we're in a situation right now where the threat is not declining. He had a pretty good short list, but there's a longer list we can go through. John mentioned that we brought together four think tanks, from the moderate liberal to the moderate conservative, a few weeks ago to look at the sequestration cuts. And these are cuts-- let's-- hey, let's cut another half trillion dollars out of defense over the next decade. Despite the fact that there's a fair part of the political spectrum that was covered, there are two conclusions that the four think tanks agreed upon: The first is that cuts of the magnitude that are discussed and put forth in sequestration will be a disaster in terms of our military readiness and capability. Second, there is a belief-- again all four think tanks-- belief that the dangers to our security, the dangers to our economic well-being are increasing over</CTX> <TGT>Thank you. Andrew Krepinevich. Our motion is, “Cutting the Pentagon's budget is a gift to our enemies.” And here to speak against the motion, Benjamin Friedman. He is a research fellow in defense and Homeland Security studies at the Cato Institute. Ladies and gentlemen, Ben Friedman.</TGT>","Positive: 3  
Negative: 2  
No Reinforcement: 2

**Rationale"
1664,45498,395942625.41154.41154,wikitactics-395942625.41154.41154-33,wikitactics-395942625.41154.41154-32,Magotteers,0.0,True,0,True,"Your tone was unwaranted, I said be careful, not that you were. As for ideological vs political, read the intro of Ideology, you will see it includes ''political''.",wikitactics,,False,"<CTX>That's a generalization, you are putting a racial characteristic here, be careful to not cross the border between simple characterization and racism. The google book result is irrelevant, since most of it refers to the Western portion of the republic of Azerbaijan. Also, we're not talking about compromise, you have offered no answer to counter my argument that the term ''Western Azerbaijan'' to refer to the modern republic of Armenia with clearly defined borders not extending in Georgia nor Turkey is only a political concept.</CTX> <CTX>Yes, it wasn't a historical term because there was no unified state '''called''' ''Azerbaijan'' or containing the word ''Azerbaijan'' in its name until 1918. But the region and population of the Azerbaijani states were Azerbaijani Turks. The term appeared in the 20th century to refer to a political concept.</CTX> <CTX>Please save that ''racism'' nonsense for someone else. You make that kind of false accusations one more time, you will be reported again. Western Azerbaijan is a political concept. When you clearly define what you understand under ''political'' and ''ideological'' concepts, we can revisit the term.</CTX> <TGT>Your tone was unwaranted, I said be careful, not that you were. As for ideological vs political, read the intro of Ideology, you will see it includes ''political''.</TGT>","Positive: 2  
Negative: 4  
No Reinforcement: 2"
1981,27201,2262,fora-2262-19,fora-2262-18,42093,1.0,True,0,False,Thank you.,fora,"{'Express affirmation': 0, 'Specific invitation': 0, 'Provide example': 0, 'Open invitation': 0, 'Make connections': 0, 'Express appreciation': 0, 'Follow up question': 0}",False,"<CTX>Thank you.</CTX> <CTX>Okay. My name is Cora. I am an educational consultant and director of a non-profit organization, Real Aspirations. I live in Waldo County, and the value that I find to be really important and is central to our work is pride of place.</CTX> <CTX>I realized I missed my profession. Sorry, Olivia. I am an administrator in environmental education, overnight programming.</CTX> <TGT>Thank you.</TGT>","Positive: 2  
Negative: 1  
No Reinforcement: 3"
1083,40082,cj4omje,umod-cj4omje-0,,user-umod-cj4omje-0,0.0,True,0,False,"There are literally no other areas that can be used as a base for military operations. None. Israel would blow up such an establishment if it were to be built anyway. Your argument is basically is a nice way of saying ""stop resisting.""",umod,"{'softlabel_mace': 0.1735699296942707, 'subjectivity': 3.571428571428572, 'aggressiveness': 4.0, 'constructiveness': 2.4285714285714284, 'sentiment': 'negative', 'relamountRole': 0.7142857142857143, 'countModFunctions': 4, 'annot_similarity_pre': 0.4817143, 'annot_similarity_post': 0.5402857, 'none': 1, 'social': 0, 'improveQuality': 0, 'organizing': 0, 'content': 0, 'broadening': 0, 'policing': 0, 'siteIssues': 0, 'offTopic': 0, 'agreeYes': 3, 'agreeNo': 2, 'opinionNotClear': 2, 'numAnnotators': 7, 'seedmodel': 'GPT', 'flagged': 0}",False,"<TGT>There are literally no other areas that can be used as a base for military operations. None. Israel would blow up such an establishment if it were to be built anyway. Your argument is basically is a nice way of saying ""stop resisting.""</TGT>","Positive: 2  
Negative: 5  
No Reinforcement: 1

**Rationale"
1922,15576,722,fora-722-61,fora-722-60,28766,0.0,True,0,False,"In 2025, I think we might have a Latina as president, maybe. But I think kind of continuing what everybody was saying is yeah, we need to be in positions of power making decisions and able to change policy. And I think that locally, I know a lot of people are ready to run for office. And so just having a community that supports that, that's willing to be boots on the ground, campaigning and fundraising for Latinx people ready to step up and we're here to support them.",fora,"{'Express affirmation': 0, 'Specific invitation': 0, 'Provide example': 0, 'Open invitation': 0, 'Make connections': 0, 'Express appreciation': 0, 'Follow up question': 0}",False,"<CTX>I think for me what I'm hoping is going to happen is we're going to have more people, I guess in powerful positions. So that the growing number of people asking for help is almost equal to those that are able to give the help. So that's my hope that we kind of... People that are asking for help right now can get the help, get themselves established. And then once they raise that one step, instead of trying to be, for lack of a better word, greedy. And take the next two or three steps, once they move up a step, turn back and see who else they can help up. Because that one person can help two people that can help three people that can help four people. So, kind of bringing everyone else with you as you climb those stairs as well. So I'm hoping that there's more people that can offer help as well as ask for help.</CTX> <CTX>So from my capstone assignment, we're already starting to think about that from my master's program. It hasn't solidified yet how I'm going to do it, but I'm trying to bring more people of color into government positions. I think that frontline and leadership representation, is kind of one of the best ways of dismantling institutional racism at the local level. I don't know how to approach that internally or externally. Internally I'm certainly limited without being a manager, supervisor or director. Most of the times the hires are done by the director of the final say or supervisors. And so, I'm a little bit limited with what I can do there. So I'm starting to think about externally, I know Norma over at central has a new program that she created called [foreign language 00:57:03] that teaches work skills, just workplace skills. I don't know if that's where I'll have to approach it. I do have some fashions there, in terms of mock interviews and things like that. But that's what I want to see is more people of color, more Latinos in government.</CTX> <CTX>I think continuing on that trend right off the bat I said more representation at all levels with our teachers, at companies, not just at government. But places where we're also educating our children. Because there they are the future and they need to see people who look like them. And so I think the LPA is a perfect place to foster that and to continue to help people grow their careers and to continue to inspire other people. So we can multiply ourselves</CTX> <TGT>In 2025, I think we might have a Latina as president, maybe. But I think kind of continuing what everybody was saying is yeah, we need to be in positions of power making decisions and able to change policy. And I think that locally, I know a lot of people are ready to run for office. And so just having a community that supports that, that's willing to be boots on the ground, campaigning and fundraising for Latinx people ready to step up and we're here to support them.</TGT>","Positive: 4  
Negative: 1  
No Reinforcement: 2"
99,17981010,80ec2cae1d68fb9eaa9241e04bea86fc,8_59,,RShapiro,0.0,True,0,False,"I would suggest making the language in ""a"" more neutral.  Specifically, replace ""to formulate an effective comment (e.g., a comment that gives reasons rather than just reactions)"" with ""in utlizing the comment process (e.g., providing comments that give reasons rather than just reactions)"".",ceri,,False,"<TGT>I would suggest making the language in ""a"" more neutral.  Specifically, replace ""to formulate an effective comment (e.g., a comment that gives reasons rather than just reactions)"" with ""in utlizing the comment process (e.g., providing comments that give reasons rather than just reactions)"".</TGT>","Positive: 4  
Negative: 1  
No Reinforcement: 3  

**Explanation of"
1179,40776,cg125yo,umod-cg125yo-0,,user-umod-cg125yo-0,0.0,True,0,False,"&>>doesn't make your use of gay as a synonym for stupid any less homophobic. Sure it does. What are you, retarded? Homophobia is the extreme and irrational aversion to homosexuality. If he's not even thinking of a homosexual or homosexuality when he uses the word ""gay"", he simply isn't exhibiting homophobia. It's patently idiotic to claim that words themselves are capable of hatred. ",umod,"{'softlabel_mace': 0.083096702166911, 'subjectivity': 2.75, 'aggressiveness': 1.75, 'constructiveness': 4.0, 'sentiment': 'neutral', 'relamountRole': 0.5, 'countModFunctions': 6, 'annot_similarity_pre': 0.5362222, 'annot_similarity_post': 0.4718889, 'none': 1, 'social': 0, 'improveQuality': 0, 'organizing': 0, 'content': 0, 'broadening': 0, 'policing': 0, 'siteIssues': 0, 'offTopic': 0, 'agreeYes': 7, 'agreeNo': 0, 'opinionNotClear': 1, 'numAnnotators': 9, 'seedmodel': 'expert', 'flagged': 1}",False,"<TGT>&>>doesn't make your use of gay as a synonym for stupid any less homophobic. Sure it does. What are you, retarded? Homophobia is the extreme and irrational aversion to homosexuality. If he's not even thinking of a homosexual or homosexuality when he uses the word ""gay"", he simply isn't exhibiting homophobia. It's patently idiotic to claim that words themselves are capable of hatred. </TGT>","Positive: 2  
Negative: 4  
No Reinforcement: 3  

**Rationale"
964,17982190,FreedomOfExpression-101806,iq2-FreedomOfExpression-101806-35,iq2-FreedomOfExpression-101806-34,David Cesarani,0.0,True,0,False,"This is what Timothy Garton Ashe wrote recently in The Guardian. “We need to wake up to the seriousness of the danger”—the danger to freedom of speech, freedom of expression. “I repeat, this is one of the greatest challenges to freedom in our time. We need a debate about what the law should and should not allow to be said or written. Even Mill did not suggest that everyone should be allowed to say anything anytime anywhere. We also need a debate about what it’s prudent and wise to say in a globalized world where people of different cultures live so close together, like roommates separated only by a thin curtain. There is a frontier of prudence and wisdom which lies beyond the one that should be enforced by law.” We are, on this side of the house, advocating that you think about where that boundary of prudence and wisdom should lie. We’re not repealing the laws, we’re not passing them, we want you to reflect. Thank you. “Freedom of expression must include the license to offend”",iq2,,True,"<CTX>I don’t know if Abe Foxman is in this audience now, but he’s obviously a very powerful man. Just with the one of his voice he can have meetings canceled and freedom of expression curtailed. I think that is an abuse of power. I think that it is very dangerous that people can phone up organizations and have meetings canceled because they don’t like, not what the speaker is actually going to address, but other things that he has spoken about. Tony Judd has written some things about Israel that Abe didn’t like, so Abe phoned up the Polish consulate and said, do “Freedom of expression must include the license to offend” you really want to have that guy speak on your premises? Now, get real. You have constraints on freedom of expression in this great country. What we are asking you to do is to reflect with a little bit of humility on how you want those constraints to be exercised by the most powerful, the most ruthless, the ones with the biggest bank balances, the ones with the most votes.</CTX> <CTX>Or do you want to have a public debate about how you protect those who are weak, who are vulnerable, who are defenseless, who are marginal, and who are often abused in the mass media or in work settings, as Mari mentioned. I think the real choice is not whether you’re in favor of absolute freedom of speech or constraints on freedom of speech tonight. It’s whether you’re going to be realistic, or whether you’re going to be smug and hypocritical and walk out of this hall thinking this is the land of the free, land of the brave, no such things as restrictions on freedom of speech here, and we don’t want to be lectured about that by some limey. Whether you’re going to recite to yourselves happily, Milton, Locke, Mill!— without actually knowing very much about what Milton, Locke and Mill had to say about freedom of expression. For none of these men was freedom of expression a good in itself. It was always a means to an end.</CTX> <CTX>For Milton, who didn’t like Catholics, it was to expose the fallacies “Freedom of expression must include the license to offend” of Catholicism prior to crushing and eradicating them. For Locke, it was simply a means to good governments. For Mill, it was to advance education and truth. As soon as Mill considered the possibility of uneducated mass audiences, he panicked and resiled. He went back on everything that he’d said about unlimited freedom of speech. I’m going to read out what John Stuart Mill had to say. “Acts of whatever kind, which without justifiable cause do harm to others, may be—and, in the more important cases, absolutely require to be—controlled by the unfavorable sentiments and when needful by the active interference of mankind.” He included speech acts, and the notorious, wonderful example he gave is the folly of allowing a man in a time of famine to inveigh against grain dealers outside the home of a grain dealer before a public that is hungry, ill-educated, and not terribly reasonable. That unfortunately is the state of our society today. There are a lot of people who are unreasonable, who are ill- educated, who are angry about this and that, and there are plenty of people who want to stir the pot and who want to incite them. John Stuart Mill, who understood the perils of mass society, also understood that we are no longer conducting this discussion amongst a nice, homogeneous elite, but we are having to deal with huge numbers of people in divided, conflicted “Freedom of expression must include the license to offend” societies. I think—and I’m an optimist, unlike Philip Gourevitch—that we have it within our power, thinking and working together, to agree on what can and cannot be said, should and should not be said, to avoid conflict, to avoid people standing outside the homes of grain merchants, and inveighing against their business.</CTX> <TGT>This is what Timothy Garton Ashe wrote recently in The Guardian. “We need to wake up to the seriousness of the danger”—the danger to freedom of speech, freedom of expression. “I repeat, this is one of the greatest challenges to freedom in our time. We need a debate about what the law should and should not allow to be said or written. Even Mill did not suggest that everyone should be allowed to say anything anytime anywhere. We also need a debate about what it’s prudent and wise to say in a globalized world where people of different cultures live so close together, like roommates separated only by a thin curtain. There is a frontier of prudence and wisdom which lies beyond the one that should be enforced by law.” We are, on this side of the house, advocating that you think about where that boundary of prudence and wisdom should lie. We’re not repealing the laws, we’re not passing them, we want you to reflect. Thank you. “Freedom of expression must include the license to offend”</TGT>","Positive: 4  
Negative: 5  
No Reinforcement: 2"
792,17981979,102412%20taxes,iq2-102412%20taxes-215,iq2-102412%20taxes-214,Glenn Hubbard,0.0,True,0,False,"Now, if you want to tax, finance that, you mentioned that a healthy--",iq2,,False,"<CTX>Three quick points, first of all, again--</CTX> <CTX>You don’t have to be that quick. He was pretty--</CTX> <CTX>Yeah, well, what Art and I are arguing is to the extent that revenues come from faster growth from a reform system, we're fine for that. You keep moving the goalposts, but you're talking about marginal rates and not that. Second, there are significant real effects of raising taxes on business owners. There's a huge body of research out there. You might not like it, but it is there. And the third-- the question to you about your aspirations, again, Social Security and Medicare, these two programs are on track to rise 10 percentage points of GDP.</CTX> <TGT>Now, if you want to tax, finance that, you mentioned that a healthy--</TGT>","Positive: 2  
Negative: 3  
No Reinforcement: 2"
29,17978083,abb2ed36f3a387867a522bd2501aee9d,2_690,2_186,JJMurray,0.0,True,0,False,That's the problem with regulations like this.  There are so many reasons why a flight might be delayed and each of them has a great variance in how long it may take to resolve that issuing a blanket rule would cause as many problems as it solves.,ceri,,False,"<CTX>Such notifications are ""nice"" for relatively short delays (2 hours or less say). Often however they don;t know how long a flight will be delayed if it is a mechanical issue or if thunderstorms have caused a back up of landing/take-off traffic. The problem becomes more of ""in which situations is a notice required"" vice how long/early should they notify people. That isn't addressed here.
Bottom line, I think this idea needs a lot more consideration and thought before going forward.</CTX> <CTX>Welcome to regulation room and thanks for trying to discuss these difficult issues. 

How you try to address the issue of for which situations notice should be required?

Do others think that this a problematic area of the proposed regulation?</CTX> <TGT>That's the problem with regulations like this.  There are so many reasons why a flight might be delayed and each of them has a great variance in how long it may take to resolve that issuing a blanket rule would cause as many problems as it solves.</TGT>","Positive: 3  
Negative: 4  
No Reinforcement: 2"
628,715,655,fora-655-17,fora-655-16,28314,1.0,True,0,False,Perfect.,fora,"{'Express affirmation': 0, 'Specific invitation': 0, 'Provide example': 0, 'Open invitation': 0, 'Make connections': 0, 'Express appreciation': 0, 'Follow up question': 0}",False,"<CTX>I don't know if you said this, Erica, but if it's easier to type them if you're on your computer, that works, as well.</CTX> <CTX>Yeah, yeah. Some of them, we'll ask, you guys can put them in the chat, or you can just text a picture. When we get to that point, whatever is most comfortable for you to write it down or to type it, either way works. With all that being said, I just want to get a little bit of an introduction going. I'm going to have us go around, introduce ourselves. If you can tell us your name, the pronouns that you prefer, the neighborhood that you live in, and then something you're really good at. I'm Erica. My pronouns are she/her. I live in Carol Gardens, Brooklyn. I'm really good at telling the difference when my dog is going to pee versus when it's going to poop. Very different poses. Then, and I apologize if I mess up your names, but I'm going to go around in who I see next. Anara? Is that how you say your name?</CTX> <CTX>Yes, that's my name, Anara.</CTX> <TGT>Perfect.</TGT>","Positive: 3  
Negative: 1  
No Reinforcement: 4"
944,18014932,080915%20ISIS,iq2-080915%20ISIS-184,iq2-080915%20ISIS-183,Anne-Marie Slaughter,0.0,True,0,False,"So, we are-- you know, if it's a question of what do we do to end the civil war in Syria, I've got a whole another strategy. But what we're talking about here-- of course we're with you in terms of pushing the Iraqi government to be more inclusive. We're with you diplomatically. We're with you again on the digital strategy, which is a huge piece of ISIS. What we're saying, though, is-- what you're saying is we have to push them out of the territory they hold. And we are saying there is no way to actually do that that does not actually involve massive U.S. troops on the ground, and that we can talk about supporting others. We've been trying that for a long time. That's not going to get us there.",iq2,,False,"<CTX>And so, I think getting wrapped around the axle about how much military intervention are we talking about is a very important question. But the fundamental issue is what can and should we do to address those fundamental conditions, because if we don't address them, this threat will reach out and touch America.</CTX> <CTX>But do you really disagree with that statement?</CTX> <CTX>No. I mean, no-- there is-- I don't think there's anyone in this entire audience who has fought as hard as I have, over the past three years, to try to use force to bring the civil war in Syria to a political conclusion.</CTX> <TGT>So, we are-- you know, if it's a question of what do we do to end the civil war in Syria, I've got a whole another strategy. But what we're talking about here-- of course we're with you in terms of pushing the Iraqi government to be more inclusive. We're with you diplomatically. We're with you again on the digital strategy, which is a huge piece of ISIS. What we're saying, though, is-- what you're saying is we have to push them out of the territory they hold. And we are saying there is no way to actually do that that does not actually involve massive U.S. troops on the ground, and that we can talk about supporting others. We've been trying that for a long time. That's not going to get us there.</TGT>","Positive: 3  
Negative: 2  
No Reinforcement: 2"
572,35323,2929,fora-2929-79,fora-2929-78,50643,0.0,True,0,False,Yeah and pray for me.,fora,"{'Express affirmation': 0, 'Specific invitation': 0, 'Provide example': 0, 'Open invitation': 0, 'Make connections': 0, 'Express appreciation': 0, 'Follow up question': 0}",False,"<CTX>James? Okay.</CTX> <CTX>James, yeah. I hope [inaudible].</CTX> <CTX>Yeah, thanks James.</CTX> <TGT>Yeah and pray for me.</TGT>","Positive: 2  
Negative: 1  
No Reinforcement: 3"
907,17989580,021115%20American%20Decline,iq2-021115%20American%20Decline-129,iq2-021115%20American%20Decline-128,John Donvan,1.0,True,0,False,Chrystia Freeland.,iq2,,False,"<CTX>The Gini coefficient point. Joe said that that was after you take into account taxes and transfers. That's a little like saying it's a nice day except for the three feet of snow. The problem is if you include taxes and transfers this is moving very strongly in the direction of a government run society. So yes, with taxes and transfers. Without them, without them our Gini coefficient is worse than Mexico and when I grew up Mexico was a classic oligarchical society. But not taking into account taxes and transfers, we're actually worse than Mexico. That's something--</CTX> <CTX>You can’t argue both sides. Either you talk inequality or If inequality comes down by government action, isn't that what the welfare state is all about?</CTX> <CTX>No. Let me--</CTX> <TGT>Chrystia Freeland.</TGT>","Positive: 3  
Negative: 2  
No Reinforcement: 2

**Explanation:"
1080,40305,cm94x38,umod-cm94x38-0,,user-umod-cm94x38-0,0.0,True,0,False,"Licensing does nothing to increase safety adherence be it for motorists or cyclists. I have a motor vehicle license and that doesn't stop me from speeding, not signalling when switching lanes or doing any number of road violations. Also it shows is that at one time for somebody i drove in 100% accordance to the rules of the road. A license does not suddenly make somebody a good driver or operating of the vehicle upon receival of the license. As proof I see plenty of motorists driving in unsafe manners, ignoring the rules of the road and putting people into what could be said as dangerous situations. There are rules, laws in effect in most or many major American cities that require bicycles to stop at red lights, stop signs, use turn signaling, wear helmets and such. What is different is the ability to enforce such rules/laws of the road. The best way to improve safety is to educate all people who are operating modes of transportation on the street as to what is allowed, what is not allowed and to enforce those infractions not to hand out licenses. ",umod,"{'softlabel_mace': 0.0392863765560357, 'subjectivity': 3.111111111111111, 'aggressiveness': 1.5555555555555556, 'constructiveness': 3.555555555555556, 'sentiment': 'neutral', 'relamountRole': 0.7777777777777778, 'countModFunctions': 7, 'annot_similarity_pre': 0.47577778, 'annot_similarity_post': 0.3932222, 'none': 0, 'social': 0, 'improveQuality': 0, 'organizing': 0, 'content': 1, 'broadening': 1, 'policing': 0, 'siteIssues': 0, 'offTopic': 0, 'agreeYes': 3, 'agreeNo': 2, 'opinionNotClear': 4, 'numAnnotators': 9, 'seedmodel': 'expert', 'flagged': 0}",False,"<TGT>Licensing does nothing to increase safety adherence be it for motorists or cyclists. I have a motor vehicle license and that doesn't stop me from speeding, not signalling when switching lanes or doing any number of road violations. Also it shows is that at one time for somebody i drove in 100% accordance to the rules of the road. A license does not suddenly make somebody a good driver or operating of the vehicle upon receival of the license. As proof I see plenty of motorists driving in unsafe manners, ignoring the rules of the road and putting people into what could be said as dangerous situations. There are rules, laws in effect in most or many major American cities that require bicycles to stop at red lights, stop signs, use turn signaling, wear helmets and such. What is different is the ability to enforce such rules/laws of the road. The best way to improve safety is to educate all people who are operating modes of transportation on the street as to what is allowed, what is not allowed and to enforce those infractions not to hand out licenses. </TGT>","Positive: 2  
Negative: 4  
No Reinforcement: 3

**Rationale"
450,4267,731,fora-731-97,fora-731-96,28826,1.0,True,0,False,"No. It kind of ends this. We have the next conversation ... We're doing this every Tuesday. The next one is on career advancement. So, we'll be focusing about our experiences and having those career events, seeing opportunities, and then the one after is workplace culture, which Deanna you touched a little bit on it today as part of your experience. Yeah. I'm going to take a picture. We actually did really good, I think because we have less people than we planned. We went through all the questions.",fora,"{'Express affirmation': 0, 'Specific invitation': 0, 'Provide example': 0, 'Open invitation': 0, 'Make connections': 0, 'Express appreciation': 0, 'Follow up question': 0}",False,"<CTX>No, and I know that we can have COVID times, but we can have a virtual coffee.</CTX> <CTX>Yeah, there is also outside for a little bit. Not for very long. My contact information, if you want to reach me directly is ... I will coordinate with my PSSR behind the scenes working all the organizing. He gave us the warning that he's going to bring us into the big group, but feel free. Yeah, go ahead Alejandra.</CTX> <CTX>If we share contact information here, does it go back to the big group, and everybody has access to it? No.</CTX> <TGT>No. It kind of ends this. We have the next conversation ... We're doing this every Tuesday. The next one is on career advancement. So, we'll be focusing about our experiences and having those career events, seeing opportunities, and then the one after is workplace culture, which Deanna you touched a little bit on it today as part of your experience. Yeah. I'm going to take a picture. We actually did really good, I think because we have less people than we planned. We went through all the questions.</TGT>","Positive: 3  
Negative: 1  
No Reinforcement: 2"
1609,43610,372904898.57902.57904,wikitactics-372904898.57902.57904-6,wikitactics-372904898.57902.57904-5,Director,0.0,True,0,True,"I'm sure we'd all be glad to play the bad guys in your glorious crusade here, but I'm afraid Wikipedia is not the venue. You have been reverted, your edits are opposed, and you are engaged in a WP:EDIT WAR. In accordance with Wiki guidelines I am formally warning you to cease attempting to push your opposed edit via edit-warring, and achieve consensus on the talkpage via discussion prior to restoring any of it again.",wikitactics,,True,"<CTX>Croq, your ideological references and borderline personal attacks serve only to apparently satisfy you, other than that I cannot imagine any effect. Don't let me stop you though...</CTX> <CTX>Croq has now done exactly the same edit twice, even though it was reverted the first time.</CTX> <CTX>Croq changed in every edit some details. But you are reverting everytime without discussion. Same as it happened in Ex Yugoslavia when the communists tryed to establish their ""Yugoslav Language"". Really interesting POV pushing team here..</CTX> <TGT>I'm sure we'd all be glad to play the bad guys in your glorious crusade here, but I'm afraid Wikipedia is not the venue. You have been reverted, your edits are opposed, and you are engaged in a WP:EDIT WAR. In accordance with Wiki guidelines I am formally warning you to cease attempting to push your opposed edit via edit-warring, and achieve consensus on the talkpage via discussion prior to restoring any of it again.</TGT>","Positive: 2  
Negative: 4  
No Reinforcement: 1"
1290,18016323,102_25160_Grandmas_Benefits_Imperil_Juniors_Future.xlsx,whow-102_25160_Grandmas_Benefits_Imperil_Juniors_Future.xlsx-126,whow-102_25160_Grandmas_Benefits_Imperil_Juniors_Future.xlsx-125,f24df732049c9c3e7fc948198153779b,0.0,True,0,False,"Well, let me just say--",whow,"{'probing': False, 'confronting': False, 'instruction': False, 'interpretation': False, 'supplement': False, 'utility': False}",True,"<CTX>My name is Dan Tighe and I heard Governor Dean say that there was more than $2 trillion in the trust fund for Social Security, and Mr. Madrick say that there never was a trust fund, that it was always pay as you go. It seems that there's a fundamental disagreement between the two of you. Could you clarify which of the two statements is correct?</CTX> <CTX>Yeah, it's basically a technical issue. We've been collecting a lot more payroll taxes than we've had to pay out. That should be a surplus in the system, a trust fund, it's become IOUs from the federal government. People thought there should be a locked box, the federal government should never be able to spend that money. The federal government did spend that money and gave this trust fund debt. Is the federal government ever going to renege on that debt? If it reneges on that debt, it's going to renege on a whole lot of debt, and we have a much bigger problem-- we would have much bigger problems. So it's really just a technical issue.</CTX> <CTX>A rejoinder from this side?</CTX> <TGT>Well, let me just say--</TGT>","Positive: 3  
Negative: 2  
No Reinforcement: 2

**Explanation of"
1078,40884,cih3iaf,umod-cih3iaf-0,,user-umod-cih3iaf-0,0.0,True,0,False,Until he crashes and you lose your house because he doesn't have proper insurance.,umod,"{'softlabel_mace': 0.9999989745021712, 'subjectivity': 1.7, 'aggressiveness': 1.1, 'constructiveness': 4.6, 'sentiment': 'neutral', 'relamountRole': 1.0, 'countModFunctions': 6, 'annot_similarity_pre': 0.44950002, 'annot_similarity_post': 0.4532, 'none': 0, 'social': 0, 'improveQuality': 0, 'organizing': 0, 'content': 1, 'broadening': 0, 'policing': 0, 'siteIssues': 0, 'offTopic': 0, 'agreeYes': 7, 'agreeNo': 0, 'opinionNotClear': 3, 'numAnnotators': 10, 'seedmodel': 'GPT', 'flagged': 0}",True,<TGT>Until he crashes and you lose your house because he doesn't have proper insurance.</TGT>,"Positive: 1  
Negative: 5  
No Reinforcement: 0"
254,17978320,8c240d8c621438a9d86a4e38d69ff324,2_432,2_426,Moderator,1.0,True,0,False,"@Elle:  thank you for the website.
@Mulder:  thank your for your comment.  You seem to draw a distinction between reported food allergies and actual food allergies.  Do you have any knowledge of any study or paper that draws out the importance of such a d",ceri,,True,"<CTX>I have two children with potentially life threatening allergies to peanuts.   Unlike what one person commented, this is not a latest illness fad.  The latest research indicates that peanut allergy doubled in children from 1997 to 2002 and that number continues to increase.   It is one of the most deadly food allergies.  

The presence of nuts on planes is a real fear.  While my kids have other potentially deadly food allergies, peanuts pose a unique risk.  Nuts break into fine pieces with dust that can become airborne.    Peanut butter is sticky and gets wiped on seats and tray tables.     Even the slightest microscopic amount of nuts can create an anaphylactic reaction.  

Although EpiPens can help, they are not 100% effective and should not be considered a solution to the risk peanuts pose to allergic individuals on planes.  Additional steroids, Benadryl shots, oxygen and other medical intervention may be necessary to stop an anaphylactic reaction.    EpiPens may need to be administered every 15 to 30 minutes as well.  People still die even with intervention.

Please help protect people by offering people the opportunity to get peanut free flights or ban the sale and serving of nut products on the planes.    
</CTX> <CTX>Laura, could provide the community the information from which you state that between 1997 and 2002 the number of children with peanut allergies doubled? </CTX> <CTX>There is no scientific data to support the claim that food allergies have doubled during any time period, much less the one that's mentioned by Laura. If you read the NCHS Data Brief on the CDC web site, it specifically uses the term ""reported food allergy"", which isn't the same as an actual food allergy.

Parents report just about any adverse reaction to food as an allergy, but true allergies can only be confirmed by observing the patient after consuming the suspect food and testing for the presence of IgE antibodies. Without that, all you have are overanxious parents conflating two separate and distinct things into the same, potentially life-threatening thing.</CTX> <TGT>@Elle:  thank you for the website.
@Mulder:  thank your for your comment.  You seem to draw a distinction between reported food allergies and actual food allergies.  Do you have any knowledge of any study or paper that draws out the importance of such a d</TGT>","Positive: 4  
Negative: 2  
No Reinforcement: 2

**Rationale"
124,17978635,f33d6d53180f2ef1702d6a1293f30d55,2_1236,,sdm1146,0.0,True,0,False,"Code share fees should be based on the airline from whom I purchased the ticket - if I purchase a DL ticket but one segment is operated by AA (as used to be true from LAX to Monterey, CA), I should fly under Delta's rules, not American's.  

A ticket receipt should list any additional charges which might be incurred during the itinerary - seat reservations, baggage, snacks, pillows, etc - with a window to cancel without penalty (say 24 hours) after this is presented.  ",ceri,,False,"<TGT>Code share fees should be based on the airline from whom I purchased the ticket - if I purchase a DL ticket but one segment is operated by AA (as used to be true from LAX to Monterey, CA), I should fly under Delta's rules, not American's.  

A ticket receipt should list any additional charges which might be incurred during the itinerary - seat reservations, baggage, snacks, pillows, etc - with a window to cancel without penalty (say 24 hours) after this is presented.  </TGT>","Positive: 4  
Negative: 2  
No Reinforcement: 3

**Rationale"
1927,4738,658,fora-658-357,fora-658-356,28339,0.0,True,0,False,That was through HRA Trina?,fora,"{'Express affirmation': 0, 'Specific invitation': 0, 'Provide example': 0, 'Open invitation': 0, 'Make connections': 0, 'Express appreciation': 0, 'Follow up question': 0}",False,"<CTX>Right.</CTX> <CTX>Yeah, yeah. Is there any questions by the way that anybody has that has to do with something else somebody said or any specific questions that are tied to some of these words? Any questions that have been unanswered specifically around these words, an experience that maybe is happening presently or something that you're unsure about for the future or something quite frankly that's happened in the past and you still haven't gotten answers for.</CTX> <CTX>Yeah I had one in the past, I hadn't gotten an answer for. My rent, it had got paid all the way for all of us and I didn't have the money to pay for rent, and I owe like 831 by now. And I had got one of those rich financial checks that they send you, emergency check and I didn't get it and that was just last month. So I get a little up and down about it, but I'm trying to be stable about it because I didn't hear nothing yet but something supposed to be coming through so I really feel a little bit sad because usually I know it's good to keep up with a balance and stuff but that's recent but I had got something for the future, that's the present condition. But they did promise me I wouldn't get any notices, eviction notices or anything. So they were trying to help me, the COVID-19 you have a resource so that was getting into a program so they could get somebody off the rent on the rent, not to battling with me, worrying too much, putting pressure about my rent.</CTX> <TGT>That was through HRA Trina?</TGT>","Positive: 3  
Negative: 2  
No Reinforcement: 2

**Rationale"
251,17979281,bff5bbaa22099d0dc45defa6f3cb8c69,5_97,5_37,Moderator,1.0,True,0,False,"Hi sue, sorry I misunderstood your suggestion at first.  It sounds like you're suggesting that CFPB should regulate how servicers are allowed to decide which borrowers qualify for LMO's.  How, specifically, do you think the current practice should be changed?",ceri,,False,"<CTX>The law may not require lenders to offer modifiations but it certainly does require lenders to treat all similarly situated parties the same. The mortgage industry issued over 5 million NEGATIVE EQUITY modifications to avoid the investor losses proven by the mathematical result of a +NPV setting their own NEW PRECEDENT what is the new course of business. Every homeowner with a loan to value of 80% of greater is legally, ethically and morally entitled to a similar financial advantage, capitalism and the law.  _x000D_
For more information see the petition located at Unitedinprosperity.org</CTX> <TGT>Hi sue, sorry I misunderstood your suggestion at first.  It sounds like you're suggesting that CFPB should regulate how servicers are allowed to decide which borrowers qualify for LMO's.  How, specifically, do you think the current practice should be changed?</TGT>","Positive: 4  
Negative: 2  
No Reinforcement: 3

**Rationale"
585,16269,923,fora-923-52,fora-923-51,30127,0.0,True,0,False,"So I have lived in a lot of different places in the last five years like DC, Austin, Texas, Lansing, Michigan and my husband and I moved here last November. So November, not this most recent November, but the November before that so just over a year here. And this is the place that we're ready to call home after moving around. And it's for a lot of the reasons that Janette highlights of the friendliest and community that we feel here. Like there's definitely a distinct pride, but having lived somewhere like Austin, it's not a forceful pride. Like in Austin, Texas, you go there and they're like, ""Welcome to Austin, please don't move here."" They literally have bumper stickers like that.",fora,"{'Express affirmation': 0, 'Specific invitation': 0, 'Provide example': 0, 'Open invitation': 0, 'Make connections': 0, 'Express appreciation': 0, 'Follow up question': 0}",True,"<CTX>Sure. I definitely can. How about you Janette? What do you appreciate about Dane County and share a story from your experience that may help us get a picture of that?</CTX> <CTX>What I appreciate about Dane County and Madison specifically is that I'm originally from Chicago. So I came here to go to Edgewood College and people were so welcoming, friendly and want to help, being able to want to help you whereas... I came from Chicago where people really don't go out of their way to help you. You have to have a different mindset. When you're in Chicago versus when I'm here. When I'm here I can be more carefree spirit. And I like that we have a lot of community activities and ways that people can connect with each other.</CTX> <CTX>Awesome. Thank you for that. How about you, Katie?</CTX> <TGT>So I have lived in a lot of different places in the last five years like DC, Austin, Texas, Lansing, Michigan and my husband and I moved here last November. So November, not this most recent November, but the November before that so just over a year here. And this is the place that we're ready to call home after moving around. And it's for a lot of the reasons that Janette highlights of the friendliest and community that we feel here. Like there's definitely a distinct pride, but having lived somewhere like Austin, it's not a forceful pride. Like in Austin, Texas, you go there and they're like, ""Welcome to Austin, please don't move here."" They literally have bumper stickers like that.</TGT>","Positive: 4  
Negative: 0  
No Reinforcement: 1"
1568,45207,404667899.8390.8390,wikitactics-404667899.8390.8390-17,wikitactics-404667899.8390.8390-16,Scott MacDonald,0.0,True,0,True,"You have demonstrated that an American slang term is occasionally used in other contexts. Congratulations, that is true of most American slang terms. To draw an inference from that is original research. We don't ""demonstrate"" hypotheses in Wikipedia - no matter how obvious they may seem to you. We document what the sources say. No more, no less.",wikitactics,,False,"<CTX>No it's not. It's proof that it as been used on those few occasions, that's all. It does not prove that it is an international term at all.</CTX> <CTX>But therein lies the point though Scott.  You have tens of thousands of people from England, Australia, New Zealand, India, and Canada joining various face book groups dedicated to Brats.  You have several organizations from Canada, Australia, New Zealand, etc that date back to the 1990's that use the term brat in reference to children of military personell.  You have various media outlets and (especially in the case of Canada) governmental agencies using the term to reference brats.  You have international scholars (albeit not many) who use the term.  The very existence of The Australian and New Zealand Brats of Singapore which has been in existence since 2001 and had annual reunions since 2003 shows that this term is international.  As does the Canadian Air Force Brat Association which started its website in 1996 and claims over 10K members.  You have similar terms (pad brats and scale-e brats) that have no American antecendent, but are used elsewhere to describe military brats.</CTX> <CTX>The existence of the term and usage around the globe can't be disputed; it is fact and easily discernable.  You do not need a source that says, ""This term is used internationally"" when you can show sources that prove it.  Frankly what you are asking for is absurd and not necessary.  What you are saying is, ""I need a source that says, 'military brat is a term used in canada.'""  When provided with multiple sources showing that the term is used in Canada, you are saying, ""No no, the fact that the term is used in Canada isn't enough, I need a source that says it is used.""  That's ridiculous.-'''''' ''''</CTX> <TGT>You have demonstrated that an American slang term is occasionally used in other contexts. Congratulations, that is true of most American slang terms. To draw an inference from that is original research. We don't ""demonstrate"" hypotheses in Wikipedia - no matter how obvious they may seem to you. We document what the sources say. No more, no less.</TGT>","Positive: 3  
Negative: 4  
No Reinforcement: 2"
824,18015085,internet-politics,iq2-internet-politics-35,iq2-internet-politics-34,Siva Vaidhyanathan,0.0,True,0,False,"And all of those are even more different from the experiences of people in Brazil, in Russia or the United States. And we're talking about more than censorship, although, in many of those countries, online censorship is a serious and crippling issue. We're also talking about platforms, the platforms that people use, the platforms that governments will let people use. The rise of kill switches is something we have to take into account as well. Kill switches that we saw a year ago in Egypt to wipe out internet communication in an instant, we've seen experiments in kill switches in China in early 2012, and we've seen people like Senator Lieberman even propose them in the United States. Internet technologies amplify so much of what we already are and what we already want. And the fact is, we're pretty provincial animals. So add the internet to it, we just double down.",iq2,,False,"<CTX>And those filters broaden my perspective. Twitter is a serendipity engine. Finally, I don't think you need to look at all these studies or understand algorithms to make up your mind about tonight's motion. All you have to do is ask yourself a pretty simple question: Has the web narrowed my mind? Has it made me less tolerant of people I disagree with and less interested in what they have today to say? Or has it exposed me to a broader range of voices, sources and ideas than we all used to get when we relied on a consensus oriented mainstream media for all our information? Unless you're convinced that the web makes you narrower, you should vote against tonight's motion.</CTX> <CTX>Thank you, Jacob Weisberg. A reminder of what's going on. We are halfway through the opening round of this Intelligence Squared U.S. debate. I'm John Donvan. We have four debaters, two teams of two fighting it out over this motion, ""When it comes to politics, the internet is closing our minds.""We have heard the first opening statements, and now onto the third. Debating for the motion, the author of ""The Googlization of Everything and Why We Should Worry,"" chair of the University of Virginia's Department of Media Studies. He's been called ""Google's gadfly,"" Siva Vaidhyanathan.</CTX> <CTX>Thank you. So the internet has so narrowed my mind that I didn't hear a word Jacob said. So in these brief comments, I will explain what Eli and I mean by the internet as invoked in the resolution and what we mean by politics. And I'm going to convince you to support the resolution. First, try to remember 1999, the days of AOL, the days of Prodigy, the apex of our long national nightmare of peace and prosperity. In 1999, Thomas Friedman wrote these words: ""the internet is going to be like a huge vise. It's going to keep tightening and tightening that system”--meaning the system of globalization-- ""around everyone in ways that will only make the world smaller, smaller and faster and faster.""Well, Thomas Friedman could not have been more wrong. He's been exactly that wrong many times, but never more wrong. Now, in 2012, it's clear that there is no such thing as ""The Internet,” capital T, capital I as Friedman and others so often described in the 1990s. There is no equalizing force, great democratizing force, there is no global network of networks that unites us all and gives us all equal voice to interact with each other across borders and across classes, for that matter. In fact, the alleged network of networks is, in 2012, balkanized, nationalized, compromised, anesthetized, supervised, circumcised and hypnotized. It's far from global, and it's getting less so every day. The online experience of a person sitting in Turkey is so different from the online experience of someone sitting in India and so different from the online experience of someone sitting in Iran or someone sitting in China.</CTX> <TGT>And all of those are even more different from the experiences of people in Brazil, in Russia or the United States. And we're talking about more than censorship, although, in many of those countries, online censorship is a serious and crippling issue. We're also talking about platforms, the platforms that people use, the platforms that governments will let people use. The rise of kill switches is something we have to take into account as well. Kill switches that we saw a year ago in Egypt to wipe out internet communication in an instant, we've seen experiments in kill switches in China in early 2012, and we've seen people like Senator Lieberman even propose them in the United States. Internet technologies amplify so much of what we already are and what we already want. And the fact is, we're pretty provincial animals. So add the internet to it, we just double down.</TGT>","Positive: 4  
Negative: 2  
No Reinforcement: 3

**Rationale"
507,9783,686,fora-686-81,fora-686-80,28524,1.0,True,0,False,"But, specifically Obama and I just think listening to him call for a better America, a better narrative of what America can be. It was just good to hear it. So, honestly that's not a political statement. Obama, Clinton, and Bush were there and I thought that was great. I think it was just good to remember a better narrative.",fora,"{'Express affirmation': 0, 'Specific invitation': 0, 'Provide example': 0, 'Open invitation': 0, 'Make connections': 0, 'Express appreciation': 0, 'Follow up question': 0}",True,"<CTX>Yeah, I definitely agree with that about all the teen activists who are out there, the young activists who are out there like, the artist we're talking to this week, Dakota [Surname], who's a young black woman out there painting on the street for Black Lives Matter. Her Instagram is full of art and activism. She's really cool. But, people are making their voices heard that way. My daughter is a theater kid and so, seeing all the Tik Tok'ers messing with stuff and just using what could be a throw away social media platform, but it's causing good trouble. I think its the kind of thing that John Lewis would be proud of. And, just seeing the kids creatively making themselves heard. I'm the kid of hippies, so it's not my mom going in her VW Beetle and sitting in somewhere. This is social media savvy, it's technology, it's getting in and messing with algorithms. It's just really cool to see and it's inspiring to see generation after generation. The work isn't done. The work should be done, it's been 400 years, but the fact that every generation takes up the mantle of trying to make things right, I think is really inspiring to me.</CTX> <CTX>Okay. Yeah, I'll say the one thing that has given me recent hope was obviously watching some of John Lewis funeral and his eulogies, having most of the living presidents comment on him and speak so highly of his work. And yeah, I had to put an asterisks there.</CTX> <CTX>I don't know.</CTX> <TGT>But, specifically Obama and I just think listening to him call for a better America, a better narrative of what America can be. It was just good to hear it. So, honestly that's not a political statement. Obama, Clinton, and Bush were there and I thought that was great. I think it was just good to remember a better narrative.</TGT>","Positive: 4  
Negative: 1  
No Reinforcement: 2"
889,18006250,101813%20red%20state,iq2-101813%20red%20state-223,iq2-101813%20red%20state-222,John Donvan,1.0,True,0,False,"Steven Moore, do you want to take it on or move on to--",iq2,,False,"<CTX>Okay, I want to take-- I’ve let this side answer two speakers in a row. You can have two speakers in a row if you want but I’m interested in your answer to the same question. Is California an example of a state that’s very, very-- it’s great if you’re rich and it’s not so great if you’re not? Hugh Hewitt.</CTX> <CTX>Absolutely it is, the agony of the urban core in California is pronounced. That agony is everywhere in every urban setting but it is more pronounced in the super cities.</CTX> <CTX>I’ve spent Thursday morning last with Father Gregory Boyle who has been running Homeboy Industries in south central Los Angeles for 24 years I believe. He’s buried 183 gang kids over the course of his ministry. It is a tough, tough place to be poor, it is a wonderful place to be rich.</CTX> <TGT>Steven Moore, do you want to take it on or move on to--</TGT>","Positive: 3  
Negative: 2  
No Reinforcement: 2

**Rationale"
70,17977819,abb2ed36f3a387867a522bd2501aee9d,2_946,2_941,darawayne,0.0,True,0,False,Don't forget the obvious reasons they don't do better; no enlightened effective regulation; executive compensation; union rules; airport and FAA inefficiencies; monopoly status (no other way to get there quickly); ultimately the bottom line (quest for profitability - short-term vs long-range thinking).,ceri,,False,"<CTX>Aren't we spending too much time debating what airlines should be doing when things go wrong, and spend some time figuring out how to avoid things going wrong? Why is it that congested European airports don't have the same tarmac delays that US airports have? What about Japan or Canada or ...? Not saying the Europeans or the Japanese or the Canadians have a magic solution, but what are they doing differently so they avoid the horrors of US airports?

</CTX> <TGT>Don't forget the obvious reasons they don't do better; no enlightened effective regulation; executive compensation; union rules; airport and FAA inefficiencies; monopoly status (no other way to get there quickly); ultimately the bottom line (quest for profitability - short-term vs long-range thinking).</TGT>","Positive: 4  
Negative: 3  
No Reinforcement: 2"
1608,45728,837739568.71855.71855,wikitactics-837739568.71855.71855-8,wikitactics-837739568.71855.71855-7,Beyond My Ken,0.0,True,0,True,"Please provide the sources which give the current understanding of the meaning of ""Aryan"".",wikitactics,,True,"<CTX>However, see Witzel (2016) (p. 3f.), who stresses that Old Indo-Aryan (Sanskrit) ''Ārya-'' (like Proto-Iranian ''*arya-'') is primarily a self-designation and the meaning ""noble"" appeared only in the post-Vedic, Middle Indo-Aryan period.</CTX> <CTX>The ""noble"" derivation is cited to the Oxford English Dictionary, which is a reasonably ""high quality"" source.  Your claim above sounds reasonable, which is why I included it in the lede, but it needs to be cited. If contemporary scholars are in agreement that it doesn't mean ""noble"", then you should have no trouble coming up with sources (Author, Title, Publisher, Page number, at the very least).  You do, after all, have an M.A. in Indo-European languages so, source it! NBD.</CTX> <CTX>I am in full agreement with Florian. These historical terms have had different meanings at different times. Dictionaries are not necessarily the best sources to get to the bottom of their meanings. Oxford English Dictionary, Encyclopedia Britannica and whole host of British sources still depend on colonial scholarship, which we don't consider to be reliable as per WP:HISTRS. The English meaning of Aryan has nothing to do with ""noble"". So it would be misleading to suggest that.</CTX> <TGT>Please provide the sources which give the current understanding of the meaning of ""Aryan"".</TGT>","Positive: 4  
Negative: 2  
No Reinforcement: 1

**Rationale"
1532,18024832,43_10924_Two_Cheers_for_Super_PACs:_Money_in_Politics_is_Still_Overregulated.xlsx,whow-43_10924_Two_Cheers_for_Super_PACs:_Money_in_Politics_is_Still_Overregulated.xlsx-12,whow-43_10924_Two_Cheers_for_Super_PACs:_Money_in_Politics_is_Still_Overregulated.xlsx-11,fadd5a3380d471f05d73d44e5a901f0c,0.0,True,0,False,"So maybe just very quickly first, without getting-- I think we could get into a very technical debate. But issue advertising is not disclosed. There's a lot of that going on this summer. It doesn't flow through independent expenditure committees, and so it doesn't get disclosed. So in the aggregate, we actually don't know the answer. So I don't think we want to get bogged down on that. I think one of the things we should think about here is the definition of corruption in the first instance. And because we're not only talking about buying a vote, that there's actually a deal that says, I'm going to hand you this money, and you're going to vote this way. We're talking about, A, that does-- that is an issue that can be prosecuted. It doesn't happen--",whow,"{'probing': False, 'confronting': False, 'instruction': False, 'interpretation': False, 'supplement': False, 'utility': False}",False,"<CTX>So the side arguing against the--</CTX> <CTX>Perfectly legal though.</CTX> <CTX>Your opponents are saying that there is no evidence that in fact politicians will be influenced in office by contributions from donors as they were running for office. Jonathan Soros or Trevor Potter, do you want to take that on?</CTX> <TGT>So maybe just very quickly first, without getting-- I think we could get into a very technical debate. But issue advertising is not disclosed. There's a lot of that going on this summer. It doesn't flow through independent expenditure committees, and so it doesn't get disclosed. So in the aggregate, we actually don't know the answer. So I don't think we want to get bogged down on that. I think one of the things we should think about here is the definition of corruption in the first instance. And because we're not only talking about buying a vote, that there's actually a deal that says, I'm going to hand you this money, and you're going to vote this way. We're talking about, A, that does-- that is an issue that can be prosecuted. It doesn't happen--</TGT>","Positive: 3  
Negative: 2  
No Reinforcement: 2"
247,17978587,8c240d8c621438a9d86a4e38d69ff324,2_750,,RAPT8I8,0.0,True,0,False,"My husband and I have always been big air travelers.  3 yrs ago we found out that my son (a year old at the time) had a peanut allergy.  After blood tests confirmed the allergy, we took steps to make air travel ""safer"".  Some flights were still taken without many problems while others were the cause of us no longer flying together as a family or taking cross country trips.  Another commenter mentioned how SWA gave them a ""peanut free"" flight after they told people they had an allergy.  While this is a nice idea, it's not really possible.  Even if peanuts aren't served on that flight, they have been served on that plane already.  After telling 3 different people that our child was SEVERELY allergic, the ground 'near' us had peanuts all over it and sent my son into an asthmatic reaction.  Thankfully he did not at the time go into full anaphylactic shock, but since then his IGA levels in his blood have continued to go up.  This means it is very likely that he would have a more severe reaction to exposure the next time.  We stopped flying about a year and a half ago.  I think it is reasonable to say that if the food you are eating in an enclosed space with recycled air is going to kill a child, you can fore-go eating it for a few hours.   And as for the argument of ""perfume"" being comparable, which if actually researched is very  different, I do fore-go wearing perfumes on flights as well for that reason.  Not a big deal to skip on it so the person near  me can breath.  
I just want to be able to take my family on airplanes without fearing for my child's life.  I appreciate that this is being considered and taken so seriously by the DOT!",ceri,,False,"<TGT>My husband and I have always been big air travelers.  3 yrs ago we found out that my son (a year old at the time) had a peanut allergy.  After blood tests confirmed the allergy, we took steps to make air travel ""safer"".  Some flights were still taken without many problems while others were the cause of us no longer flying together as a family or taking cross country trips.  Another commenter mentioned how SWA gave them a ""peanut free"" flight after they told people they had an allergy.  While this is a nice idea, it's not really possible.  Even if peanuts aren't served on that flight, they have been served on that plane already.  After telling 3 different people that our child was SEVERELY allergic, the ground 'near' us had peanuts all over it and sent my son into an asthmatic reaction.  Thankfully he did not at the time go into full anaphylactic shock, but since then his IGA levels in his blood have continued to go up.  This means it is very likely that he would have a more severe reaction to exposure the next time.  We stopped flying about a year and a half ago.  I think it is reasonable to say that if the food you are eating in an enclosed space with recycled air is going to kill a child, you can fore-go eating it for a few hours.   And as for the argument of ""perfume"" being comparable, which if actually researched is very  different, I do fore-go wearing perfumes on flights as well for that reason.  Not a big deal to skip on it so the person near  me can breath.  
I just want to be able to take my family on airplanes without fearing for my child's life.  I appreciate that this is being considered and taken so seriously by the DOT!</TGT>","Positive: 4  
Negative: 2  
No Reinforcement: 3"
1450,18021251,29_6860_Science_Refutes_God.xlsx,whow-29_6860_Science_Refutes_God.xlsx-254,whow-29_6860_Science_Refutes_God.xlsx-253,4971d61ddd4dbd1a74b728d1be39216a,0.0,True,0,False,"--It comes straight out of Christianity, the principles of the just war that guide the knowledge of how we act today.",whow,"{'probing': False, 'confronting': False, 'instruction': False, 'interpretation': False, 'supplement': False, 'utility': False}",True,"<CTX>Yeah, so the last 500 years. And I just want to make one comment on that. If you said-- just as an example, if you think about the Reformation; the Reformation probably brought about the biggest transformation of human learning, knowledge, of the entire recorded history. And what caused the Reformation? Well, I guess Luther. Oh, what was Luther? Hmm, a theologian.</CTX> <CTX>And I can add to this. So right now, when we deal with war, all western war is conducted according to the principles of the just war. That's why, for example, after 9/11, when America was bombing Taliban targets, we were dropping food to feed civilians on the enemy side. Now, where does the idea that you can kill combatants but not civilians come from? Did science teach us that? Nonsense.</CTX> <CTX>Question</CTX> <TGT>--It comes straight out of Christianity, the principles of the just war that guide the knowledge of how we act today.</TGT>","Positive: 3  
Negative: 4  
No Reinforcement: 2"
212,17979630,75727dd048222c48c60c93b667bd993c,6_478,,tommc4,0.0,True,0,False,"The current rules seem adequate, with the possible exception that debt collectors must be required to follow the rule, or risk a loss of the suit due to jurisdictional issues.",ceri,,False,"<TGT>The current rules seem adequate, with the possible exception that debt collectors must be required to follow the rule, or risk a loss of the suit due to jurisdictional issues.</TGT>","Positive: 2  
Negative: 3  
No Reinforcement: 3  

**Explanation:**"
909,17988156,060215%20Same-Sex%20Marriage,iq2-060215%20Same-Sex%20Marriage-37,iq2-060215%20Same-Sex%20Marriage-36,John Donvan,1.0,True,0,False,--who is your partner?,iq2,,False,"<CTX>Well, I do hope that the Supreme Court will allow Freedom to Marry to close its doors, having achieved its mission. But neither my temperament nor my finances will really allow for retirement. So, hopefully there-- and fortunately, there are many other good causes to plunge into.</CTX> <CTX>All right. Well, we're glad to have you on our stage, and we want to know--</CTX> <CTX>Thank you.</CTX> <TGT>--who is your partner?</TGT>","Positive: 2  
Negative: 1  
No Reinforcement: 3"
1741,43745,390648238.35745.35745,wikitactics-390648238.35745.35745-6,wikitactics-390648238.35745.35745-5,Emptyviewers,0.0,True,0,True,"I strongly agree with the user above. The very mention that it is referred to as ""denial"" means that they are refusing to admit to it. There are plenty of better names of it that are far more neutral.",wikitactics,,False,"<CTX>I have moved the article to a more neutral sounding title, and I have also tagged it for neutrality...</CTX> <CTX>That was an obviously controversial move. Such moves must be discussed ''before'' they are done. See WP:RM. Since this is a generally very contentious area I will immediately escalate this to WP:ANI so that an admin can revert your move before you start a discussion – if you still feel like it, that is.</CTX> <CTX>I guess I didn't realize it was so controversial to adhere to WP:NPOV! Why the need to keep this article from being improved productively? Right now it seems that editors from both sides of the topic are locked out of the picture and that the article is written from a largely one-sided view.</CTX> <TGT>I strongly agree with the user above. The very mention that it is referred to as ""denial"" means that they are refusing to admit to it. There are plenty of better names of it that are far more neutral.</TGT>","Positive: 2  
Negative: 5  
No Reinforcement: 1"
1244,18017909,13_3141_Tough_Interrogation_of_Terror_Suspects_is_Necessary.xlsx,whow-13_3141_Tough_Interrogation_of_Terror_Suspects_is_Necessary.xlsx-154,whow-13_3141_Tough_Interrogation_of_Terror_Suspects_is_Necessary.xlsx-153,7e822c8b1ed0aae254c56cd4ce93a71f,0.0,True,0,False,"I’ll direct this to Rick. Rick…what is the best way, to get quality, actionable intelligence to protect this audience.",whow,"{'probing': False, 'confronting': False, 'instruction': False, 'interpretation': False, 'supplement': False, 'utility': False}",False,"<CTX>Jack Cloonan—</CTX> <CTX>It sounds to me like—</CTX> <CTX>—Jack Cloonan, please direct the next question, to—</CTX> <TGT>I’ll direct this to Rick. Rick…what is the best way, to get quality, actionable intelligence to protect this audience.</TGT>","Positive: 3  
Negative: 1  
No Reinforcement: 2

**Explanation:**"
1696,42650,650500396.5864.5864,wikitactics-650500396.5864.5864-10,wikitactics-650500396.5864.5864-9,Kingsindian,0.0,True,0,True,"The question of whether Getty is to be described as ""revisionist"" in the lead.  Firstly, several sources cited above (this) and this) refer to Getty's ""revisionist"" work, not Getty as a ""revisionist historian"" (several do say the latter). Secondly, do most of the scholarly sources describe him as ""revisionist""? That has not been argued, let alone shown. Thirdly, a description can be accurate without being the primary or even useful descriptor. Niall Ferguson is conservative, Robert Conquest was anti-Communist, E. H. Carr was leftist somewhat sympathetic to communism: none of them are described with a descriptor. Eric Hobsbawm is indeed described as Marxist, so there's that on the other side. The question is: what does the insertion of the label ""revisionist"" add except giving a faint aura of ""not mainstream""? I am removing it for now since I do not think WP:ONUS is satisfied.   ",wikitactics,,True,"<CTX>American Neocon publications  (''weekly standard'' and to a lesser extent ''world affairs'') are not sufficient to label a living person as ""Stalin apologist"". Clearly, Soviet studies are a politicized field due to the Cold War, so it's not surprising to see some axe-grinding and insults in print. It is therefore easy to cherry pick the most ''extreme'' attacks on Getty and make an article out of them, ignoring what Getty actually wrote and ignoring the hundreds of academic sources that take his work seriously. This article basically likens him to David Irving and that's absolutely insane.</CTX> <CTX>Having read through my old history notes again, Getty doesn't say that Stalin isnt to blame and has no responsibility. He instead says that he is rejected a ""Great men"" style of history and instead focusing on the structural causes of the Great Terror within society and the state (letter to the editors of Kritika 5:1), and that the style of Marxist ideology of the Soviet Union required the creation of paranoid conspiracies in response to failuire (Road to Terror, written with Naumov). The style this article is written however does seem to imply that he's a dodgy Stalin lover. In particular the way the Kirov question was put right after the thing about Irving to equate the question of who was responsible for Kirov's assassination (by no means a solved question) to Holocaust denial. The praise Getty's later work has received from people who are undeniably 100% anti-Stalinist such as Roy Medvedev, make the weighting of this article very biased. Also on a more negative note, Getty pre-archival numbers for victims of the purges were notoriously low, so if there's anywhere it's right for the article to be more negative it's there. With regards to the revisionism label, would it help if I include a link to historical revisionism in the lede? Getty is basically one of the most well known historians of the Soviet Revisionist school, so to leave out the fact that he is a Revisionist from the lede would be a grave omission.</CTX> <CTX>The lede is fine for now, although I still think its a good idea to remove ""revisionist"" from the lede definition, if not necessarily the lead section. I would not be surprised at all if Getty's numbers from the 1980's were notoriously low, but I've searched his landmark ''Origins'' and found no estimates of any kind there. The only citable secondary source I found on this is Haynes & Kler's Denial'', a book devoted to smoking out academics perceived as soft on Communism. If Getty ever put out a low estimate, I am sure they'd be all over it:
'In Denial'' is a one of the more worthwhile citations in the article (unlike World Affairs and Conquest's letters to the editor), though it needs to be cited a little more accurately and not in Wikipedia's voice. Quotes from Getty on this issue would be helpful too. On the other hand, Getty ''repeatedly'' cites Khrushchev's claim about Stalin signing several hundreds lists of victims, so I am not sure how far H&K;'s allegation that Getty saw stalin as a ""moderate"" who was not responsible for much repression can be taken.</CTX> <TGT>The question of whether Getty is to be described as ""revisionist"" in the lead.  Firstly, several sources cited above (this) and this) refer to Getty's ""revisionist"" work, not Getty as a ""revisionist historian"" (several do say the latter). Secondly, do most of the scholarly sources describe him as ""revisionist""? That has not been argued, let alone shown. Thirdly, a description can be accurate without being the primary or even useful descriptor. Niall Ferguson is conservative, Robert Conquest was anti-Communist, E. H. Carr was leftist somewhat sympathetic to communism: none of them are described with a descriptor. Eric Hobsbawm is indeed described as Marxist, so there's that on the other side. The question is: what does the insertion of the label ""revisionist"" add except giving a faint aura of ""not mainstream""? I am removing it for now since I do not think WP:ONUS is satisfied.   </TGT>","Positive: 2  
Negative: 4  
No Reinforcement: 3

**Rationale"
1182,40817,c9bbfsm,umod-c9bbfsm-0,,user-umod-c9bbfsm-0,0.0,True,0,False,"lets go back to point (a): life has positive value. Some people will say that every person has somebody who likes them, every person has others that he can help, every person contributes to the future of humanity, which are all true. But I don't want to be just ""other-centric."" Every person's actions, even if it is being lazy and watching TV on the couch is a ""revealed preference"" of enjoying living despite any problems. However, if you don't want to have kids because you might not be able to give them a great life, it's ok to feel that way. It's also ok to feel upset that some people might have had children a bit too early and didn't give the best ""possible"" life. However the question is, given that we value people, is where do we go from here? ",umod,"{'softlabel_mace': 0.9959309303035192, 'subjectivity': 4.6, 'aggressiveness': 2.0, 'constructiveness': 2.6, 'sentiment': 'negative', 'relamountRole': 1.0, 'countModFunctions': 4, 'annot_similarity_pre': 0.44950002, 'annot_similarity_post': 0.4532, 'none': 0, 'social': 0, 'improveQuality': 0, 'organizing': 0, 'content': 0, 'broadening': 0, 'policing': 0, 'siteIssues': 0, 'offTopic': 0, 'agreeYes': 0, 'agreeNo': 10, 'opinionNotClear': 0, 'numAnnotators': 10, 'seedmodel': 'expert', 'flagged': 0}",False,"<TGT>lets go back to point (a): life has positive value. Some people will say that every person has somebody who likes them, every person has others that he can help, every person contributes to the future of humanity, which are all true. But I don't want to be just ""other-centric."" Every person's actions, even if it is being lazy and watching TV on the couch is a ""revealed preference"" of enjoying living despite any problems. However, if you don't want to have kids because you might not be able to give them a great life, it's ok to feel that way. It's also ok to feel upset that some people might have had children a bit too early and didn't give the best ""possible"" life. However the question is, given that we value people, is where do we go from here? </TGT>","Positive: 4  
Negative: 2  
No Reinforcement: 3

**Rationale"
361,27964,656,fora-656-49,fora-656-48,28324,0.0,True,0,False,"Sure, yeah. I mean, I'm certainly not here in my official capacity, but I am happy to share. I work for the City's Housing Department, HPD. I am a Public Policy Analyst by training. I'm a Director of the agency's Policy Development Team.",fora,"{'Express affirmation': 0, 'Specific invitation': 0, 'Provide example': 0, 'Open invitation': 0, 'Make connections': 0, 'Express appreciation': 0, 'Follow up question': 0}",True,"<CTX>Okay, interesting.</CTX> <CTX>I also work in housing but not for the City's, so in good company, I guess.</CTX> <CTX>Got it. Would either feel comfortable sharing a little bit more about some of what you do in that world?</CTX> <TGT>Sure, yeah. I mean, I'm certainly not here in my official capacity, but I am happy to share. I work for the City's Housing Department, HPD. I am a Public Policy Analyst by training. I'm a Director of the agency's Policy Development Team.</TGT>","Positive: 3  
Negative: 1  
No Reinforcement: 2"
1473,18037919,_Clintons_Name_In_Nomination_at_DNC.xlsx,whow-_Clintons_Name_In_Nomination_at_DNC.xlsx-5,whow-_Clintons_Name_In_Nomination_at_DNC.xlsx-4,4fd301b8fffee2d787540004519d49c7,0.0,True,0,False,Thank you for having us.,whow,"{'probing': False, 'confronting': False, 'instruction': False, 'interpretation': False, 'supplement': False, 'utility': False}",False,"<CTX>(Soundbite of music)</CTX> <CTX>From NPR News, this is News & Notes. I am Farai Chideya. And she's back. Hillary Clinton will be put into nomination at the Democratic convention this year. Plus, Secretary of State Condoleezza Rice calls for all Russian troops to leave Georgia immediately. And a new census report says that whites in the U.S. will be a minority by the year 2042.</CTX> <CTX>For more on these and other stories, we have Clarence Page, nationally-syndicated columnist for the Chicago Tribune, and David Ellison, a reporter and columnist for the Houston Chronicle. Gentlemen, thanks for coming on.</CTX> <TGT>Thank you for having us.</TGT>","Positive: 2  
Negative: 1  
No Reinforcement: 3"
678,17987220,mainstream-media,iq2-mainstream-media-40,iq2-mainstream-media-39,Jim Vandehei,0.0,True,0,False,"You have Propublica, a not-for-profit organization run by Paul Steiger who I used to work with at the Wall Street Journal, and the Center for Public Integrity, doing some accountability reporting and making that available to readers throughout the country. You have the Kaiser Foundation…which has stepped in and has started to produce non-partisan news about the health care debate, a lot of it about the human element of it, they have 20 reporters, that stuff’s available to any newspaper that wants to run it, so for people who care, there’s more information than ever, and it’s coming mostly from new media. You’re also going to hear about the demise of foreign coverage. And I think that’s a serious problem. But we didn’t start this fire. It was dying before new media ever came along, it’s really expensive to do foreign coverage. And guess who is actually creating that bridge until we can figure out how to finance it.",iq2,,False,"<CTX>And I can tell you there’s probably a lot of businessmen and women in the audience because this is New York. And I think, I think your stomach would be turned if you went into some newspapers to see how they’re run, because they had profits that were so high for so long, an almost like not-for-profit mentality took on and there became distance between the institutions that were covering the news and the readers. And I think that, it led to a real disconnect between what institutions were producing and what readers wanted, and I saw this all the time when I was at those institutions, and when I was there three years ago at the Washington Post… and I include myself in that, I saw online, I saw the Web as a nuisance, I wanted to write front-page stories for a newspaper, despite the fact that I could look at the Web metrics and see that I was getting 10 or 20 times as many people reading my story online, that that’s where people wanted the news.</CTX> <CTX>And I think that creates a culture that I don’t think works for the modern news consumer. And what new media’s done is it’s ripped down that wall, between the institution and the reader, and it’s opened up, I think it’s made it more transparent and it’s allowed you the reader to participate more in what we’re doing and even some of you to participate in the journalism that we’re doing. I also want to clear up some of the myths about new media, because I think all the things that Phil said are really important and I think…you always have to remember that new media is in its infancy and that, it’s going to grow and it’s going to mature. And you’re going to hear stuff tonight about how there’s a demise of serious journalism, that you know, that if you look online, if you look at new media it’s just not as serious and substantive.</CTX> <CTX>I’ve been in Washington for 15 years, and I would say that the coverage of the health care debate, has been the most substantive, the deepest coverage, the most accountable coverage that I’ve seen of a domestic policy issue in some time. And the best of it is coming not from the mainstream media, but from outside of the mainstream media. Whether it’s Jonathan Cohn from The New Republic or Ezra Klein who’s doing his stuff sort of deep down in the WashingtonPost.com, whether it’s Politico where we have three or four reporters just doing the policy element, we have investigative reporters doing the accountability element. Huffington Post often has their reporters dispatched to this issue. Dedicates a lot of its home page to this issue.</CTX> <TGT>You have Propublica, a not-for-profit organization run by Paul Steiger who I used to work with at the Wall Street Journal, and the Center for Public Integrity, doing some accountability reporting and making that available to readers throughout the country. You have the Kaiser Foundation…which has stepped in and has started to produce non-partisan news about the health care debate, a lot of it about the human element of it, they have 20 reporters, that stuff’s available to any newspaper that wants to run it, so for people who care, there’s more information than ever, and it’s coming mostly from new media. You’re also going to hear about the demise of foreign coverage. And I think that’s a serious problem. But we didn’t start this fire. It was dying before new media ever came along, it’s really expensive to do foreign coverage. And guess who is actually creating that bridge until we can figure out how to finance it.</TGT>","Positive: 4  
Negative: 2  
No Reinforcement: 3"
1621,45227,497012726.4590.4590,wikitactics-497012726.4590.4590-14,wikitactics-497012726.4590.4590-13,114.143.119.26,0.0,True,1,True,"I don't understand why people keep repeating the 1947 date. That the British occupation ended on that date is simple fact beyond dispute. That is not what I am arguing about. I thought I was fairly clear on what I was trying to convey, which is that 1947 does not mark the beginning of the entity known as India. As for the specific point of this article referring to the 'political entity', that is precisely why I have drawn everyone's attention to other country pages, which even though are also about current 'political entities' use ancient dates for establishment/formation. I would like to put forward the date of 265 BCE as my contribution for a possible 'first date' in the infobox.",wikitactics,,True,"<CTX>I've commented on the DRN you filed but will elaborate here.
The problem is not with this page but the other pages.  Those are wrong years by your argument and I encourage you to be WP:BOLD to update/change the dates of years where the political entity formed.</CTX> <CTX>No, I am not arguing that those dates are wrong. Of course there can be different points of view on what constituted the beginning of a nation but those dates for are more in keeping with the spirit of what I am saying. Which is that these current entities are merely the latest form of nations that have been around in one form or another for a long time. For India it might be worth considering the time of Ashoka as some sort of establishment date. Albeit that too will surely be contested with some saying it should be earlier. If for example it is decided to use 265 BCE (the Maurya Empire at its peak under Ashoka) as the date when the India that we recognize today truly came into being, then that would be the first date in the infobox and the significant subsequent periods could be mentioned under it, such as the Kushan Empire which followed the Maurya Empire, or the various Islamic ocupations, or the Maratha Empire, or the Sikh Empire, or the Company occupation, or the British occupation, etc.</CTX> <CTX>User 114.143.116.232, I couldn't help noticing that you filed a case at WP:DRN but have not returned to join the discussion or respond to the advice given there. Would you like me to close the case?</CTX> <TGT>I don't understand why people keep repeating the 1947 date. That the British occupation ended on that date is simple fact beyond dispute. That is not what I am arguing about. I thought I was fairly clear on what I was trying to convey, which is that 1947 does not mark the beginning of the entity known as India. As for the specific point of this article referring to the 'political entity', that is precisely why I have drawn everyone's attention to other country pages, which even though are also about current 'political entities' use ancient dates for establishment/formation. I would like to put forward the date of 265 BCE as my contribution for a possible 'first date' in the infobox.</TGT>","Positive: 4  
Negative: 3  
No Reinforcement: 2"
1089,40079,cfqnqtf,umod-cfqnqtf-0,,user-umod-cfqnqtf-0,0.0,True,0,False,The issue most people have is the oligopoly that charges a ludicrous markup on data. No way does 50Gb consume $200 worth of energy. The energy cost is so absurdly low on a per byte basis that it's a drop in the bucket compared to the infrastructure costs. Edit: I did some digging and found [this](http://people.eng.unimelb.edu.au/rtucker/talks/files/Tucker_Switching&amp;Energy.pdf) slideshow. Slide 10 gives some data on energy per bit transmitted. Using the national average of about 12 cents per killowatt-hour that puts a terrabyte at $1.75.,umod,"{'softlabel_mace': 0.8297314797845446, 'subjectivity': 3.0, 'aggressiveness': 1.1428571428571428, 'constructiveness': 3.7142857142857135, 'sentiment': 'positive', 'relamountRole': 0.7142857142857143, 'countModFunctions': 5, 'annot_similarity_pre': 0.4817143, 'annot_similarity_post': 0.5402857, 'none': 0, 'social': 1, 'improveQuality': 0, 'organizing': 0, 'content': 0, 'broadening': 0, 'policing': 0, 'siteIssues': 0, 'offTopic': 0, 'agreeYes': 5, 'agreeNo': 0, 'opinionNotClear': 2, 'numAnnotators': 7, 'seedmodel': 'expert', 'flagged': 0}",False,<TGT>The issue most people have is the oligopoly that charges a ludicrous markup on data. No way does 50Gb consume $200 worth of energy. The energy cost is so absurdly low on a per byte basis that it's a drop in the bucket compared to the infrastructure costs. Edit: I did some digging and found [this](http://people.eng.unimelb.edu.au/rtucker/talks/files/Tucker_Switching&amp;Energy.pdf) slideshow. Slide 10 gives some data on energy per bit transmitted. Using the national average of about 12 cents per killowatt-hour that puts a terrabyte at $1.75.</TGT>,"Positive: 3  
Negative: 1  
No Reinforcement: 2

**Rationale"
1987,18004874,091013%20drones,iq2-091013%20drones-131,iq2-091013%20drones-130,"General Norton Schwartz (USAF, Ret.)",0.0,True,0,False,I-- it's pretty--,iq2,,True,"<CTX>--it's back to, you know, dropping bombs from Nevada in Pakistan.</CTX> <CTX>All right. I want to come back to it, because the point that you just made-- you're reporting from the ground. You're basically telling the high-ranking officers that you were there and that despite their understanding of the situation that because you're on the ground, you're reporting back what you think the Afghans think, that you're sharing your perception of their hearts and minds. I just want to take that to this side. Because I think it's offered in honesty.</CTX> <CTX>Yeah. And so, what they're saying regardless of intentions and even the structure, that word is out not just in the American media, but the word is out in the communities that the drones are different, drones are more dangerous, drones-- you used the word ""sinister,"" that it's a different kind of thing. I just want to-- if you were having dinner about this conversation, and he shared that-- just fact, what would you say to him?</CTX> <TGT>I-- it's pretty--</TGT>","Positive: 3  
Negative: 2  
No Reinforcement: 2"
1847,45673,793256447.207034.207034,wikitactics-793256447.207034.207034-11,wikitactics-793256447.207034.207034-10,Sławomir Biały,1.0,True,0,True,"Yes, that seems closer to the original structure.  However, I note that here (as in other such sources) the elementary proofs are not presented as altogether convincing.  (""maybe 0.333... doesn't equal 1/3"", ""skeptics might reject the equality by claiming that not all numbers can be subtracted from one another!"")  He clearly presents the resolution of such apparent paradoxes by giving 0.999... a meaning as a limit.  Also, it seems to me that completeness cannot be totally omitted from the discussion, since it is completeness that ensures that the notation ""0.999..."" is meaningful as a number.  I note that some editors have been waving the ""repeating decimals"" magic wand (notably JohnBlackburne and Trovatore), but I am uncertain what repeating decimals means to them if not via limits and completeness.  I have concerns that completeness is also foregone in the new ""Elementary proof"" section.  There are algorithms for constructing rational numbers from repeating decimals, but the ""Algebraic arguments"" make no reference to these algorithms.  (And indeed, there is actually nothing to prove in that case:  is simply true by definition.)",wikitactics,,True,"<CTX>Of course, that other new section still ''really'' needs a solid source. -</CTX> <CTX>Surely the section on ""Algebraic proofs"" cannot possibly count as proofs without some version of the Archimedean property.  I'm all for making the article as accessible as possible, but not at the expense of obscuring the most important aspects of the subject.</CTX> <CTX>The paper Does 0.999… Really Equal 1? is fairly close in structure to this article. It gives a proof but only mentions that it used the Archimedean property a bit later. I agree that using the Archimedean property is a better route rather than going through the completeness property of the reals even though some people derive the Archimedean property from the completeness.</CTX> <TGT>Yes, that seems closer to the original structure.  However, I note that here (as in other such sources) the elementary proofs are not presented as altogether convincing.  (""maybe 0.333... doesn't equal 1/3"", ""skeptics might reject the equality by claiming that not all numbers can be subtracted from one another!"")  He clearly presents the resolution of such apparent paradoxes by giving 0.999... a meaning as a limit.  Also, it seems to me that completeness cannot be totally omitted from the discussion, since it is completeness that ensures that the notation ""0.999..."" is meaningful as a number.  I note that some editors have been waving the ""repeating decimals"" magic wand (notably JohnBlackburne and Trovatore), but I am uncertain what repeating decimals means to them if not via limits and completeness.  I have concerns that completeness is also foregone in the new ""Elementary proof"" section.  There are algorithms for constructing rational numbers from repeating decimals, but the ""Algebraic arguments"" make no reference to these algorithms.  (And indeed, there is actually nothing to prove in that case:  is simply true by definition.)</TGT>","Positive: 3  
Negative: 2  
No Reinforcement: 2

**Explanation of"
987,18001503,011515%20Amazon,iq2-011515%20Amazon-325,iq2-011515%20Amazon-324,Franklin Foer,0.0,True,0,False,"--tell you why. Right now, when you type in-- you type in ""police""-- ""police noir novels"" into their search engine, you get a series of results. How do you think that series of results is ranked? A publisher has paid for one of the top ranks there. So, that's--",iq2,,False,"<CTX>I talk with Amazon about changing algorithms. I haven't heard anybody admit that, ""Yeah, we're futzing with this and we're futzing with that."" Now, they're notoriously tight-lipped about anything. What are they going to tell me for? But how do we automatically jump to, ""Wait a second. Amazon is doing something shifty here.""</CTX> <CTX>But it is shifty. And let me--</CTX> <CTX>Frank Foer.</CTX> <TGT>--tell you why. Right now, when you type in-- you type in ""police""-- ""police noir novels"" into their search engine, you get a series of results. How do you think that series of results is ranked? A publisher has paid for one of the top ranks there. So, that's--</TGT>","Positive: 3  
Negative: 4  
No Reinforcement: 2

**Rationale"
1512,18023919,3_897_Its_Time_to_End_Affirmative_Action.xlsx,whow-3_897_Its_Time_to_End_Affirmative_Action.xlsx-168,whow-3_897_Its_Time_to_End_Affirmative_Action.xlsx-167,88332c0726af56147a3e597aeeb8a354,0.0,True,0,False,"I’m not saying it’s different, I’m saying that the proposal that you’re asking right now, is whether we should eliminate affirmative action. If we wanna talk about other ways to minimize the discrepancies and to minimize the other kinds of discriminatory effects on other standardized tests, I’m all for us—",whow,"{'probing': False, 'confronting': False, 'instruction': False, 'interpretation': False, 'supplement': False, 'utility': False}",True,"<CTX>But just define—</CTX> <CTX>Notwithstanding the</CTX> <CTX>—the contours of the argument, my, my, my bar exam question. That’s different?</CTX> <TGT>I’m not saying it’s different, I’m saying that the proposal that you’re asking right now, is whether we should eliminate affirmative action. If we wanna talk about other ways to minimize the discrepancies and to minimize the other kinds of discriminatory effects on other standardized tests, I’m all for us—</TGT>","Positive: 2  
Negative: 3  
No Reinforcement: 2"
111,17978690,c4d3698a791fa9070424fd19a6a70c56,2_926,,suzannemmiller,0.0,True,0,False,"I am 72 years old and have medical problems. I need to use the toilet often and need to drink lots of water for the medication that I'm on. Before I board a flight, I take care of these things so it's not a big deal during a flight. But if we sit on the tarmac for a long time, I'm in BIG trouble!",ceri,,False,"<TGT>I am 72 years old and have medical problems. I need to use the toilet often and need to drink lots of water for the medication that I'm on. Before I board a flight, I take care of these things so it's not a big deal during a flight. But if we sit on the tarmac for a long time, I'm in BIG trouble!</TGT>","Positive: 2  
Negative: 1  
No Reinforcement: 3"
1487,18028290,58_14787_Too_Many_Kids_Go_To_College.xlsx,whow-58_14787_Too_Many_Kids_Go_To_College.xlsx-33,whow-58_14787_Too_Many_Kids_Go_To_College.xlsx-32,3b887e5d08ff12dd7f6bce6b1ff0323f,0.0,True,0,False,"But now, Charles wants to overturn the wage structure of the world, not just the U.S., he wants to overturn the return to knowledge. I don't have any bias against craft skills and I agree that sometimes they're in very short supply and they get a good return, but we-- you know, if you believe at all in markets, I assume, Charles, coming from where he comes from and with his ideas believes in markets, people pay a return to something that they think is relatively scarce or that they value in some way. And sometimes it's a great scientist and sometimes it's a great artist and sometimes it's a great craft person. But that's the way it works, so you can have a lot of complaints about college and cost but now he wants to complain about the world wage structure.",whow,"{'probing': False, 'confronting': False, 'instruction': False, 'interpretation': False, 'supplement': False, 'utility': False}",False,"<CTX>Charles, which jobs are you talking about because what the other side is arguing is that those jobs are disappearing due to automation and robots, et cetera.</CTX> <CTX>Wait a minute, skill jobs, listen, you want to hire a lawyer or a doctor you can do that in a nanosecond. You want to find good skilled labor? That's hard. Finding a good plumber, a good electrician to come and fix things, that's hard. We have a demand for a wide variety of skills-- a wide variety of skills that we aren't meeting because guess what that's demeaning those occupations.</CTX> <CTX>Henry Bienen.</CTX> <TGT>But now, Charles wants to overturn the wage structure of the world, not just the U.S., he wants to overturn the return to knowledge. I don't have any bias against craft skills and I agree that sometimes they're in very short supply and they get a good return, but we-- you know, if you believe at all in markets, I assume, Charles, coming from where he comes from and with his ideas believes in markets, people pay a return to something that they think is relatively scarce or that they value in some way. And sometimes it's a great scientist and sometimes it's a great artist and sometimes it's a great craft person. But that's the way it works, so you can have a lot of complaints about college and cost but now he wants to complain about the world wage structure.</TGT>","Positive: 3  
Negative: 2  
No Reinforcement: 2"
1453,18026479,50_12524_Freedom_of_the_Press_Does_Not_Extend_To_State_Secrets.xlsx,whow-50_12524_Freedom_of_the_Press_Does_Not_Extend_To_State_Secrets.xlsx-33,whow-50_12524_Freedom_of_the_Press_Does_Not_Extend_To_State_Secrets.xlsx-32,ec4ca0fb306a24a8a821c3df7c9a1ae6,1.0,True,0,False,Gabriel Schoenfeld.,whow,"{'probing': True, 'confronting': False, 'instruction': False, 'interpretation': False, 'supplement': False, 'utility': False}",False,"<CTX>Gabriel-- let's let Gabriel</CTX> <CTX>It may be dangerous for leakers but it certainly-- the historical record is not one of danger for the press. There's never been a successful prosecution of journalists as David Sanger just noted. And the one case, I'm wondering what you think about it, that where there was-- a prosecution was initiated, The Chicago Tribune case in World War II where the government-- where The Chicago Tribune published a front page story strongly suggesting that we had broken the Japanese naval codes, a leak that could have cost the lives of tens of thousands of U.S. servicemen. Now, there are plenty of people, journalists who think that there shouldn't-- that there shouldn't have been a prosecution, but, I mean, that seems to me almost madness.</CTX> <CTX>Well, first of all there have been many, many prosecutions not under that particular statute but you've heard about shouting ""fire"" in the crowded theater. Do you know what the facts were of that case? There was a guy who was handing out leaflets in front of a draft board, telling people to consider whether or not they might have a constitutional right to be a conscientious objector. And Oliver Wendell Holmes, in the worst analogy ever constructed by the legal mind-- turned that into shouting fire in a crowded theater. The analogy was handing out a leaflet outside of a burning theater, saying, “Please don't go in there, it might be unsafe to you,” and he turns out to be wrong.</CTX> <TGT>Gabriel Schoenfeld.</TGT>","Positive: 3  
Negative: 2  
No Reinforcement: 2"
383,8454,645,fora-645-83,fora-645-82,28259,0.0,True,0,False,"And Jim has to warn me a lot and say, ""Make sure you don't just take this handout from somebody."" Because all they want to do is just make you a poster, like Kadjata said. They don't really care about your well-being. They care about themselves and how to push forward their agenda to get their money.",fora,"{'Express affirmation': 0, 'Specific invitation': 0, 'Provide example': 0, 'Open invitation': 0, 'Make connections': 0, 'Express appreciation': 0, 'Follow up question': 0}",False,"<CTX>Like Kadjata was saying... Oh sorry, did I cut you off?</CTX> <CTX>No, no.</CTX> <CTX>Okay. Like Kadjata was saying, like the token kids with color who are chosen out of the school district to be like, ""Hey, we're doing well,"" or whatever, but they're actually not? I understand. That's a big issue. What was I going to say? Come back to me. Someone can talk.</CTX> <TGT>And Jim has to warn me a lot and say, ""Make sure you don't just take this handout from somebody."" Because all they want to do is just make you a poster, like Kadjata said. They don't really care about your well-being. They care about themselves and how to push forward their agenda to get their money.</TGT>","Positive: 2  
Negative: 4  
No Reinforcement: 3"
1395,18029334,63_15975_Congress_Should_Pass_Obamas_Jobs_Plan_-_Piece_by_Piece.xlsx,whow-63_15975_Congress_Should_Pass_Obamas_Jobs_Plan_-_Piece_by_Piece.xlsx-16,whow-63_15975_Congress_Should_Pass_Obamas_Jobs_Plan_-_Piece_by_Piece.xlsx-15,b67c3653155dffd489bfb851eac87e07,0.0,True,0,False,"Well, a couple of points. One good thing about being a libertarian is I don't have to respect the CBO because CBO, like a lot of the Keynesian models, they presuppose their results. It's just a mathematical formula. If the mathematical formula is wrong, if they automatically assume that if the government increases spending by X, the economy goes up by Y, and they never pay attention to the fact that while the economy actually went down by Z, they say, well, it would have gone down by more than Z if it wasn't for the government spending. So it's sort of this perpetual motion machine of economics. The White House in 2009 said if you pass the so-called stimulus, the unemployment rate will never rise above eight percent. And instead, it's never dropped below nine percent.",whow,"{'probing': False, 'confronting': False, 'instruction': False, 'interpretation': False, 'supplement': False, 'utility': False}",True,"<CTX>Cecilia. But Richard's point about these programs remove money from people who make the best use of it and give it to those who don't, can you take that on?</CTX> <CTX>Well, you know, there is a theory in public finance that says that you shouldn't have a very high marginal tax rate on the very highest earners. But if you actually look at the-- in our experience over time, there's not a great relationship between the highest marginal tax rates and how we're doing in terms of economic growth. If you look at Reagan, he lowered tax rates for high income individuals. Clinton increased them. And you saw somewhat greater economic growth under Clinton than under Reagan. So I think the evidence tells us that, yes, there is-- these are tax rates. So I'm not going to say that there's no impact at all in terms of lowering economic growth, et cetera. But it's very small for the highest earners because they don't spend the tax cuts. And it doesn't have that big of an impact on their earnings. You know, some have looked at what some of the highest paid CEOs did with their tax cuts. Some of them, it's true. They exercised stock options creatively and strategically. But in terms of their general income, which is really the income-generating activity, there was really no impact. So I actually think that this is-- I think it's a small tax increase today, but-- not today, it's in a couple of years, and that it'll be at a time when the economy can actually sustain it.</CTX> <CTX>Daniel Mitchell.</CTX> <TGT>Well, a couple of points. One good thing about being a libertarian is I don't have to respect the CBO because CBO, like a lot of the Keynesian models, they presuppose their results. It's just a mathematical formula. If the mathematical formula is wrong, if they automatically assume that if the government increases spending by X, the economy goes up by Y, and they never pay attention to the fact that while the economy actually went down by Z, they say, well, it would have gone down by more than Z if it wasn't for the government spending. So it's sort of this perpetual motion machine of economics. The White House in 2009 said if you pass the so-called stimulus, the unemployment rate will never rise above eight percent. And instead, it's never dropped below nine percent.</TGT>","Positive: 3  
Negative: 4  
No Reinforcement: 2"
1054,40122,cha9z5x,umod-cha9z5x-0,,user-umod-cha9z5x-0,0.0,True,0,False,My girlfriend and I are at a mutual understanding that each of our butts belong to the other. It's like when you get married and you share assets... So I respectively disagree :) Edit: My ass is officially recognized as my girlfriends territory. Any touching or unnecessary feeling of it is therefore considered an invasion and an act of war. ,umod,"{'softlabel_mace': 0.9937070832443132, 'subjectivity': 2.555555555555556, 'aggressiveness': 1.1111111111111112, 'constructiveness': 3.6666666666666665, 'sentiment': 'positive', 'relamountRole': 0.5555555555555556, 'countModFunctions': 7, 'annot_similarity_pre': 0.5017778, 'annot_similarity_post': 0.43322223, 'none': 0, 'social': 0, 'improveQuality': 0, 'organizing': 0, 'content': 1, 'broadening': 0, 'policing': 0, 'siteIssues': 0, 'offTopic': 1, 'agreeYes': 5, 'agreeNo': 0, 'opinionNotClear': 4, 'numAnnotators': 9, 'seedmodel': 'expert', 'flagged': 0}",False,<TGT>My girlfriend and I are at a mutual understanding that each of our butts belong to the other. It's like when you get married and you share assets... So I respectively disagree :) Edit: My ass is officially recognized as my girlfriends territory. Any touching or unnecessary feeling of it is therefore considered an invasion and an act of war. </TGT>,"Positive: 2  
Negative: 4  
No Reinforcement: 1  

**Explanation:**"
755,18014172,senior-benefits,iq2-senior-benefits-280,iq2-senior-benefits-279,Howard Dean,0.0,True,0,False,That is a great thing because now individuals are going to go into the marketplace and choose their own insurance with some government subsidy. And that is market forces at work.,iq2,,True,"<CTX>No. I'm sorry.</CTX> <CTX>That's part of the problem.</CTX> <CTX>Trying to stifle my partisan side here. Look, I'm by nature, optimistic. And I agree that we can discuss for a long time what's the matter with the political leadership. I do think elections have a way of eventually fixing that problem. I think the private sector's going to do it, and I'll tell you why. Because of the Obama health care plan, which I was not a big supporter of, but which does have some good things in it, there is a real opportunity in the private sector. And I'll tell you what it is. If you have a totally vertically integrated system like Kaiser, for example, or Geisinger, they can now sell their product outside an insurance agency. When they go on the exchanges, which are going to be in place in 2014, you are now going to have people competing with insurance companies to keep prices low. The other great thing about this bill is the exchange is basically a transparent way of buying insurance. Private-- Democrats go crazy when I say this, but the truth is, small business is going to dump all their people into the exchanges.</CTX> <TGT>That is a great thing because now individuals are going to go into the marketplace and choose their own insurance with some government subsidy. And that is market forces at work.</TGT>","Positive: 3  
Negative: 2  
No Reinforcement: 2"
324,17977870,8c240d8c621438a9d86a4e38d69ff324,2_629,,DrMikeyD66,0.0,True,0,False,"Well, a peanut allergy should be known in children flying, but sadly, too often it is too late then. I do not back banning peanuts, but even in doubt, a child would get peanuts, when they can produce proof of no such allergy, if in doubt, give something else. A law that prevents harm, does not have to be a blanket law. There are intelligent ways to do this. There is a way, to tell someone whether or not a patient is allergic to peanuts. It could be part of a passport. What about salt sensitive folks and pretzels? What about gluten allergy?",ceri,,False,"<TGT>Well, a peanut allergy should be known in children flying, but sadly, too often it is too late then. I do not back banning peanuts, but even in doubt, a child would get peanuts, when they can produce proof of no such allergy, if in doubt, give something else. A law that prevents harm, does not have to be a blanket law. There are intelligent ways to do this. There is a way, to tell someone whether or not a patient is allergic to peanuts. It could be part of a passport. What about salt sensitive folks and pretzels? What about gluten allergy?</TGT>","Positive: 3  
Negative: 2  
No Reinforcement: 2

**Rationale"
1623,43395,603979295.5525.5525,wikitactics-603979295.5525.5525-10,wikitactics-603979295.5525.5525-9,Herbxue,0.0,True,1,True,"That's a dismissal on your part, not a sincere engagement with the issue. The ""earth is not flat"" is not equivalent here. MIllions of people consider TCM to be a valuable system of medicine, don't dismiss them unless you really know them (many are accomplished scientists). I assure you, the statement is controversial and disputable. You are smart enough to know that the article as written makes a conclusion that represents an opinion, and I have made clear that I am not interested in censoring out that opinion, only in making sure it is properly attributed.",wikitactics,,False,"<CTX>Are you referring to the category discussion? Whether we use the pseudoscience ''category'' is a different question (on which I have no firm view). However, saying TCM is ""largely irrational pseudoscience"" (which the ''Nature'' piece says is ""obvious"") is fine - and not the least bit controversial, I'd have thought. Is there any serious dispute over the statement?  ||</CTX> <CTX>Yes, there is. Its fine to include as long as you clearly identify, in the body of the text, who is expressing that it is irrational pseudoscience. As it is written, it implies that WP editors have come to consensus that TCM is irrational pseudoscience. We have not, but even if we did it would be Original Research to express it in this way, thus a violation of guidelines. If the statement is changed to clearly assign ownership of that opinion / conclusion, then I have no problem with it. As it is, it is inappropriate.</CTX> <CTX>So that would be a WP:FLAT No 3? – ""You must not say 'the earth is not flat' but 'according to critics of the flat-earth theory, the earth is not flat'"". Needlessly attributing uncontroversial statements risks creating the appearance of doubt or disagreement where there is none.  ||</CTX> <TGT>That's a dismissal on your part, not a sincere engagement with the issue. The ""earth is not flat"" is not equivalent here. MIllions of people consider TCM to be a valuable system of medicine, don't dismiss them unless you really know them (many are accomplished scientists). I assure you, the statement is controversial and disputable. You are smart enough to know that the article as written makes a conclusion that represents an opinion, and I have made clear that I am not interested in censoring out that opinion, only in making sure it is properly attributed.</TGT>","Positive: 2  
Negative: 4  
No Reinforcement: 1

**Rationale"
787,18007428,021313%20genetic%20engineering,iq2-021313%20genetic%20engineering-77,iq2-021313%20genetic%20engineering-76,John Donvan,1.0,True,0,False,"So I want to put questions to each of the sides in turn. And I want to begin with just this broad notion of the U.S. being left behind. Since we're talking about a prohibition, we're talking about, in that sense, something legal or regulatory. The side arguing against prohibition says the net result of that would be to leave the U.S. behind in something that is happening already, that this train has left the station. Sheldon Krimsky, can you respond to that?",iq2,,False,"<CTX>And now we move on to round two. Round two is where the debaters address each other and take questions from me and you in the audience. Our motion is ""prohibit genetically engineered babies."" We have two teams of two arguing it. The team arguing for the prohibition include Sheldon Krimsky and Robert Winston. They have made an argument, as I hear it, that goes both scientifically and morally. The scientific argument boiled down is that genetics is an enormously complex field. It is not yet well understood, that there is enormous potential for horrendous mistakes to be made.</CTX> <CTX>The crux of their moral argument is that the pursuit of a myth of human perfection is immoral and ultimately corrosive. The Nazis fell for it with calamitous results. They're talking about a slippery slope that we're just at the beginning of now.</CTX> <CTX>The team arguing against the prohibition says, No. 1, it would be-- the immoral thing is to ignore the opportunity to use genetics as a tool to correct and avoid enormous situations of pain and suffering, that the United States will be left behind in something that has already begun to happen. And in terms of the complexity, we just heard that in fact there is a way to find a road map through this forest by studying what is known already, what is observed in the population, that it's not-- that there's not a way into this-- into this forest and a way out of it again.</CTX> <TGT>So I want to put questions to each of the sides in turn. And I want to begin with just this broad notion of the U.S. being left behind. Since we're talking about a prohibition, we're talking about, in that sense, something legal or regulatory. The side arguing against prohibition says the net result of that would be to leave the U.S. behind in something that is happening already, that this train has left the station. Sheldon Krimsky, can you respond to that?</TGT>","Positive: 3  
Negative: 2  
No Reinforcement: 4

**Explanation of"
368,4114,674,fora-674-92,fora-674-91,28442,1.0,True,0,False,"Okay. Thank you, Kristy.",fora,"{'Express affirmation': 0, 'Specific invitation': 0, 'Provide example': 0, 'Open invitation': 0, 'Make connections': 0, 'Express appreciation': 0, 'Follow up question': 0}",False,"<CTX>Speaking from my experience, coming from the twin cities... I mean, we all know racism is everywhere, but coming from the twin cities where it truly is a melting pot, I never blatantly experience racism there. I'm 23 years old, I move up to Madison, and it was the firs time that someone had called me a gook to my face, and I was like... I just turned and looked at my friend, and I was like, ""Does this happen here?"" I mean, we were on State St, and I was like did this really happen? And the police officer there... we're having a conversation, I said, ""Did he really just say that to me?"" He goes, ""Yeah. I really just called you a gook."" And there's a police officer right there, and all he does is he turns to me and my friend and he says, ""You guys, go that way or go that way now."" He was a white police officer, and I was like, ""This guy called me a derogatory term, and you're telling me I need to go this way or this way? You're not even going to address what happened here?"" And he said, ""This way or that way or I can take you in that car."" And that was the end of that conversation. So we just turned, and we left. So for me...</CTX> <CTX>Okay. So any reflections on what we just heard in the audio clip? Any responses or insights at all gained from that clip?</CTX> <CTX>I just think when I hear her comments and how she asked those questions like how very brave because I just think one, you're in shock, right? Like that someone would actually have the audacity or the hubris or the whatever to say that. Oh, sorry. That's my landline phone, but don't worry. I'm sure it's... I think it also just makes me so sad. So I don't know. Those are my immediate like... I admire her courage, and I admire her being able to share it, but also it hits me in the stomach. I wasn't there, and they weren't talking to me, but it still makes me just sick.</CTX> <TGT>Okay. Thank you, Kristy.</TGT>","Positive: 4  
Negative: 2  
No Reinforcement: 1"
1819,42615,720836918.1905.841,wikitactics-720836918.1905.841-8,wikitactics-720836918.1905.841-7,Everyone Dies In the End,1.0,True,1,True,"Okay, then you are fine if the sections were expanded? You realize you are arguing based on guidelines that the New Features don't belong period?",wikitactics,,False,"<CTX>I'd also like to see your thoughts on why we should delete the new features when that's the only reason this game gets produced every year is because of them. Also, if it gets re-written with verifiable sources does that change your thing to keep.</CTX> <CTX>A lot of video game series like the Call of Duty series has this problem of being hard to distinguish feature wise, but their entries here all have proper sections explaining their gameplay and development aspects without resorting to trivia-style lists. The difference is that these articles have received attention from experienced editors, whereas these lists are generally found on less popular games' articles, added by well-meaning, but inexperienced editors who are not aware of how video game articles should be written or specifically how new information should be added.</CTX> <CTX>Here's a sample of what you're adding back to the Gameplay section: ""Living crowds: On the next generation, the crowd is more alive with individuals holding up player signs, wearing costumes, and reacting authentically to plays. Over 9,000 new crowd models produces various different types of fans.""
Here's another: ""New modeling system for players and equipment allows for dynamic cloth technology in the next generation, with the players' clothes moving and affecting physics.""
These aren't relevant to gameplay since they're graphical upgrades, and yet they sit in that section of the article, inserted in the form of list of all kinds of additions. Proper video game articles do not have these kinds of lists per WP:GAMECRUFT. WP:GAMECRUFT literally says that lists of gameplay items or concepts should be avoided, and states ""Sometimes a concise summary is appropriate if it is essential to understanding the game or its significance in the industry."", and that's my point - This is literally a list of random stuff, including said gameplay items/concepts, nothing concise about it. It looks and reads like the additions of someone who is new to Wikipedia but haven't read the WP:VG/GL guidelines. It also makes the article seem like an advert. I know it seems like overkill to delete it, but the reason these articles stay in this condition is because nobody came along to do this in the articles' infancy, and so new users come to the article and simply add more trivia to the lists they find.</CTX> <TGT>Okay, then you are fine if the sections were expanded? You realize you are arguing based on guidelines that the New Features don't belong period?</TGT>","Positive: 2  
Negative: 4  
No Reinforcement: 3

**Explanation of"
69,17978942,19e309e925d3e250f520032a27ef7e66,3_327,,packrat74871,0.0,True,0,False,"This is not a ""safety requirement"". The FMCSA already monitors motor carriers by safestats, and either fines or shuts down companies not complying. This is an unconstitutional, behind your back move lobbied by manufacturers of EOBR to force everyone to buy one by using the federal government to back them. You want to see some wasted tax money? You are looking at it now. This new rule says that the folks that are now getting paid to monitor motor carriers are not doing their job. The rule should could be a requirement for motor carriers that have reached a threshold of Violations and have not corrected them. Not by making every owner operator purchase unnecessary equipment. We need to add some checks and balances to our Government.",ceri,,False,"<TGT>This is not a ""safety requirement"". The FMCSA already monitors motor carriers by safestats, and either fines or shuts down companies not complying. This is an unconstitutional, behind your back move lobbied by manufacturers of EOBR to force everyone to buy one by using the federal government to back them. You want to see some wasted tax money? You are looking at it now. This new rule says that the folks that are now getting paid to monitor motor carriers are not doing their job. The rule should could be a requirement for motor carriers that have reached a threshold of Violations and have not corrected them. Not by making every owner operator purchase unnecessary equipment. We need to add some checks and balances to our Government.</TGT>","Positive: 2  
Negative: 4  
No Reinforcement: 3

**Rationale"
857,18004275,111413%20guns,iq2-111413%20guns-255,iq2-111413%20guns-254,David Kopel,0.0,True,0,False,"--would disagree that there was a contradiction there, as he explained in his treatises. That insurrection is an illegitimate, violent act-- violent action against the government. But if the Second Amendment militias, led by their state governments, were ever necessary to overthrow a tyranny, that would not be an insurrection--",iq2,,False,"<CTX>Do you disagree enough with that to want to argue with it-- David Kopel?</CTX> <CTX>The Supreme Court justice Story--</CTX> <CTX>David Kopel.</CTX> <TGT>--would disagree that there was a contradiction there, as he explained in his treatises. That insurrection is an illegitimate, violent act-- violent action against the government. But if the Second Amendment militias, led by their state governments, were ever necessary to overthrow a tyranny, that would not be an insurrection--</TGT>","Positive: 2  
Negative: 3  
No Reinforcement: 2"
1483,18037540,_Bonds_Boycott.xlsx,whow-_Bonds_Boycott.xlsx-77,whow-_Bonds_Boycott.xlsx-76,bfb773a94b8587f9ee8f479de97206ba,0.0,True,0,False,"I have to agree 100 percent with Greg. And as a matter of fact, maybe Charlie Weis is getting all the karma from videogate from the Patriots.",whow,"{'probing': False, 'confronting': False, 'instruction': False, 'interpretation': False, 'supplement': False, 'utility': False}",False,"<CTX>Go ahead…</CTX> <CTX>Okay. You know, I was having this conversation with boss today, and I'm a believer in karma. And Notre Dame, for what they did to Tyrone Willingham and based on the precedent they've set for previous coaches and getting rid of Tyrone Willingham before his five years was up and giving him a shot and then giving Charlie Weis a new contract of, you know, 10 years - you know an extended contract after two years of coaching with Tyrone Willingham's players, and then for the team to fall in his face right now. It's getting - Notre Dame is getting what it deserves based on what they did.</CTX> <CTX>Dwil?</CTX> <TGT>I have to agree 100 percent with Greg. And as a matter of fact, maybe Charlie Weis is getting all the karma from videogate from the Patriots.</TGT>","Positive: 4  
Negative: 2  
No Reinforcement: 3

**Rationale"
1555,42434,606497540.77811.77811,wikitactics-606497540.77811.77811-5,wikitactics-606497540.77811.77811-4,EllenCT,0.0,True,0,True,"What precisely about the sources and charts describing the US do you find ""excessive and fairly rambling""? What is your assessment of their accuracy and agreement with the peer reviewed literature reviews?",wikitactics,,False,"<CTX>The United States section consists of (IMO, excessive) quotes, without adequate context to verify that they are relating to what ''we'' call ""plutocracy"".  Furthermore, they are form a minority, if not WP:FRINGE, opinion, and should be balanced by reliable opinions which deny the claim that the US forms a plutocracy.  —</CTX> <CTX>Is New York Times a fringe source?  Feel free to add sources stating a counter-argument.</CTX> <CTX>If I can chip in here - for various reasons - since, ''(as the article itself points out)'' Plutocracy is inherently a perjorative term, and inherently has a strong element of value judgement about it, either including or omitting ANY country in a list seems fairly unproductive. What does seem productive is to put forward the character of the arguments that informed/articulate/reliable sources have made. I largely sympathise with Arthur Rubin and agree that the references to the US are excessive and fairly rambling. There are many pages where similar discussions COULD take place, but crucially, for example a page on democracy should inform as to the history of the idea and practice of democracy, should use examples of the success or failure of systems of democracy etc. .... It SHOULDN""T get itself bogged down in whether this or that place was or was not a democracy, which does seem to be what is happening here.</CTX> <TGT>What precisely about the sources and charts describing the US do you find ""excessive and fairly rambling""? What is your assessment of their accuracy and agreement with the peer reviewed literature reviews?</TGT>","Positive: 2  
Negative: 3  
No Reinforcement: 3  

**Rationale"
1691,43412,603979295.5525.5525,wikitactics-603979295.5525.5525-27,wikitactics-603979295.5525.5525-26,178.221.90.250,0.0,True,1,True,"Not only pseudoscience label is inappropriate, but talking about TCM in context of fringe and similar guidelines is even more inappropriate. I don't think some editors here understand what fringe means. Even the cited guideline explains something different, read the nutshell if nothing further...",wikitactics,,False,"<CTX>Point taken. However, from a scientific worldview (and that's what we follow on WP), it would still be considered fringe.</CTX> <CTX>The source says ""proto-scientific system"". If you'd like to claim that that is not covered by WP:Close paraphrasing, I'll be happy to go into WP:DR about this. A third-party opinion might be a good starting point.</CTX> <CTX>Ok, well we have multiple editors agreeing that pseudoscience is not appropriate for the lede so I will abide by WP:CON and remove the whole sentence.</CTX> <TGT>Not only pseudoscience label is inappropriate, but talking about TCM in context of fringe and similar guidelines is even more inappropriate. I don't think some editors here understand what fringe means. Even the cited guideline explains something different, read the nutshell if nothing further...</TGT>","Positive: 2  
Negative: 4  
No Reinforcement: 3  

**Rationale"
1474,18028649,5_1406_Better_More_Domestic_Surveillance_Than_Another_911.xlsx,whow-5_1406_Better_More_Domestic_Surveillance_Than_Another_911.xlsx-61,whow-5_1406_Better_More_Domestic_Surveillance_Than_Another_911.xlsx-60,5d5edfc8f4802ef176f8eff990b32c88,0.0,True,0,False,"It’s the dragnet searches that are, uh, threatening and, and the other side has provided no justification—",whow,"{'probing': False, 'confronting': False, 'instruction': False, 'interpretation': False, 'supplement': False, 'utility': False}",False,"<CTX>—one side or one panelist—</CTX> <CTX>Uh, foreign intelligence law since it—the, uh, law was passed in the 1970s presumes that, uh, there’s a level of suspicion that stops short of probable cause that someone’s committed a crime, but makes pretty clear that we think of this as a really bad person. And, uh, this was a balance that no one suggested, uh, caused 9/11, and what’s so interesting about the other side is their, uh, failure to say that that standard is too high. There’s no evidence that anyone wasn’t the object of a FISA warrant because there wasn’t a high enough degree of suspicion. They’re—they wanna completely throw out individualized suspicion, and have hundreds and thousands of warrants for, uh, people who just happened to show up at the airport. So this is not a subtle, uh, uh, uh, distinction, and we’re convinced that by resurrecting that simple requirement— You could even broaden it a little bit, if you wanna talk about the technical details, there’ve been thoughtful civil libertarians who have said, you could have probable cause that someone’s a suspected spy or terrorist, or his or her associates. At least some connection to an identifiable, dangerous bad guy.</CTX> <CTX>And—</CTX> <TGT>It’s the dragnet searches that are, uh, threatening and, and the other side has provided no justification—</TGT>","Positive: 4  
Negative: 2  
No Reinforcement: 3"
1798,45697,625545621.85251.85251,wikitactics-625545621.85251.85251-1,,HelenOnline,1.0,True,1,True,Reasonable foresight,wikitactics,,True,<TGT>Reasonable foresight</TGT>,"Positive: 3  
Negative: 1  
No Reinforcement: 4"
478,9030,2247,fora-2247-105,fora-2247-104,42053,0.0,True,0,False,[inaudible].,fora,"{'Express affirmation': 0, 'Specific invitation': 0, 'Provide example': 0, 'Open invitation': 0, 'Make connections': 0, 'Express appreciation': 0, 'Follow up question': 0}",False,"<CTX>So I am-</CTX> <CTX>Okay. I will [Inaudible].</CTX> <CTX>Sorry, Julie. No, no.</CTX> <TGT>[inaudible].</TGT>","Positive: 2  
Negative: 2  
No Reinforcement: 3"
281,17979971,60cb88bfa4b7d60ed48b6ada0be6b512,6_1059,,Hoosier,0.0,True,0,False,"I was receiving 4 or 5 calls a day from Midland Debt Collection daily for two weeks on my cellphone. As I'm unemployed and scraping by I was ignoring - or rather trying to ignore - the calls. They were always hang-ups. Never any message. As I live in Indiana - a ""business-oriented"" state,  it seems the laws favor the debt collectors over the debtors.  Limits on calls? Please, do. When I finally did have the gumption to answer when they called at 8:10am on a Sunday morning, I made a strong case about being harrassed and informed him I didn't want to be contacted on my cell phone. It's only a few days but I'll see. I still don't know if it was any legit debt that they were calling about.",ceri,,False,"<TGT>I was receiving 4 or 5 calls a day from Midland Debt Collection daily for two weeks on my cellphone. As I'm unemployed and scraping by I was ignoring - or rather trying to ignore - the calls. They were always hang-ups. Never any message. As I live in Indiana - a ""business-oriented"" state,  it seems the laws favor the debt collectors over the debtors.  Limits on calls? Please, do. When I finally did have the gumption to answer when they called at 8:10am on a Sunday morning, I made a strong case about being harrassed and informed him I didn't want to be contacted on my cell phone. It's only a few days but I'll see. I still don't know if it was any legit debt that they were calling about.</TGT>","Positive: 3  
Negative: 2  
No Reinforcement: 2

**Rationale"
1647,42778,703888974.97325.97325,wikitactics-703888974.97325.97325-19,wikitactics-703888974.97325.97325-18,Rolf h nelson,0.0,True,0,True,"No, but I would say that almost all physicists, if asked ""are you confident that this will turn out to be experimental error?"" would review the publications and say ""Yes."" In addition, there are WP:RS saying the theory is nonsense (Egan, Baez, and Popular Mechanics) but no WP:RS saying ""the theory probably is not nonsense.""",wikitactics,,False,"<CTX>You are the one who wants to keep unsourced claims in the article. You don't need sources for things that are not in the article.</CTX> <CTX>Yeah, I don't look forward to the attitude above returning to the cold fusion area.</CTX> <CTX>Wait... when did I say that??? I simply said that the best way to deal with unsourced material is to look for a source '''before deleting''', rather than deleting without bothering to look, as  recommended. If material can't be backed up then it should obviously be deleted. Also, by saying ""source it and cite it"" I meant if you want to say that ""the consensus is that the results are very likely the result of experimental error"" you can do that just fine it you can find a citation for it.    </CTX> <TGT>No, but I would say that almost all physicists, if asked ""are you confident that this will turn out to be experimental error?"" would review the publications and say ""Yes."" In addition, there are WP:RS saying the theory is nonsense (Egan, Baez, and Popular Mechanics) but no WP:RS saying ""the theory probably is not nonsense.""</TGT>","Positive: 2  
Negative: 4  
No Reinforcement: 3

**Rationale"
1556,45740,837739568.71855.71855,wikitactics-837739568.71855.71855-20,wikitactics-837739568.71855.71855-19,Kautilya3,1.0,True,0,True,"Is this page about the English word ""Aryan"", or Indian use of ""arya"" and Aryan, or both? What is your view? Why is, fo example, Aryan Books so called?",wikitactics,,True,"<CTX>I gave you a link to a Google Books search page. You can take the first one, which is good enough.
Honestly, I think you are wasting your time here. There is nothing contentious. You are merely trying to back some outrageous POV that somebody added.</CTX> <CTX>Actually, you're totally wrong.  I don't give a flying fig if it means ""noble"" or ""freeman"" or ""eucalyptus tree"", I am simply trying to uphold WP:V, which I'd advise you to read sometime if you're going to continue to edit here.  Oh, and WP:OR would be good to read as well, since you seem not to understand it.</CTX> <CTX>Arya means noble is accepted and supported in dictionary definition as well as scholarly sources, specifically in context of vedic literature. Aryan word is not more than a couple century old, and some scholarly article dispute various theories around it which lend the meaning of a 'race' to the word itself. Britannica has fairly established editing process. They conclude similarly.</CTX> <TGT>Is this page about the English word ""Aryan"", or Indian use of ""arya"" and Aryan, or both? What is your view? Why is, fo example, Aryan Books so called?</TGT>","Positive: 2  
Negative: 4  
No Reinforcement: 3

**Rationale"
1729,45641,758131586.40771.40771,wikitactics-758131586.40771.40771-7,wikitactics-758131586.40771.40771-6,Tryptofish,1.0,True,0,True,"Actually, I do believe that they should remain there. They get a large amount of attention from neuroscientists in other neuroscience fields. I could cite programs from recent Society for Neuroscience meetings, where there are almost always prominent lectures about how basic neuroscience influences these fields. Would it help if I were to add some of those program entries as citations for the sentence?",wikitactics,,True,"<CTX>Perhaps a better term is ""multidisciplinary"" rather than ""interdisciplinary,"" as described by the following sources: [], [], [], [], []. My two cents.</CTX> <CTX>That's a very good idea, thanks. I'm going to make that edit now.</CTX> <CTX>I would like to refer to the last sentence of the first lead paragraph, ""It also influences such other disciplines as neuroeducation,[9] neuroethics, and neurolaw."" I do not doubt that these fields exist. But are they so prominent and widely studied that they deserve to be mentioned in the lead, let alone the first paragraph of the lead?</CTX> <TGT>Actually, I do believe that they should remain there. They get a large amount of attention from neuroscientists in other neuroscience fields. I could cite programs from recent Society for Neuroscience meetings, where there are almost always prominent lectures about how basic neuroscience influences these fields. Would it help if I were to add some of those program entries as citations for the sentence?</TGT>","Positive: 4  
Negative: 1  
No Reinforcement: 2"
210,17980551,dfb8b9ff98d6fc41036f49d1cd92b943,6_538,6_530,stopwithspoofedcallerID,0.0,True,0,False,People get fired for personal calls at work.  I worked at a place where employee phone call was recorded and randomly monitored due to the sensitivity of our work.  And every now and then an employee would get caught making/taking a personal phone call and would be fired with no questions asked.  Work is not the place for personal business.,ceri,,False,<CTX>I dont mind the calls to work. My problem is the frequency. The reality is that I owe the bill and I know it. But I dont think they should call my job unless I dont call them back. Tect me and call me first and give me a few days. Then call my job but not every day.</CTX> <TGT>People get fired for personal calls at work.  I worked at a place where employee phone call was recorded and randomly monitored due to the sensitivity of our work.  And every now and then an employee would get caught making/taking a personal phone call and would be fired with no questions asked.  Work is not the place for personal business.</TGT>,"Positive: 2  
Negative: 4  
No Reinforcement: 3"
297,17978501,8c240d8c621438a9d86a4e38d69ff324,2_701,2_692,Mulder,0.0,True,0,False,"An allergy is not a handicap or a disability. Everyone is allergic to something, so by your misguided definition, everyone is disabled or handicapped.

Other allergens can be detected in the air and cause a reaction; peanuts and latex are not the only things. Once you start to ban certain foods, you go down the slippery slope of banning other foods because someone will be allergic to one or more ingredients in that food.

You are responsible for your condition and that of your children. Trying to shift that responsibility to other passengers is unreasonable in the extreme.",ceri,,False,"<CTX>As a mother of a child who had a (luckily) mild reaction to someone else's peanuts on a plane, I would like to say that as a physical disability this should be treated as any other. People in wheelchairs are given ramps and special treatment which is also somewhat inconvenient to other passengers, why not do the same for people with severe allergies? For those who say all possible allergens would be banned, they obviously do not understand that only a couple of allergens (peanuts, and latex included) travel through the air in dust form. I cannot comprehend people who are not willing to give up one certain snack-food for a couple of hours for the safety of others. There are so many laws to protect the handicapped that I don't understand how this is even a debate. Peanuts should be banned on planes.</CTX> <TGT>An allergy is not a handicap or a disability. Everyone is allergic to something, so by your misguided definition, everyone is disabled or handicapped.

Other allergens can be detected in the air and cause a reaction; peanuts and latex are not the only things. Once you start to ban certain foods, you go down the slippery slope of banning other foods because someone will be allergic to one or more ingredients in that food.

You are responsible for your condition and that of your children. Trying to shift that responsibility to other passengers is unreasonable in the extreme.</TGT>","Positive: 2  
Negative: 4  
No Reinforcement: 3"
1884,5324,510,fora-510-37,fora-510-36,27399,0.0,True,0,False,"It was a two-day conference. And then I've been just connected to a lot of the participants. There was 325 participants. And so, I'm just trying to follow up with as many people as possible and continue working with people and trying to get everyone to come together. Because right now I feel like many racial groups are working in silos by themselves, working towards the same thing. And so, if we can come together at different touch points, we can be stronger. I definitely believe that there needs to be that space for each racial group or ethnic group to be strong as themselves. But then we also need to come together and see how we can help one another and move the racial inequities and racism and figure out how to eliminate it completely and so on.",fora,"{'Express affirmation': 0, 'Specific invitation': 0, 'Provide example': 0, 'Open invitation': 0, 'Make connections': 0, 'Express appreciation': 0, 'Follow up question': 0}",True,"<CTX>Was it a one-time conference-</CTX> <CTX>… trademark.</CTX> <CTX>… or were you able to host it again?</CTX> <TGT>It was a two-day conference. And then I've been just connected to a lot of the participants. There was 325 participants. And so, I'm just trying to follow up with as many people as possible and continue working with people and trying to get everyone to come together. Because right now I feel like many racial groups are working in silos by themselves, working towards the same thing. And so, if we can come together at different touch points, we can be stronger. I definitely believe that there needs to be that space for each racial group or ethnic group to be strong as themselves. But then we also need to come together and see how we can help one another and move the racial inequities and racism and figure out how to eliminate it completely and so on.</TGT>","Positive: 3  
Negative: 2  
No Reinforcement: 2

**Explanation of"
1833,44780,667670064.36931.36931,wikitactics-667670064.36931.36931-9,wikitactics-667670064.36931.36931-8,NeilN,1.0,True,1,True,"Both of you have been warned for edit warring. More reverts may result in blocks. If you want to get other editors involved, please look at the options at WP:DRR.",wikitactics,,False,"<CTX>Ok, if you are going to work on Institutional racism, then work on it. The entire page needs work on, so I am going to challenge you to start with the introduction and work down. One of my main problems is that your style of writing is frankly terrible, and if you work on the entire page, I think you are going to improve. For example, you randomly like to capitalize words for no apparent reason. You don't understand how to put in references to other Wikipedia pages, and you include weasel words. The reason I deleted your passage was because it seemed that my section and your section was the exact same topic, only yours seemed to be a random collection of ideas. I deleted it because we shouldn't have two sections on the same topic on the same Wikipedia page. Let me put it this way. I couldn't summarize your section into a sentence or two, because it seemed like you were going off on a tangent. So, here is my challenge, provide one of the two things:
''Summarize what you are trying to say in a sentence or two. Don't worry about references. Just tell me what you are trying to say.'''
''Tell me in one to two sentences, what general information you think was missing in my passage that needed to be added'''
If you provide this, other editors can help you figure out the best wording for this section.If you can't do this, its reflective that you are interested in an edit war.</CTX> <CTX>No, you are the one deleting 2 paragraphs to get you own WP:POV across couching it with accusations of weasel words and copy and paste edit jargon. Leave it alone until another editor gets involved. You are actively WP:VAND the entry. You were not interested in the topic until I expanded the Canada section. You added two copied paragraphs and deleted the sourced piece. I don't see anything but a biased racism fact slant to your entry. I did change it (your entry) and added sources and correcting the introduced errors, but you keep returning your weasel entry and deleting the original. Step away, other editors will step up. Also, accusing me of bad writing is really low, especially coming from a cut 'n paste artist like yourself.</CTX> <CTX>Of course I want other editors involved. That's why I encouraged you to post to other more active Wikipedia pages. If you could run your editing by some other editors, they would agree that you need to work on your writing. I am trying to help you, but I can't help you until you tell me what you are trying to say. Personally, I don't think you understand aboriginal issues. You don't understand the wide range of experiences and the complexities of the aboriginal residential school system. That's why I keep linking to a larger Wikipedia article, because this issue is larger than a short summary on this page. If you want to talk about racism, then here is my opinion: You are expressing a view that is similar to a lot of people who are racist against natives. Let's put the arguement as to who is racist aside,because no one will win that argument. Instead, give me something to work with, and I can help you improve your writing. Oh and if you want me to put in more references, just say the word and it will only take a minute or two.</CTX> <TGT>Both of you have been warned for edit warring. More reverts may result in blocks. If you want to get other editors involved, please look at the options at WP:DRR.</TGT>","Positive: 2  
Negative: 4  
No Reinforcement: 3

**Rationale"
651,9903,1113,fora-1113-13,fora-1113-12,31154,1.0,True,0,False,"Yes, that's definitely some of what they do. Martinez, do you have any ... You probably have more insight.",fora,"{'Express affirmation': 0, 'Specific invitation': 0, 'Provide example': 0, 'Open invitation': 0, 'Make connections': 0, 'Express appreciation': 0, 'Follow up question': 0}",False,"<CTX>You're muted, Amy.</CTX> <CTX>Amy, I think you're muted.</CTX> <CTX>Thanks. Right, and then importantly, they uniquely distribute it to different agencies that they're familiar with, that they have access to. That wouldn't ... If I donate to Goodman Community Center, because my son goes there, that's one avenue, but United Way channels it beyond that. I think.</CTX> <TGT>Yes, that's definitely some of what they do. Martinez, do you have any ... You probably have more insight.</TGT>","Positive: 2  
Negative: 1  
No Reinforcement: 3"
1233,18023599,38_9437_Buy_AmericanHire_American_Policies_Will_Backfire.xlsx,whow-38_9437_Buy_AmericanHire_American_Policies_Will_Backfire.xlsx-47,whow-38_9437_Buy_AmericanHire_American_Policies_Will_Backfire.xlsx-46,a6a1cb17a129167d7f5db8e187614aad,0.0,True,0,False,Rosenkranz Foundation-Intelligence Squared U.S. Extremely imbalanced—,whow,"{'probing': False, 'confronting': False, 'instruction': False, 'interpretation': False, 'supplement': False, 'utility': False}",False,"<CTX>Jeff Madrick from the other side—</CTX> <CTX>Dumping goes on, subsidies go on in this recession, by all reports I’ve heard. China is really pushing out the exports as, uh, uh, as, and some of the practices are open, this is part of what I mean— This is what I’m talking about about this oversimplification. That, and I have great respect for…Jagdish who I consider a friend, but, to say that we can handle these issues in the International Labor Organization, or through agreements we make with China, disregarding the reality of the world, I am—we’re not even close to fighting a trade war. The, we’re—it’s not even close. China needs us, we need them, we’ve got to start dealing with the reality of what’s happened to wages in America. And Doug, things have become extremely imbalanced in this world you’re describing of China and India—</CTX> <CTX>Let’s let Doug Irwin in now—</CTX> <TGT>Rosenkranz Foundation-Intelligence Squared U.S. Extremely imbalanced—</TGT>","Positive: 2  
Negative: 3  
No Reinforcement: 2

**Rationale"
1502,18023622,38_9437_Buy_AmericanHire_American_Policies_Will_Backfire.xlsx,whow-38_9437_Buy_AmericanHire_American_Policies_Will_Backfire.xlsx-68,whow-38_9437_Buy_AmericanHire_American_Policies_Will_Backfire.xlsx-67,ec4ca0fb306a24a8a821c3df7c9a1ae6,1.0,True,0,False,I want to cut in—,whow,"{'probing': False, 'confronting': False, 'instruction': True, 'interpretation': False, 'supplement': False, 'utility': False}",False,"<CTX>Well I never got to— I ran outta time so I wasn’t able to make my main argument which has to do with what kind of a country you want to live in. Obviously, using tariffs and Buy American provisions are artificial methods that you install in an economy to, we hope, maintain wages at a relatively high level so we can run a civilized society, we haven’t had one exchange yet about the exploitation of cheap labor in China or Mexico. And when I talk about when I have arguments with my friends in the economics departments of these various universities, I have to ask myself if they’ve ever met a factory worker, have they ever talked to a steelworker or to an autoworker or to an electrical worker who’s lost their job, because the United States has been pursuing pro-buy foreign policies for the last 15 years, that’s what we have now with NAFTA, and the Permanent Normal Trade Relations with China. These are, as Professor Bhagwati will be the first to acknowledge, preferential trade agreements, not free trade agreements, and, something has to be done on our side to compensate for these tremendous advantages, given to foreign manufacturers. Yes, some of it is low-end manufacturing but not all of it is low-end manufacturing. And in order to redress this tremendous trade imbalance there are various methods at our disposal. Tariffs, Buy American provisions, et cetera, et cetera. But to go on talking as if there is a free trade system in place Rosenkranz Foundation-Intelligence Squared U.S. that’s being threatened is preposterous. If you look at NAFTA and PNTR they’re much closer, and this is a corporate lawyer who first explained it to me when I explained to him how the labor market works between the United States and Mexico and the United States and China, it’s more like a labor racketeering agreement. That is a conspiracy to fix the price of labor as low as possible, certainly to benefit certain, uh, shareholders in certain American corporations, but not to benefit American workers or to defend—</CTX> <CTX>Rick, let—</CTX> <CTX>—what we used to call the American way of life—</CTX> <TGT>I want to cut in—</TGT>","Positive: 3  
Negative: 4  
No Reinforcement: 2

**Explanation of"
1931,18036021,95_23707_Income_Inequality_Impairs_The_American_Dream_Of_Upward_Mobility.xlsx,whow-95_23707_Income_Inequality_Impairs_The_American_Dream_Of_Upward_Mobility.xlsx-62,whow-95_23707_Income_Inequality_Impairs_The_American_Dream_Of_Upward_Mobility.xlsx-61,ec4ca0fb306a24a8a821c3df7c9a1ae6,1.0,True,0,False,"But let me-- let me just stop you for a second because I'm just looking at the motion on the screen behind you. And you're saying that poverty causes these problems, and I think your opponents agree with that. But they're disagreeing--",whow,"{'probing': False, 'confronting': False, 'instruction': True, 'interpretation': True, 'supplement': False, 'utility': False}",False,"<CTX>--talk about what I'm planning on talking about today.</CTX> <CTX>Very good.</CTX> <CTX>You didn't feed me anything. I'm not so sure about there being infinite slots in all the other schools, but that's another question. And test prep is really far more available to the higher income, so that's not really where I want to go either. I think the direction I want to go is inequality at the starting gate. And from that, I mean inequality at the beginning of kindergarten. These differences are found very early on. The differences in resources available to higher income children is far greater than available to lower income children. As I said before, higher rates of unemployment, instability, lower income, all of those things absolutely come at a cost to kids. And you see vast disparities, even the first day of kindergarten. And schools do their best to try to maintain--</CTX> <TGT>But let me-- let me just stop you for a second because I'm just looking at the motion on the screen behind you. And you're saying that poverty causes these problems, and I think your opponents agree with that. But they're disagreeing--</TGT>","Positive: 3  
Negative: 2  
No Reinforcement: 2"
916,18013902,senior-benefits,iq2-senior-benefits-10,iq2-senior-benefits-9,John Donvan,1.0,True,0,False,"Thank you. And I'd just like to invite one more round of applause for Robert Rosenkranz, please. True or false, Grandma's benefits imperil Junior's future? That's what we're here to debate, another verbal joust for Intelligence Squared U.S. I'm John Donvan of ABC News. We're at the Skirball Center for the Performing Arts at New York University where our motion is this: ""Grandma's benefits imperil junior's future."" Two teams will argue that proposition from opposite sides, for it and against it.",iq2,,True,"<CTX>Young people are paying the costs of sluggish growth today, and they'll be paying the costs of profligate government tomorrow. And neither political party has anything constructive to say. The Democrats don't want to cut entitlements, and the Republicans don't want to raise taxes to pay for them. Perhaps that's why young people vote less than their elders.</CTX> <CTX>Tonight they can make up for that lapse by voting twice, before the debate and after, after they've heard tonight's stellar panelists address the little noticed issues of America's intergenerational divide.</CTX> <CTX>And with that, it's my privilege to turn the evening over to John Donvan and our outstanding group of panelists.</CTX> <TGT>Thank you. And I'd just like to invite one more round of applause for Robert Rosenkranz, please. True or false, Grandma's benefits imperil Junior's future? That's what we're here to debate, another verbal joust for Intelligence Squared U.S. I'm John Donvan of ABC News. We're at the Skirball Center for the Performing Arts at New York University where our motion is this: ""Grandma's benefits imperil junior's future."" Two teams will argue that proposition from opposite sides, for it and against it.</TGT>","Positive: 4  
Negative: 1  
No Reinforcement: 3"
993,18001397,011515%20Amazon,iq2-011515%20Amazon-219,iq2-011515%20Amazon-218,Matthew Yglesias,0.0,True,0,False,"I-- you know what, let me just quote my opponent, Frank Foer, on Amazon. He said, ""They want nothing else to breathe on this planet except their consumers,"" which is to say, ""their readers."" You know, I wear some different hats, I'm an editor at a website, I've written books, but as a reader I absolutely trust Amazon, not because I have some crazy blind faith in them but because their business model is getting more people",iq2,,True,"<CTX>As opposed to you who has no power over where your books are put?</CTX> <CTX>Matt Yglesias just let me bring back to you the question of whether you trust Amazon to do the right thing, given its power.</CTX> <CTX>Do you-- are you good with them?</CTX> <TGT>I-- you know what, let me just quote my opponent, Frank Foer, on Amazon. He said, ""They want nothing else to breathe on this planet except their consumers,"" which is to say, ""their readers."" You know, I wear some different hats, I'm an editor at a website, I've written books, but as a reader I absolutely trust Amazon, not because I have some crazy blind faith in them but because their business model is getting more people</TGT>","Positive: 2  
Negative: 3  
No Reinforcement: 2"
429,464,2187,fora-2187-90,fora-2187-89,39740,0.0,True,0,False,"I think it'll be there, but it'll be like they done over at [inaudible].",fora,"{'Express affirmation': 0, 'Specific invitation': 0, 'Provide example': 0, 'Open invitation': 0, 'Make connections': 0, 'Express appreciation': 0, 'Follow up question': 0}",True,"<CTX>It will still be there.</CTX> <CTX>Yeah. It won't be.</CTX> <CTX>Like they're already talking about.</CTX> <TGT>I think it'll be there, but it'll be like they done over at [inaudible].</TGT>","Positive: 2  
Negative: 3  
No Reinforcement: 2"
1370,18031616,72_18423_America_Is_To_Blame_For_Mexicos_Drug_War.xlsx,whow-72_18423_America_Is_To_Blame_For_Mexicos_Drug_War.xlsx-129,whow-72_18423_America_Is_To_Blame_For_Mexicos_Drug_War.xlsx-128,5248910d75eb1e1c628064100b17c818,0.0,True,0,False,"Just as a point of factual issues here. To the best of my knowledge, and although I was not present at all of the meetings but between my father, my brother and myself we have been present at most of the summit meetings between American and Mexican presidents over the last 30 years, I do not recall ever the United States having asked for US troops to go to Mexico, firstly. And secondly, strangely enough, though obviously I stand by what you both quoted, in the case of President Calderón, in December of 2006, my impression, I don’t know this as a fact. My impression is actually, that the Bush people did not pressure him into declaring this war. This was a decision he made absolutely on his own. Unlike what had happened on other occasions under Echeverría, López Portillo, mainly de la Madrid, and then again on—under Salinas, my impression back then, the US did pressure these Mexican presidents to engage in more active drug enforcement, but the Bush people, not because they believed in not holding, pursuing this war, but perhaps because they had other wars to pursue, which were concentrating their attention at the time—",whow,"{'probing': False, 'confronting': False, 'instruction': False, 'interpretation': False, 'supplement': False, 'utility': False}",False,"<CTX>Guess what, we’re not doing that, that’s not the suggestion—</CTX> <CTX>Jorge Castañeda—</CTX> <CTX>—it’s not on the table—</CTX> <TGT>Just as a point of factual issues here. To the best of my knowledge, and although I was not present at all of the meetings but between my father, my brother and myself we have been present at most of the summit meetings between American and Mexican presidents over the last 30 years, I do not recall ever the United States having asked for US troops to go to Mexico, firstly. And secondly, strangely enough, though obviously I stand by what you both quoted, in the case of President Calderón, in December of 2006, my impression, I don’t know this as a fact. My impression is actually, that the Bush people did not pressure him into declaring this war. This was a decision he made absolutely on his own. Unlike what had happened on other occasions under Echeverría, López Portillo, mainly de la Madrid, and then again on—under Salinas, my impression back then, the US did pressure these Mexican presidents to engage in more active drug enforcement, but the Bush people, not because they believed in not holding, pursuing this war, but perhaps because they had other wars to pursue, which were concentrating their attention at the time—</TGT>","Positive: 2  
Negative: 3  
No Reinforcement: 2

**Rationale"
239,17978335,8c240d8c621438a9d86a4e38d69ff324,2_481,2_480,Moderator,1.0,True,0,False,Thank you for your post.  You are correct; much of the discussion has focused on children with peanut allergies and has neglected the impact allergies may have on adults.  We certainly encourage more people to post about the impact of peanut allergies on adult airline travelers.,ceri,,True,"<CTX>I have been watching this discussion for a couple of days now, and want to weigh in on a few issues that have been raised by both supporters and opponents of a proposed peanut ban. 

First, I find that most of the discussion has been focusing on children with allergies, and related to that, good parenting. This is certainly understandable, given the increase in peanut allergies among children. But it neglects another perspective - namely, the adult allergy sufferer. 

I've had a moderate to severe peanut allergy since the age of 2 (and I am now in my late 20s). By the age of 6, I knew how to take my medications myself. Since the EpiPen has come out, I've carried epinephrine with me. And I've always had various other medications - e.g. inhaler - on hand. I would never expect an airline to have such medications on hand, though I would expect them to have a first-aid kit.

Opponents of the ban suggest that allergy sufferers simply avoid flying. It might be possible when the sufferer is a child - perhaps it is possible for a family to drive to grandma's house for Christmas instead of taking a plane. This depends, of course, on where grandma lives - if she lives in California, and the family lives in Maine, there might be problems.

Adults, on the other hand, travel by air for a myriad of reasons. As a graduate student, I studied at a university eight hours from home. A few months ago, there was a family emergency at home. My choices were to drive eight hours, thereby possibly ending after a loved one had already passed, or to brave a flight with peanuts on board but that would take considerably less time. I chose the flight, taking all sorts of precautions including informing the flight attendants of my allergy. They created a ""peanut-free zone"" around me, serving pretzels to the passengers sitting four rows in front of me and four rows behind me. I still had a mild reaction (no use of the EpiPen, in other words, but still heavily medicated by the time I left the plane), so that when I did arrive at the hospital, I had to undergo treatment myself before visiting my loved one. 

Towards the end of graduate school, I applied to a number of jobs all over the US and was granted interviews at many of them. For offices that were far away, I chose the interviews that I did accept and attend based on whether a peanut-free airline was available to fly into that city. I feared not only a severe allergic reaction in air, but also any repercussions that could carry over to my interview once I had taken medication. I've had allergies since the age of 2, so I understand that sometimes, my ability to engage in certain activities is more limited than others. But when I take all necessary precautions and still, my job prospects are limited or I fail to see a dying loved one, because an airline obstinately refuses to serve peanuts, isn't that a little ridiculous? Is this really a fair result? I shudder to think what life will be like when I am a ""full-fledged"" working</CTX> <TGT>Thank you for your post.  You are correct; much of the discussion has focused on children with peanut allergies and has neglected the impact allergies may have on adults.  We certainly encourage more people to post about the impact of peanut allergies on adult airline travelers.</TGT>","Positive: 4  
Negative: 2  
No Reinforcement: 3"
879,18007431,021313%20genetic%20engineering,iq2-021313%20genetic%20engineering-80,iq2-021313%20genetic%20engineering-79,Nita Farahany,0.0,True,0,False,"It's true that this is an argument one could make in nearly any area, but it's different in this one because this isn't just that other countries are doing it. It's that other countries have studied it, they have found it to be scientifically and ethically valid. The U.K. has the human fertilization and embryology authority. Unlike the U.S., things happen there with oversight, public oversight. This organization held a long inquiry inviting scientific and ethical input. The Nuffield Council on Bioethics likewise in the U.K. looked into mitochondrial DNA transfer. What they urged the U.K. to do is to green light this technology and go ahead. We are not saying all genetic engineering. This particular type has the green light. We would be left behind if we decide to prohibit it.",iq2,,True,"<CTX>So I want to put questions to each of the sides in turn. And I want to begin with just this broad notion of the U.S. being left behind. Since we're talking about a prohibition, we're talking about, in that sense, something legal or regulatory. The side arguing against prohibition says the net result of that would be to leave the U.S. behind in something that is happening already, that this train has left the station. Sheldon Krimsky, can you respond to that?</CTX> <CTX>Well, that's an all-purpose argument that you can apply for many things. We have all kind of moral provisions in the United States. We don't allow the sale of organs. We restrict certain types of uses of viruses in research. We prohibit certain experiments with animals that are considered immoral. We can always use that argument and say somebody will be left behind, but we have to establish moral principles and safety principles that make sense to our scientific community and our general society.</CTX> <CTX>Thank you, Sheldon. And I just want to ask the panelists not to hold the mic, because of vibrations are picked up. Nita Farahany, your response.</CTX> <TGT>It's true that this is an argument one could make in nearly any area, but it's different in this one because this isn't just that other countries are doing it. It's that other countries have studied it, they have found it to be scientifically and ethically valid. The U.K. has the human fertilization and embryology authority. Unlike the U.S., things happen there with oversight, public oversight. This organization held a long inquiry inviting scientific and ethical input. The Nuffield Council on Bioethics likewise in the U.K. looked into mitochondrial DNA transfer. What they urged the U.K. to do is to green light this technology and go ahead. We are not saying all genetic engineering. This particular type has the green light. We would be left behind if we decide to prohibit it.</TGT>","Positive: 4  
Negative: 2  
No Reinforcement: 3"
620,20723,2157,fora-2157-69,fora-2157-68,39038,0.0,True,0,False,Because things are being introduced to them earlier that they're starting that process of processing who they are.,fora,"{'Express affirmation': 0, 'Specific invitation': 0, 'Provide example': 0, 'Open invitation': 0, 'Make connections': 0, 'Express appreciation': 0, 'Follow up question': 0}",False,"<CTX>I wonder-</CTX> <CTX>My daughter's group-</CTX> <CTX>I wonder if we're going through it a little faster because I see in fifth grade they definitely want to be the same, and that used to be something that you see more in high school, I wonder if they're coming through it more quickly, I don't know that-</CTX> <TGT>Because things are being introduced to them earlier that they're starting that process of processing who they are.</TGT>","Positive: 3  
Negative: 1  
No Reinforcement: 2"
256,17977960,f33d6d53180f2ef1702d6a1293f30d55,2_1067,,gowangirl,0.0,True,0,False,"I just want to chime in and say how there needs to be more regulation in how carry-on baggage is handled on the plane.  If only there was a way to have a specific, seat-dedicated overhead bin (with a lock? - just brainstorming here) that would allow only myself to use.  So if my ginormous bag didn't physically fit into my personal overhead bin, then I can't stuff it into your space.  I think that was the thinking with the current system, but now people are rushing to get onto the plane so they can get an overhead bin space so they don't have to put things under the seat in front of them, without care that they are infringing on everyone else's overhead space.  If there was a one free checked bag allowance, that would be helpful.  But ultimately, I would love to have seat-specific overhead space.

I realize that doesn't exactly fit into this category, except I suppose it does support the one-checked-bag-free idea.  Thank you.",ceri,,False,"<TGT>I just want to chime in and say how there needs to be more regulation in how carry-on baggage is handled on the plane.  If only there was a way to have a specific, seat-dedicated overhead bin (with a lock? - just brainstorming here) that would allow only myself to use.  So if my ginormous bag didn't physically fit into my personal overhead bin, then I can't stuff it into your space.  I think that was the thinking with the current system, but now people are rushing to get onto the plane so they can get an overhead bin space so they don't have to put things under the seat in front of them, without care that they are infringing on everyone else's overhead space.  If there was a one free checked bag allowance, that would be helpful.  But ultimately, I would love to have seat-specific overhead space.

I realize that doesn't exactly fit into this category, except I suppose it does support the one-checked-bag-free idea.  Thank you.</TGT>","Positive: 2  
Negative: 3  
No Reinforcement: 2

**Explanation:**"
611,23510,1117,fora-1117-17,fora-1117-16,31183,0.0,True,0,False,"What do I like about Dane County? I like the fact that we have so many passionate people in this community, they really step up and seem to back each other up for big issues. And we do a really good job of getting that information out there so that people can get involved. So that's what I like about that. And of course Dane County is beautiful, we have so many different options of things you can do and we're family oriented which is really important to me as a single mother of a young child. It's important that I can look to my community and not have to go somewhere else to find something for us to do as a little family, so that's the main thing. But I really love a lot of the people here are really positive and really just looking to make that impact, and will come together at the drop of a hat if something is needed or if they're really passionate about it.",fora,"{'Express affirmation': 0, 'Specific invitation': 0, 'Provide example': 0, 'Open invitation': 0, 'Make connections': 0, 'Express appreciation': 0, 'Follow up question': 0}",True,"<CTX>Great. Great, thanks. And Emily, what do you think United Way does for our community?</CTX> <CTX>When I think of United Way the first thing that comes to mind is the connection piece. They're like the central guru of what's going on and what is available for people to participate in volunteer-wise, where to find resources, how to get connected with different groups and community members, things like that. So that's always the message that I think about what I think about United Way. And then of course it's the funding piece is always important because they do bring in so much to the community funding wise to be able to continue these programs and different things, but really the most important piece to me is the connection piece. I know if I'm interested in getting involved with a certain group or interest group of some sort that I can always explore what the United Way has already compiled and put together to then reach out on a broader spectrum.</CTX> <CTX>Great. So we've got the ideas of funding entities, convening people and connecting people to the resources in the community. Those are really, really good notions. Now let's move on to the two central questions here, and the first one is what do you most appreciate about Dane County and if you could share a story from your own experience that will help give us a sense of why you appreciate that, that would be good. And we'll... Maybe let's just reverse the order here and we can start with Emily, but this can become a little more free-flowing. This is a small group, feel free to build on what other people are saying or if you want to ask a question that's good. If you're afraid to just jump in and speak you can use the reaction button to raise your hand and I will try and notice there's a hand up, but don't feel like you have to do it that way if you want to just say something. Try not to talk over anyone too much, but... So Emily, what do you appreciate about Dane County? You've had a chance to come back. And share a story from your experience that'll help give us a picture about what you like and why.</CTX> <TGT>What do I like about Dane County? I like the fact that we have so many passionate people in this community, they really step up and seem to back each other up for big issues. And we do a really good job of getting that information out there so that people can get involved. So that's what I like about that. And of course Dane County is beautiful, we have so many different options of things you can do and we're family oriented which is really important to me as a single mother of a young child. It's important that I can look to my community and not have to go somewhere else to find something for us to do as a little family, so that's the main thing. But I really love a lot of the people here are really positive and really just looking to make that impact, and will come together at the drop of a hat if something is needed or if they're really passionate about it.</TGT>","Positive: 5  
Negative: 1  
No Reinforcement: 2

**Rationale"
544,37563,2243,fora-2243-149,fora-2243-148,40421,0.0,True,0,False,Yeah.,fora,"{'Express affirmation': 0, 'Specific invitation': 0, 'Provide example': 0, 'Open invitation': 0, 'Make connections': 0, 'Express appreciation': 0, 'Follow up question': 0}",False,"<CTX>When it came to the pharmacy, right?</CTX> <CTX>Yeah, when it came to the pharmacy. You could just walk in.</CTX> <CTX>Except our pharmacy, they don't ever do nothing.</CTX> <TGT>Yeah.</TGT>","Positive: 2  
Negative: 3  
No Reinforcement: 2"
771,17993822,buy-american,iq2-buy-american-347,iq2-buy-american-346,Jeff Madrick,0.0,True,0,False,"In balance, the whole wage package may be higher but the distribution of those wages changes. Now, free market theory is very compelling. It is a simple and pretty ideology. For the most part, the opposition has put forward this theory. And I think, judging by some of the questions, many of you believe it out there-- that efficient markets exist. I’m a little surprised I hear so much out there, given the financial crisis because we were told time and again that bonuses made sense, that securitization made sense, that even some people-- like Alan Greenspan, and to some degree, Ben Bernanke-- told us high house prices make sense. They resorted to the same kind of thinking that is behind this idea that we just let markets work and sort it out. The way to respond to change is through active government working with business, active incentives. And this kind of argument has Rosenkranz Foundation-Intelligence Squared U.S. diminished our ability to do that in America.",iq2,,True,"<CTX>You take acute technological change going on assembly lines. Entire assembly lines are wiped out. If you’re going to see, you know, take your child to see Charlie Chaplin’s Modern Times and they say that he goes berserk on the assembly line and they say, Can you take me to see an assembly line? Well, you can but you won’t see Charlie Chaplin there. You will see five people in a cage up there. So what has happened is that large numbers of jobs have been lost and you’re getting more volatility as a result, for the unskilled workers. And we have to really rethink the whole issue of how we accommodate the institutional change to be able to support workers, but protectionism is not the answer.</CTX> <CTX>Thank you very much. Summarizing his position against our motion, Jeff Madrick, Senior Fellow at the Schwartz Center for Economic Policy Analysis at the New School. Jeff Madrick.</CTX> <CTX>Thank you. The first narrow motion, Buy American/Hire American will not have a reverse impact. It’s a rather small issue. What it will do is allow our stimulus to work effectively. That is our first priority. The way it’s now structured, our stimulus to get ourselves out of this recession, will leak badly Rosenkranz Foundation-Intelligence Squared U.S. overseas. That’s the principle issue. The opposition has talked about how it will inevitably cost jobs that use simple, people over there think it will save jobs in the near term. But if you thought about it for a second or two you’d realize there are second, third and fourth order effects. The fact is that both theory and most empirical studies suggest that more jobs are lost than the opposition is acknowledging. In fact, on balance the theory says a significant portion of jobs or wages are lost in this kind of situation.</CTX> <TGT>In balance, the whole wage package may be higher but the distribution of those wages changes. Now, free market theory is very compelling. It is a simple and pretty ideology. For the most part, the opposition has put forward this theory. And I think, judging by some of the questions, many of you believe it out there-- that efficient markets exist. I’m a little surprised I hear so much out there, given the financial crisis because we were told time and again that bonuses made sense, that securitization made sense, that even some people-- like Alan Greenspan, and to some degree, Ben Bernanke-- told us high house prices make sense. They resorted to the same kind of thinking that is behind this idea that we just let markets work and sort it out. The way to respond to change is through active government working with business, active incentives. And this kind of argument has Rosenkranz Foundation-Intelligence Squared U.S. diminished our ability to do that in America.</TGT>","Positive: 3  
Negative: 4  
No Reinforcement: 2"
1419,18035384,91_22879_U.S._Airports_Should_Use_Racial_And_Religious_Profiling.xlsx,whow-91_22879_U.S._Airports_Should_Use_Racial_And_Religious_Profiling.xlsx-46,whow-91_22879_U.S._Airports_Should_Use_Racial_And_Religious_Profiling.xlsx-45,e31f6f9827c187e8aebdb0839a0c963a,0.0,True,0,False,Right.,whow,"{'probing': False, 'confronting': False, 'instruction': False, 'interpretation': False, 'supplement': False, 'utility': False}",False,"<CTX>Right.</CTX> <CTX>Precisely the point I'm making.</CTX> <CTX>There was a threat profile back in the-- in the '50s through the '70s, when there were people who were for Puerto Rican independence and expected that violently. That no longer is the case so, that profile is just--</CTX> <TGT>Right.</TGT>","Positive: 2  
Negative: 1  
No Reinforcement: 3"
1041,40493,cqqahme,umod-cqqahme-0,,user-umod-cqqahme-0,0.0,True,0,False,"I am mostly talking about restaurant and retail. It is 2015 and many people carry ZERO cash nowadays. They simply use their debit/credit card (or even smartphone) for payments. These people won't go to restaurants or retail stores that cannot accept cash. Most business that don't accept card are ""mom n pop"" places that think they cannot afford to. This is due to the cost of the terminal, the per transaction fee and the percentage of each sale. Well I say they cannot afford not to. The increase in traffic alone would cover the other costs. And if they are still worried about it they could always charge extra for those using a credit card maybe $.25 or something like that. (Where allowable by law). I would be turned off paying an extra fee at a large retailer but likely wouldn't mind from a small business. Instead of this though, these business are essentially turning people away, thus refusing their money. ",umod,"{'softlabel_mace': 0.9843081241130944, 'subjectivity': 2.6666666666666665, 'aggressiveness': 1.2222222222222223, 'constructiveness': 3.7777777777777777, 'sentiment': 'neutral', 'relamountRole': 0.7777777777777778, 'countModFunctions': 7, 'annot_similarity_pre': 0.586, 'annot_similarity_post': 0.5275555, 'none': 0, 'social': 0, 'improveQuality': 1, 'organizing': 0, 'content': 1, 'broadening': 1, 'policing': 0, 'siteIssues': 0, 'offTopic': 0, 'agreeYes': 7, 'agreeNo': 1, 'opinionNotClear': 1, 'numAnnotators': 9, 'seedmodel': 'expert', 'flagged': 0}",False,"<TGT>I am mostly talking about restaurant and retail. It is 2015 and many people carry ZERO cash nowadays. They simply use their debit/credit card (or even smartphone) for payments. These people won't go to restaurants or retail stores that cannot accept cash. Most business that don't accept card are ""mom n pop"" places that think they cannot afford to. This is due to the cost of the terminal, the per transaction fee and the percentage of each sale. Well I say they cannot afford not to. The increase in traffic alone would cover the other costs. And if they are still worried about it they could always charge extra for those using a credit card maybe $.25 or something like that. (Where allowable by law). I would be turned off paying an extra fee at a large retailer but likely wouldn't mind from a small business. Instead of this though, these business are essentially turning people away, thus refusing their money. </TGT>","Positive: 3  
Negative: 2  
No Reinforcement: 4

**Explanation of"
1789,44763,668643708.87456.87456,wikitactics-668643708.87456.87456-21,wikitactics-668643708.87456.87456-20,AcidSnow,0.0,True,1,True,"Thanks for understanding Buckshot06, I greatly appreciate it. There was already a solution made but he has nonetheless ignored it. If you didn't notice in the request he made for you, he doesn't seem to mind making personal attacks against users. It seem that he too will get away with this as well.",wikitactics,,False,"<CTX>''Using the official  Somaliland Map only'''
'' Using the above (top) map showing the disputed eastern Sool and Sanaag regions   between Puntland and  Somaliland'''
''Two map solution'''  Plus you  should bring any reliable  evidences supporting your map that Awdalland exists  as a functioning state against Somaliland rule in western  Awdal region.
Can we agree any of the above?</CTX> <CTX>Sorry, but none of your ideas would work. See Awdalland for a start if your interested in learning about it. More importantly, cold you stop breaking consensus? Four users have already stated that they disagree with the map yet you continue to defy that and deny its existence? If not, then you risk being blocked.</CTX> <CTX>I've been asked to comment by Dandaawi. The map that shows the disputed areas in a different colour is preferable to the block red (I think ex British Somaliland) map, and honestly, whatever one's views on the political status of Somaliland, it has been very closely associated with the 1960-91 Somalia for a very long time, so the ""7"" shaped map does offer greater recognition for those who are not Somalia experts. I am very tempted however to parcel out equal blocks for anyone who keeps edit warring on this page - sort it out here on the talkpage, that's what it's here for. Regards to all</CTX> <TGT>Thanks for understanding Buckshot06, I greatly appreciate it. There was already a solution made but he has nonetheless ignored it. If you didn't notice in the request he made for you, he doesn't seem to mind making personal attacks against users. It seem that he too will get away with this as well.</TGT>","Positive: 2  
Negative: 4  
No Reinforcement: 2

**Rationale"
759,17987659,093014%20Middle%20East,iq2-093014%20Middle%20East-112,iq2-093014%20Middle%20East-111,Paul Pillar,0.0,True,0,False,"And I think there are some very tactical decisions that have been very difficult for the administration to make. And we can get really down in the weeds in terms of, you know, hitting this mountain rather than mountain. And I don't think Aaron and I are saying, despite the efforts of our worthy opponents to frame the debate in a way that we have to say that every use of military force is for the worst. That's, of course, not what we're saying.",iq2,,True,"<CTX>Paul, what about the example he gave of the Yazidi community stuck on the top of a mountain facing genocide? That's not a threat to our national security. Was it our business militarily?</CTX> <CTX>Well, it was a threat to the Yazidis.</CTX> <CTX>Yeah.</CTX> <TGT>And I think there are some very tactical decisions that have been very difficult for the administration to make. And we can get really down in the weeds in terms of, you know, hitting this mountain rather than mountain. And I don't think Aaron and I are saying, despite the efforts of our worthy opponents to frame the debate in a way that we have to say that every use of military force is for the worst. That's, of course, not what we're saying.</TGT>","Positive: 3  
Negative: 2  
No Reinforcement: 2"
382,28233,2239,fora-2239-52,fora-2239-51,40378,0.0,True,0,False,In the neighborhood.,fora,"{'Express affirmation': 0, 'Specific invitation': 0, 'Provide example': 0, 'Open invitation': 0, 'Make connections': 0, 'Express appreciation': 0, 'Follow up question': 0}",False,"<CTX>See, it's the men. But the men-</CTX> <CTX>We starting with kids.</CTX> <CTX>That's what I said. It's not the residents, because you can't get through to the residents. Start with the kids, because the kids is the ones that's out there all day, and all the time.</CTX> <TGT>In the neighborhood.</TGT>","Positive: 2  
Negative: 4  
No Reinforcement: 3

**Explanation:**"
1103,40856,cpasi09,umod-cpasi09-0,,user-umod-cpasi09-0,0.0,True,0,False,"I see global warming supporters get so excited when people don't agree with them and I don't understand it at all. I don't believe anybody, no matter how many degrees they have, and how many computers they have, or how many are working together, can predict the future. Nothing I have ever seen in my life would make me think that scientists using computers can predict the future. Can anyone give me a single solitary time someone has accurately predicted the weather/climate roughly 50 years in the future? Can someone find me a prediction of the climate from 1965 that accurately describes the current situation? Why does the idea that somebody can tell you what the climate will be like in 50 years sound believable to anyone? _____ ",umod,"{'softlabel_mace': 0.9999989745021712, 'subjectivity': 2.1, 'aggressiveness': 1.4, 'constructiveness': 4.3, 'sentiment': 'neutral', 'relamountRole': 1.0, 'countModFunctions': 4, 'annot_similarity_pre': 0.44950002, 'annot_similarity_post': 0.4532, 'none': 0, 'social': 0, 'improveQuality': 0, 'organizing': 0, 'content': 1, 'broadening': 0, 'policing': 0, 'siteIssues': 0, 'offTopic': 0, 'agreeYes': 10, 'agreeNo': 0, 'opinionNotClear': 0, 'numAnnotators': 10, 'seedmodel': 'GPT', 'flagged': 0}",True,"<TGT>I see global warming supporters get so excited when people don't agree with them and I don't understand it at all. I don't believe anybody, no matter how many degrees they have, and how many computers they have, or how many are working together, can predict the future. Nothing I have ever seen in my life would make me think that scientists using computers can predict the future. Can anyone give me a single solitary time someone has accurately predicted the weather/climate roughly 50 years in the future? Can someone find me a prediction of the climate from 1965 that accurately describes the current situation? Why does the idea that somebody can tell you what the climate will be like in 50 years sound believable to anyone? _____ </TGT>","Positive: 2  
Negative: 4  
No Reinforcement: 3

**Explanation of"
973,18013003,Google-111808,iq2-Google-111808-102,iq2-Google-111808-101,Siva Vaidhyanathan,0.0,True,0,False,"I don’t want to argue that, that making this material available is an example of evil, what was evil was the hubris in arguing that they could fly above the basics of copyright when they do it. And Larry and I have had this argument going on for about four years, we don’t want to invite everybody else into it, nonetheless, we—",iq2,,True,"<CTX>We’ll come to your second question, I want Siva to respond to that, because—</CTX> <CTX>Yeah, I’ll—</CTX> <CTX>…basically, what’s wrong with, especially since a lot of these, millions of books were out of print, you couldn't get to unless you traveled halfway across the world to a dusty library, and what you can now get online.</CTX> <TGT>I don’t want to argue that, that making this material available is an example of evil, what was evil was the hubris in arguing that they could fly above the basics of copyright when they do it. And Larry and I have had this argument going on for about four years, we don’t want to invite everybody else into it, nonetheless, we—</TGT>","Positive: 3  
Negative: 2  
No Reinforcement: 2

**Explanation:**"
352,28901,2345,fora-2345-128,fora-2345-127,42294,0.0,True,0,False,That is so true.,fora,"{'Express affirmation': 0, 'Specific invitation': 0, 'Provide example': 0, 'Open invitation': 0, 'Make connections': 0, 'Express appreciation': 0, 'Follow up question': 0}",False,"<CTX>The pantries, yeah.</CTX> <CTX>Yes. Yes.</CTX> <CTX>I appreciated all the people who sacrificed themselves for us while we were hiding and shutting down.</CTX> <TGT>That is so true.</TGT>","Positive: 4  
Negative: 1  
No Reinforcement: 3"
1605,44232,442680923.109971.109956,wikitactics-442680923.109971.109956-9,wikitactics-442680923.109971.109956-8,Takabeg,0.0,True,0,True,I'm not a Turkish editor. But I understand that this article is not neutral.,wikitactics,,False,"<CTX>How come Pontus is a small place ? It is the whole BLACKSEA REGION. There were more then 350.000 Greeks were living there before the genocide. Apart from there most of the remaining ones were in Costantinopole and Smyrna. Your hypothesis about this small region is not valid here.</CTX> <CTX>I cannot understand how it can be understood that ""genocide"" is widely estanlished in reliable literature from those results and analysis. Is it just me seeing that there are about ten reliable sources calling this event ""Greek genocide""? And is it just me who thinks that this is very few for the murder of a great number of people? Or is it me who does not know what a genocide is? I think an analysis of the ""persecution"" / ""massacres"" results would be helpful. And the NPOV tag should remain on the article until we settle this dispute with third party editors who has not yet commented on this issue, I think.</CTX> <CTX>No, I think this is just a case of WP:IJUSTDONTLIKEIT by Turkish editors, as with the Armenian Genocide. Because the only ones that complain about POV are Turkish editors. I have yet to see a ""third party"" editor come here and complain about the name, POV, etc...</CTX> <TGT>I'm not a Turkish editor. But I understand that this article is not neutral.</TGT>","Positive: 2  
Negative: 4  
No Reinforcement: 3

**Explanation of"
1825,45134,505376637.108690.108690,wikitactics-505376637.108690.108690-9,wikitactics-505376637.108690.108690-8,NaturaNaturans,0.0,True,1,True,"I take issue with you referring to the highlighting of Spinoza on a page on pantheism as ""panegyric"".  Pantheism is inextricably bound to no one more influential figure than Spinoza.  That is a plain fact and you cannot use a wikipedia page to attempt to mitigate the fact that the man is referenced first by just about everyone who uses the word pantheism.  If you choose to use the word in a different way and for another purpose, that's your prerogative.  But you are doing a disservice to people looking for information on wikipedia when you try and force your divergent viewpoint upon a popular information page. (  )",wikitactics,,False,"<CTX>Certain groups of Hinduism, Taoism, Wicca, and Kabbalah, among others, are the largest pantheist groups on the planet, not an internet website soliciting donations for environmental causes.  Determinism and Classical Pantheism are not my agenda.  I happen to be an environmentalist as well and donate to environmental causes.  That doesn't mean I try to twist around a deep word born out of Spinoza's philosophy on wikipedia to promote environmental politics.  That would be what you're doing and that is unacceptable.  Wikipedia is not for self promotion.  In fact, members of the Church of Scientology were recently banned from Wikipedia for trying to control the page on Scientology.  You're taking it a step further beyond the ""World Pantheist Movement"" wikipedia page and are trying to control the ""Pantheism"" page to suit your purposes.  Your ""spiral"" is a symbol of a donation based organization used to promote itself.  That symbol does not belong on the wikipedia page on pantheism. (  )</CTX> <CTX>http://en.wikipedia.org/wiki/Wikipedia:Conflict_of_interest  (  )</CTX> <CTX>Okay, I agree to removing the symbols and hope that you agree to removing your panegyric of Spinoza. I would suggest a lineup of famous pantheist faces instead: Marcus Aurelius, Girodano Bruno, Spinoza, Wordsworth, Whitman, Emerson, DH Lawrence, Frank Lloyd Wright, Einstein, Margaret Atwood.
See Determinism entry for agendas.</CTX> <TGT>I take issue with you referring to the highlighting of Spinoza on a page on pantheism as ""panegyric"".  Pantheism is inextricably bound to no one more influential figure than Spinoza.  That is a plain fact and you cannot use a wikipedia page to attempt to mitigate the fact that the man is referenced first by just about everyone who uses the word pantheism.  If you choose to use the word in a different way and for another purpose, that's your prerogative.  But you are doing a disservice to people looking for information on wikipedia when you try and force your divergent viewpoint upon a popular information page. (  )</TGT>","Positive: 2  
Negative: 4  
No Reinforcement: 3

**Rationale"
1036,40216,cpjc6if,umod-cpjc6if-0,,user-umod-cpjc6if-0,0.0,True,0,False,"In relation to your ""dependent on or facilitated by"" question, there's an underlying problem I don't think you've addressed yet. You could assert some invisible entity for virtually anything the body does and claim the body is merely channeling it. For example, maybe there's some entity that the liver channels in order to purify blood. We couldn't disprove such an entity, but we could dismiss it on the grounds that it's both extraneous and unfalsifiable, just like the notion of consciousness as a raw entity. &>>Can you point me in the direction of a journal that shows the discovery of the part of the brain that creates consciousness? This is a flawed question. In neuroscience, ""consciousness"" is a loose umbrella for a lot of different things the brain does. What do you believe consciousness as you've defined it does that you'd like me to connect to how the the brain functions?",umod,"{'softlabel_mace': 0.2781179994725061, 'subjectivity': 3.111111111111111, 'aggressiveness': 1.6666666666666667, 'constructiveness': 4.444444444444445, 'sentiment': 'neutral', 'relamountRole': 0.7777777777777778, 'countModFunctions': 7, 'annot_similarity_pre': 0.47577778, 'annot_similarity_post': 0.3932222, 'none': 0, 'social': 0, 'improveQuality': 0, 'organizing': 0, 'content': 0, 'broadening': 1, 'policing': 0, 'siteIssues': 0, 'offTopic': 0, 'agreeYes': 5, 'agreeNo': 0, 'opinionNotClear': 4, 'numAnnotators': 9, 'seedmodel': 'expert', 'flagged': 0}",False,"<TGT>In relation to your ""dependent on or facilitated by"" question, there's an underlying problem I don't think you've addressed yet. You could assert some invisible entity for virtually anything the body does and claim the body is merely channeling it. For example, maybe there's some entity that the liver channels in order to purify blood. We couldn't disprove such an entity, but we could dismiss it on the grounds that it's both extraneous and unfalsifiable, just like the notion of consciousness as a raw entity. &>>Can you point me in the direction of a journal that shows the discovery of the part of the brain that creates consciousness? This is a flawed question. In neuroscience, ""consciousness"" is a loose umbrella for a lot of different things the brain does. What do you believe consciousness as you've defined it does that you'd like me to connect to how the the brain functions?</TGT>","**Positive: 3**  
The discussion demonstrates a thoughtful, critical engagement with complex philosophical and scientific"
1107,40454,ca3lvql,umod-ca3lvql-0,,user-umod-ca3lvql-0,0.0,True,0,False,"* Past benefit provided by the male does not provide for continued or future association. * Any agreement where the male provides a current benefit in return for a promise of future association is null and void as soon as the male has provided the benefit (see corollary 1) * A promise of future benefit has limited influence on current/future association, with the influence inversely proportionate to the length of time until the benefit will be given and directly proportionate to the degree to which the female trusts the male.",umod,"{'softlabel_mace': 0.9856474182005256, 'subjectivity': 2.7777777777777777, 'aggressiveness': 1.4444444444444444, 'constructiveness': 3.888888888888889, 'sentiment': 'neutral', 'relamountRole': 0.7777777777777778, 'countModFunctions': 7, 'annot_similarity_pre': 0.586, 'annot_similarity_post': 0.5275555, 'none': 0, 'social': 0, 'improveQuality': 0, 'organizing': 0, 'content': 0, 'broadening': 0, 'policing': 0, 'siteIssues': 0, 'offTopic': 0, 'agreeYes': 6, 'agreeNo': 0, 'opinionNotClear': 3, 'numAnnotators': 9, 'seedmodel': 'GPT', 'flagged': 0}",False,"<TGT>* Past benefit provided by the male does not provide for continued or future association. * Any agreement where the male provides a current benefit in return for a promise of future association is null and void as soon as the male has provided the benefit (see corollary 1) * A promise of future benefit has limited influence on current/future association, with the influence inversely proportionate to the length of time until the benefit will be given and directly proportionate to the degree to which the female trusts the male.</TGT>","Based on the provided input, the discussion appears to be highly confrontational, dogmatic, and focused"
494,30122,2778,fora-2778-58,fora-2778-57,48748,0.0,True,0,False,"Yeah, I think just last year, this class, I had a student who just melted down and screamed and yelled. And even with all of the things that we typically are can find success with, it just really didn't improve at all.",fora,"{'Express affirmation': 0, 'Specific invitation': 0, 'Provide example': 0, 'Open invitation': 0, 'Make connections': 0, 'Express appreciation': 0, 'Follow up question': 0}",True,"<CTX>Every day?</CTX> <CTX>I know, I just trying to-</CTX> <CTX>Every day, in some way.</CTX> <TGT>Yeah, I think just last year, this class, I had a student who just melted down and screamed and yelled. And even with all of the things that we typically are can find success with, it just really didn't improve at all.</TGT>","Positive: 2  
Negative: 3  
No Reinforcement: 2"
393,30177,2778,fora-2778-113,fora-2778-112,48749,0.0,True,0,False,Sorry.,fora,"{'Express affirmation': 0, 'Specific invitation': 0, 'Provide example': 0, 'Open invitation': 0, 'Make connections': 0, 'Express appreciation': 0, 'Follow up question': 0}",False,"<CTX>All right. So thinking about the world as it's evolving, it's evolving quickly, things are changing rapidly for us as adults. So imagining the Gardner area in the next few decades, we've heard a lot from different community-conversations about the excitement about downtown and more businesses coming in and having more people coming in from away that are bringing renewed energy, but there's still real commitment to the traditions of the area. And so it feels in the community conversation very positive about the future of Gardner. And so thinking about that and what's happening in the world, one of the most important experiences, skills, and capacities for your students to gain before adulthood for them to thrive in that world that they'll be adults in? So not where they have them, but just what kinds of skills do they need, what kinds of experiences should they have? What about capacity building? And again, not that it has to happen in your classroom just in general.</CTX> <CTX>I think it's perseverance, being able to problem solve and figure out things. So you know how to solve a problem without being told, ""Oh, do this, do this,"" but being their own thinker and independent thinkers, I guess, is the biggest thing.</CTX> <CTX>What else? Again, just trying to speak as loudly as feels reasonable.</CTX> <TGT>Sorry.</TGT>","Positive: 4  
Negative: 1  
No Reinforcement: 3"
1546,45353,215208074.10523.10523,wikitactics-215208074.10523.10523-1,,Gaaarg,1.0,True,0,True,JAH Throne music,wikitactics,,True,<TGT>JAH Throne music</TGT>,"Positive: 1  
Negative: 5  
No Reinforcement: 4"
464,30262,2778,fora-2778-198,fora-2778-197,48749,0.0,True,0,False,"Oh, no, I didn't really realize that. Sorry.",fora,"{'Express affirmation': 0, 'Specific invitation': 0, 'Provide example': 0, 'Open invitation': 0, 'Make connections': 0, 'Express appreciation': 0, 'Follow up question': 0}",True,"<CTX>We should look at growth and not that.</CTX> <CTX>It's about meeting them where they are. But that's hard to do when we're expected to fit square pegs and round hurst. And they feel it and they know it; and they don't get the support at home. I think we forget that 15-years ago kids got some of the support and those goals were more attainable. And in the high school, we've taken away all the shock classes and all of those classes for all of those students who that's their strength. And those are the people we need right now in the world. The plumbers, the electricians, all of work with your hands and now there's none of that at the middle school, high school levels that we need to evolve back into let's educate the children we actually have.</CTX> <CTX>You look you had a-</CTX> <TGT>Oh, no, I didn't really realize that. Sorry.</TGT>","Positive: 3  
Negative: 2  
No Reinforcement: 2

**Explanation:"
886,17982256,FreedomOfExpression-101806,iq2-FreedomOfExpression-101806-101,iq2-FreedomOfExpression-101806-100,David Cesarani,0.0,True,0,False,Hello—,iq2,,False,"<CTX>Now what you’re saying, Philip, is preposterous. Throughout Europe, the Jewish communities were very divided over the Danish cartoon issue.</CTX> <CTX>The European Jewish communities have—</CTX> <CTX>Well, let him finish—</CTX> <TGT>Hello—</TGT>","Positive: 1  
Negative: 4  
No Reinforcement: 2"
1193,40628,cr073xx,umod-cr073xx-0,,user-umod-cr073xx-0,0.0,True,0,False,"I'm not talking about manners or reputation, just ethics in general. take politicians as an example, in order to be successful, they have to do the opposite of every ethical principle out there. successful entrepreneurs, world leaders, people in history books have all got to where they are because they took advantage of other people and put the ""ME"" before the ""WE"". It might seem like I'm ranting here, but the Machiavellian school of thought starting with Machiavelli's the prince and going through the tons of books based on it makes more sense to me than all the ""ethical"" approaches I've seen.",umod,"{'softlabel_mace': 0.0452491107823731, 'subjectivity': 2.875, 'aggressiveness': 2.0, 'constructiveness': 3.375, 'sentiment': 'neutral', 'relamountRole': 0.75, 'countModFunctions': 5, 'annot_similarity_pre': 0.367125, 'annot_similarity_post': 0.413375, 'none': 0, 'social': 0, 'improveQuality': 0, 'organizing': 0, 'content': 0, 'broadening': 0, 'policing': 0, 'siteIssues': 0, 'offTopic': 0, 'agreeYes': 6, 'agreeNo': 1, 'opinionNotClear': 1, 'numAnnotators': 8, 'seedmodel': 'expert', 'flagged': 0}",False,"<TGT>I'm not talking about manners or reputation, just ethics in general. take politicians as an example, in order to be successful, they have to do the opposite of every ethical principle out there. successful entrepreneurs, world leaders, people in history books have all got to where they are because they took advantage of other people and put the ""ME"" before the ""WE"". It might seem like I'm ranting here, but the Machiavellian school of thought starting with Machiavelli's the prince and going through the tons of books based on it makes more sense to me than all the ""ethical"" approaches I've seen.</TGT>","Positive: 2  
Negative: 4  
No Reinforcement: 3  

**Explanation of"
366,4503,658,fora-658-122,fora-658-121,28336,0.0,True,0,False,"Worthless, but with a question mark because it's not the exact word I was thinking of but the concept was when you pay a mortgage you eventually get a home, when you pay a rent you don't get anything so in that sense it's worthless.",fora,"{'Express affirmation': 0, 'Specific invitation': 0, 'Provide example': 0, 'Open invitation': 0, 'Make connections': 0, 'Express appreciation': 0, 'Follow up question': 0}",True,"<CTX>Yes, go ahead.</CTX> <CTX>All right so I have burden.</CTX> <CTX>Burden.</CTX> <TGT>Worthless, but with a question mark because it's not the exact word I was thinking of but the concept was when you pay a mortgage you eventually get a home, when you pay a rent you don't get anything so in that sense it's worthless.</TGT>","Positive: 2  
Negative: 1  
No Reinforcement: 3"
1893,18012578,palestine,iq2-palestine-94,iq2-palestine-93,Dore Gold,0.0,True,0,False,Why do you--,iq2,,True,"<CTX>--the resolution--</CTX> <CTX>What about India or Pakistan?</CTX> <CTX>Excuse me, Dore.</CTX> <TGT>Why do you--</TGT>","Positive: 2  
Negative: 1  
No Reinforcement: 3"
1873,43712,374973102.79274.79274,wikitactics-374973102.79274.79274-13,wikitactics-374973102.79274.79274-12,OpenFuture,1.0,True,0,True,I do agree the Trotsky quote can go.,wikitactics,,False,"<CTX>Although a couple of the ideas are the same, most of them are actually quite different. They don't contradict each other, so they could be merged, but we can't do that, it would be WP:SYNTHESIS if you can find one reliable source that takes a look at the other research and summarizes it, then that would solve the problem. Claiming that it gives undue weight to one view because it includes many is kinda strange.</CTX> <CTX>The section concerned argues that it is the nature of communism which is the cause of the problem, it doesn't require every single variation of that to be listed with multiple quotes many (such as the Trotsky one) completely out of context.</CTX> <CTX>' it doesn't require every single variation of that to be listed '' - Yes, it does, as there is no tertiary sources summarizing this and coming up with a consensus view on what in the communist ideology that causes mass killings. If we were to change that and say ""Many scholars believe mass killings are caused by the nature of communist ideology"", that would be WP:SYN.
You seem to be saying that by listing every scholars view, the view that communism was responsable gets undue weight. This is clearly not true, because each scholar is given about the same place. When doing that, the opinion that the ideology is to blame clearly has more weight, but it's also clearly not *undue* since this in fact is the most common view amongst scholars. The problem here is simply that you don't like it. But Wikipedia doesn't care what you, I or any one else here likes and doesn't like.</CTX> <TGT>I do agree the Trotsky quote can go.</TGT>","Positive: 3  
Negative: 4  
No Reinforcement: 2

**Explanation of"
744,18007572,021313%20genetic%20engineering,iq2-021313%20genetic%20engineering-221,iq2-021313%20genetic%20engineering-220,Lord Robert Winston,0.0,True,0,False,"Well, I think it's fair to say that we certainly will find some rather unusual occasions when there are abnormalities which are a result of the broad aspect of in vitro fertilization. There are particular issues which do change gene function; we know, for example, that embryo freezing on rare occasions changes gene function. We published that from my own laboratory, demonstrating that a cancer suppressing gene is suppressed in its action after routine freezing. We also know from animal studies in mice and rats, that there may be an increased risk of demyelination; that is, a form of ME in the brain in some animals that have had a cell removed. Now, I have to say that these things have to be much more carefully validated.",iq2,,False,"<CTX>Okay, another question, right down in the front here. Or, actually, I like to do a little gender balance, so forgive me, but, ma'am? I'll come back to you-- If you would stand up, please. Thanks.</CTX> <CTX>Yes, my name is Jane Gabret This question is really for both sides of the motion. There has been so much in vitro fertilization that's gone on, and I know that there are many studies now that are linking a possible link autism to in vitro fertilization. And is that an example of seeing something after the fact-- a good thing, in vitro has produced many, many babies but now they're thinking that the big, huge spike in autism could have some link to that.</CTX> <CTX>Robert Winston.</CTX> <TGT>Well, I think it's fair to say that we certainly will find some rather unusual occasions when there are abnormalities which are a result of the broad aspect of in vitro fertilization. There are particular issues which do change gene function; we know, for example, that embryo freezing on rare occasions changes gene function. We published that from my own laboratory, demonstrating that a cancer suppressing gene is suppressed in its action after routine freezing. We also know from animal studies in mice and rats, that there may be an increased risk of demyelination; that is, a form of ME in the brain in some animals that have had a cell removed. Now, I have to say that these things have to be much more carefully validated.</TGT>","Positive: 3  
Negative: 2  
No Reinforcement: 2"
529,6584,864,fora-864-27,fora-864-26,29726,1.0,True,0,False,And what was one factor that supported your health and wellness at that time? [inaudible],fora,"{'Express affirmation': 0, 'Specific invitation': 0, 'Provide example': 0, 'Open invitation': 0, 'Make connections': 0, 'Express appreciation': 0, 'Follow up question': 0}",False,"<CTX>Yeah. And the other question that I have is if they change my race in my medical record, they're not asking me about diabetes regularly. They're going to start asking me about diabetes and other things so I'm just like, ""How far do I push? When should I ask about my hemoglobin A1C?"" Those kinds of things. My mom has lupus. She gets lesions. And years ago, I thought that I had this lesion on my thigh, and I went to the doctor's office they were like, ""Oh, that's just a stretch mark."" And I'm like, ""Nah. I know what stretchmarks look like and that is not a stretch mark."" So I have to often feel like and I don't know if y'all have had positive experience too. I feel like I have to research the hell out things and come super uber prepared and I have self diagnosed stuff accurately time and time and time again because I just don't know. So yeah, scaring yourself with WebMD. Wellness and health and wellness being for me means that we actually have the opportunity to just be well, know what wellness looks like and if something happens in terms of the [inaudible 00:16:42], that we can go to a system that will understand and hear us as opposed to shutting our own inherent wisdom. And we'd all have access to clean water, hashtag Flint. That's all for right now. I'm not coherent, I'm sorry.</CTX> <CTX>No, you're fine. Thank you. And next think of a time, place or story where you felt that you were at your best in term of health and wellness? What can you remember about when you felt you were at your best? And what was one factor that supported your health and wellness at that time? And we're still going from Nicky to Erin to Angela.</CTX> <CTX>I believe for me it was probably when I was in my mom's care when I was a kid. And not to say I was so healthy because I was kind of a sickly kid. I grew up with chronic asthma and I would miss 20 some days of school each year and be in and out of the hospital, not for periods of time but I had a lot of visits with the emergency room because back then you didn't have a nebulizer machine at home. So you had to go to the emergency room to get the treatments to get it under control. It was called the [inaudible] and aminofilin back then, that was the med for me. And prednisone which was a steroid which I'm a person who don't need to be on steroids so that was trying. But that was probably my healthiest point in life. And then I started outgrowing it. I believe as I started becoming an adult, getting older, I started outgrowing it and it was having less attacks I believe. And I don't know if part of it was because I left, moved out of my mom's home and was not eating the way I was eating when I was at my mom's house because you weren't getting those meals so I was probably eating less that probably helped me lose some weight. And I was more active at that point which probably helped with the weight loss as well. And what else did you say?</CTX> <TGT>And what was one factor that supported your health and wellness at that time? [inaudible]</TGT>","Positive: 4  
Negative: 1  
No Reinforcement: 2

**Rationale"
802,17991260,103013%20jobs,iq2-103013%20jobs-410,iq2-103013%20jobs-409,John Donvan,1.0,True,0,False,"Wait a minute. I have to stop you-- because you've been talking for two minutes, and I truly need a question.",iq2,,False,"<CTX>--about the European Union. So my question is about European Union, there are countries in European Union that people that are part of European Union have no rights to work in, for example-- I mean they need a work permit-- Switzerland is one of them--</CTX> <CTX>It's not a member of the European Union.</CTX> <CTX>--so my question to you would be if we would take European Union as an example, I don't think that it economically they have done a really good job, so I wouldn't go by their example at all, and there are Austria, Germany, and--</CTX> <TGT>Wait a minute. I have to stop you-- because you've been talking for two minutes, and I truly need a question.</TGT>","Positive: 2  
Negative: 3  
No Reinforcement: 1"
1223,18031137,6_1595_America_Doesnt_Need_A_Strong_Dollar_Policy.xlsx,whow-6_1595_America_Doesnt_Need_A_Strong_Dollar_Policy.xlsx-34,whow-6_1595_America_Doesnt_Need_A_Strong_Dollar_Policy.xlsx-33,ec4ca0fb306a24a8a821c3df7c9a1ae6,1.0,True,0,False,Rick Mishkin.,whow,"{'probing': True, 'confronting': False, 'instruction': False, 'interpretation': False, 'supplement': False, 'utility': False}",False,"<CTX>Are you good? Is that good? Yeah, okay, thank you.</CTX> <CTX>Okay, with a cheap currency, you pay more for what you buy, and you earn less from what you sell. Now, tell me what are the advantages of a cheap currency.</CTX> <CTX>Yeah, look at the price of gasoline, $1.25 in the late '90s. What is it, three and a half, four, $5 today? How does that help a family? How does that increase their</CTX> <TGT>Rick Mishkin.</TGT>","Positive: 2  
Negative: 3  
No Reinforcement: 2

**Explanation:"
1978,35661,2342,fora-2342-46,fora-2342-45,42193,1.0,True,0,False,"More targeted to your area, you feel?",fora,"{'Express affirmation': 0, 'Specific invitation': 0, 'Provide example': 0, 'Open invitation': 0, 'Make connections': 0, 'Express appreciation': 0, 'Follow up question': 0}",False,"<CTX>I think teaching is most important.</CTX> <CTX>Working together as a team.</CTX> <CTX>Location based advertising. For example, if I live in St. Albans and if they have certain resources available to me, I think they should be able to advertise it to me and I should be able to find it with one click.</CTX> <TGT>More targeted to your area, you feel?</TGT>","Positive: 3  
Negative: 1  
No Reinforcement: 2"
1905,16024,919,fora-919-63,fora-919-62,30106,0.0,True,0,False,They're just doing the microaggressions but they're not the ones at the Capitol.,fora,"{'Express affirmation': 0, 'Specific invitation': 0, 'Provide example': 0, 'Open invitation': 0, 'Make connections': 0, 'Express appreciation': 0, 'Follow up question': 0}",True,"<CTX>I guess, maybe the meaning like someone that's passive. Like, they don't speak out, maybe.</CTX> <CTX>Yeah.</CTX> <CTX>Yeah, I would agree. Someone who's staying back, not truly share or being that really active person.</CTX> <TGT>They're just doing the microaggressions but they're not the ones at the Capitol.</TGT>","Positive: 2  
Negative: 3  
No Reinforcement: 2"
1699,43252,545620272.7408.7408,wikitactics-545620272.7408.7408-11,wikitactics-545620272.7408.7408-10,Skäpperöd,0.0,True,1,True,"That does of course not solve anything, because you left Stralsund in the map and in the text, you just deleted a name and call it only Stralow now. Where are your sources for the exceptional claim that place existed in 1121?",wikitactics,,False,"<CTX>Sorry, that's not how it works, and you really shouldn't lecture me about BRD when you just reverted 3 times in 30 minutes. I don't know why you think that you can make these kinds of ultimatums either. I don't have to back up the claim that Stralsund existed in 1121 (which is actually an irrelevant red herring you're bringing into this). All I have to do is provide a reliable source that the map is based on. I already have done that. If *you* have a problem with the source then take it to reliable sources noticeboard.</CTX> <CTX>Just provide the sources. No historian has ever claimed before that Stralsund existed in 1121. If you want to introduce such a novel claim which, if it could be substantiated, would mean that the history of Stralsund has to be rewritten, then you need good sources to back that up. If you can't, this information needs to go. Verifiability alone is not sufficient for such a claim - Wikipedia:Exceptional_claims_require_exceptional_sources#Exceptional_claims_require_exceptional_sources. 24 hours of time should be sufficient if the claim you make could be substantiated by dedicated sources.</CTX> <CTX>I've uploaded a version of the map without the word ""Stralsund"" in there, which should address this little pretext.</CTX> <TGT>That does of course not solve anything, because you left Stralsund in the map and in the text, you just deleted a name and call it only Stralow now. Where are your sources for the exceptional claim that place existed in 1121?</TGT>","Positive: 2  
Negative: 4  
No Reinforcement: 1

**Rationale"
1544,43183,602424696.15197.10845,wikitactics-602424696.15197.10845-9,wikitactics-602424696.15197.10845-8,MjolnirPants,1.0,True,1,True,"I'm fine with adding more positive reviews, however I disagree that the proposal above violates WP:NPOV because reviews of the film are -in fact- overwhelmingly negative. I'm not disputing  The Christian Post, National Review, or The Chattanoogan as reliable sources. I excluded them because they seemed to be citing the description of the filmmaker's religious participation. If they support something else, please add them back in. I have encountered a small number of positive reviews not hitherto included, and I've added those to the proposal above in the interest of reachign a consensus. I've also re-created the ""Christian appraisal"" subsection. Please review and comment.",wikitactics,,True,"<CTX>LM2000 did not state that he found the ""Christian appraisal"" section useful, he stated that he did not mind it. I myself do not mind it, so long as it is sourced properly and contains only notable information. The endorsements from athletes, purported quotes from Christian groups which are '''not''' reflected in the cited source and the mention of the filmmaker's religious practices are all excessive and should be removed. If you insist on maintaining a separate ""Christian appraisal"" subsection, modify the above proposal to one that excludes those aspects I just mentioned and watch me jump on board with you. As far as the patheos blog citation goes, Hemant Mehta is a notable person, arguably an expert on the issue of Christian/atheist confluence, and unarguably connected to the topics covered by the film.     — Preceding undated comment added</CTX> <CTX>My problem with this proposed version is that it is undue in its presentation of negative reviews, which is ironically the opposite of the WP:NPOV concerns I raised last night.  The Christian Post, National Review, and The Chattanoogan are WP:RS, as far as I know, and I don't see the harm in using Pure Flix Entertainment as a primary source.  I do not have an opinion on whether parts of this should be shortened or merged, or whether the section should be renamed, but total removal of the section does seem a bit much.  Surely some of it is salvageable.</CTX> <CTX>I agree with User:LM2000's comment. User:MjolnirPants's version seems to present a one-sided version of the film. I agreed with User:LM2000's comments on WP:NPOV and supported his addition of ''The Washington Post'' and ''CNS'' sources to address that problem. It seems like there's consensus here to keep that section as the sources used therein are notable and reliable. As far as the Mehta source is concerned, I think that if we're going to leave it in, which I will do as a compromise to please you, we should attribute that statement to him in the article. Let me know your thoughts. Cheers,</CTX> <TGT>I'm fine with adding more positive reviews, however I disagree that the proposal above violates WP:NPOV because reviews of the film are -in fact- overwhelmingly negative. I'm not disputing  The Christian Post, National Review, or The Chattanoogan as reliable sources. I excluded them because they seemed to be citing the description of the filmmaker's religious participation. If they support something else, please add them back in. I have encountered a small number of positive reviews not hitherto included, and I've added those to the proposal above in the interest of reachign a consensus. I've also re-created the ""Christian appraisal"" subsection. Please review and comment.</TGT>","Positive: 2  
Negative: 4  
No Reinforcement: 3

**Rationale"
1313,18036045,95_23707_Income_Inequality_Impairs_The_American_Dream_Of_Upward_Mobility.xlsx,whow-95_23707_Income_Inequality_Impairs_The_American_Dream_Of_Upward_Mobility.xlsx-84,whow-95_23707_Income_Inequality_Impairs_The_American_Dream_Of_Upward_Mobility.xlsx-83,ec4ca0fb306a24a8a821c3df7c9a1ae6,1.0,True,0,False,Can you-- a little bit closer.,whow,"{'probing': False, 'confronting': False, 'instruction': True, 'interpretation': False, 'supplement': False, 'utility': False}",False,"<CTX>Oh.</CTX> <CTX>I'm sorry. Awkward.</CTX> <CTX>Hi, good evening. I'm a teacher.</CTX> <TGT>Can you-- a little bit closer.</TGT>","Positive: 1  
Negative: 2  
No Reinforcement: 3"
306,17980775,4b969f2556992c896dc79ae287b4bd61,7_237,7_227,moderator,1.0,True,0,False,"Thank you for your comment, cascadia, and welcome to Planning Room. You can tell us more about how you think HealthIT can strengthen the relationships and outcomes between patients and their care teams  here.",ceri,,True,"<CTX>SUGGESTION  - shift the focus away from data and information towards using health IT to strengthen the RELATIONSHIP AND OUTCOMES between everyone on the care team - including patients and their care givers. The ""r"" in EMR should be ""relationship"" not ""record""_x000D_
_x000D_
Example: I both worked at and received my care at Group Health Cooperative (owned by its 620,000 patient/members)and we have had an EHR since 2005 and over 60% of all members use it to not only download data like labs but to stay connected to our care team via a patient portal, mobile apps, email etc combined with new roles on the health care team like  24/7 consulting nurses, and workflows that include the patient at the design stage vs after the fact (engagement)  _x000D_
_x000D_
The goal isn't data but tool that allows connection anytime anywhere to the health care team. _x000D_
_x000D_
PRO'S CON'S_x000D_
Many people discredit the group health mayo models because they are integrated systems (docs on salary and investments from health IT are kept in house vs going out the door to the insurance co's) but this works in the ""private"" sector as well _x000D_
_x000D_
PERSONAL EXAMPLE -After I left GHC I got my care via the University of Washington (uses the same EHR as Group Health) I once started to get sick a few hours before I had to fly out of town on a business trip. I called the after hours consulting nurse and she pulled up my records, authorized an RX that was sent to a national chain in Boston, when I arrived I picked it up, the next morning my doctor's office nurse called me up to check on me. The entire event happened on the phone and online and took my needs and workflow into account and the tech enabled it. _x000D_
_x000D_
DATA OR REFERENCES - Group Health Cooperative started their EHR implementation by giving patients access first to their clincial records and online services and is now one of the top 10 ranked health plans in the US and the top ranked in the region - http://www.ghc.org/news/news.jhtml?reposid=/common/news/news/20120920-quality.html _x000D_
_x000D_
Critical to their success was using healthIT to identify other areas that needed to change and they also shifted to the medical home model in the last few years. https://www1.ghc.org/html/public/features/20101001-medical-home.html ""For every dollar Group Health invested, mostly to boost staffing, it recouped $1.50.""_x000D_
_x000D_
CONCLUSION HealthIT wasn't the sole solution but it was a critical foundational component to this change and the benefits are clear both in terms of quality, patient satisfaction and provider retention. It goes way beyond merely sharing information and data and is instead a core backbone of a health care system that meets the six pillars and 3 aims of a learning health care system of the future - foundational to that is patient centered design and care (vs after the fact consumer engagement)</CTX> <TGT>Thank you for your comment, cascadia, and welcome to Planning Room. You can tell us more about how you think HealthIT can strengthen the relationships and outcomes between patients and their care teams  here.</TGT>","Positive: 5  
Negative: 1  
No Reinforcement: 2"
1666,42203,244020330.6578.6578,wikitactics-244020330.6578.6578-2,wikitactics-244020330.6578.6578-1,Joe N,1.0,True,0,True,Dubious,wikitactics,,False,"<CTX>With regards to the edit on the Vyborg-Petrozavodsk Offensive, the information is not dubious, and I have added citations to reliable sources for it. The Werth source clearly says, on page 906 as well as where the citation is, that Soviet forces had ""stopped at the 1940 Finnish fronteir, and did not go beyond it. They were giving the Finns time to reflect."" The Wright source also clearly says that they stopped voluntarily, on or slightly past the 1940 border, on page 343. ""On June 15, the Finns were forced to draw back to their final, VKT Line, which streched from Viipuri to Kurarsaari, then east along the Vorksi river to Taipale."" While I agree that this line is not across the Finnish border, it is very near it. Also, your wording on the footnote is not particularly NPOV (""shattered""?) I would question the ""unable to fulfill the orders"" quote as well, it contradicts what both my sources say.</CTX> <TGT>Dubious</TGT>","Positive: 3  
Negative: 4  
No Reinforcement: 2"
862,18010161,globalization,iq2-globalization-210,iq2-globalization-209,John Donvan,1.0,True,0,False,And what else?,iq2,,False,"<CTX>What are the rules, in other words? Can you-- I'd like to ask you-- I'd like to ask you each to answer this excellent question in-- no, seriously, but in a bullet format.</CTX> <CTX>I'd just like to hear your list from each side, what it takes. And I know that, Peter, you actually touched on some of it earlier. But either of you can take it and tell us the four or five most important elements.</CTX> <CTX>I was-- I'm glad you asked the question because I was just writing down some bullet points on exactly this. First, I think when we intervene, it's very important that we operate with the vision of the people on whose behalf we are intervening, not ours. I think that's my main critique of what we've done in Iraq and Afghanistan. Why did we want to disassemble Kurdistan and Iraq? It worked. Why build a central government? But that would, to me, be the most important point. Second--</CTX> <TGT>And what else?</TGT>","Positive: 4  
Negative: 1  
No Reinforcement: 2

**Rationale"
1566,41964,241542926.24311.24311,wikitactics-241542926.24311.24311-23,wikitactics-241542926.24311.24311-22,Wobble,1.0,True,0,True,Sorry. I guess if the images are placed in the correct sections of the article then we don't need to explain them so thoroughly. As stand alone images in my sandbox they needed a bit more explanation. Feel free to edit the wording etc.,wikitactics,,True,"<CTX>I like the idea, a lot! The point is to peg each cluster of illustrations with a specific section of the article - so the photos illustrate ''parts of the article'' rather than the title of the article.</CTX> <CTX>i also am ""very"" supportive of this particular idea and concur with slrubenstein statement and it could put an end to the picture charade within this article</CTX> <CTX>Excellent initiative! Although, Alun, we may need to do something about that wordiness of yours!! ;)</CTX> <TGT>Sorry. I guess if the images are placed in the correct sections of the article then we don't need to explain them so thoroughly. As stand alone images in my sandbox they needed a bit more explanation. Feel free to edit the wording etc.</TGT>","Positive: 4  
Negative: 2  
No Reinforcement: 3"
530,13269,2227,fora-2227-63,fora-2227-62,40622,0.0,True,0,False,"Okay. I feel like, in terms of having a good life, I think of it as doing things that I like to do, that just make me feel happy inside, and just give me energy So I carry that on to my daycare in terms of... I try to instill it in my kids about the things that I like and try to have it spill over into my daycare. So for me, I really like dancing, so then I'll put on my dance songs and try to get them interested. And they do get interested and they do start dancing and they get all happy. And if they didn't have that, I would try to find what thing that they do like and I would try to instill it so that they would feel happy coming to daycare, what they like to do.",fora,"{'Express affirmation': 0, 'Specific invitation': 0, 'Provide example': 0, 'Open invitation': 0, 'Make connections': 0, 'Express appreciation': 0, 'Follow up question': 0}",True,"<CTX>Great. Thank you. Jen, would you like to add a value that's important to you as an educator of young children?</CTX> <CTX>I'd just like to make sure that the kids feel comfortable, too, when they're coming here, and letting them know that I care, and loving them as they're my own. And the reason being of coming into this, as well, is having two kids was a little iffy with putting my own in daycare. Opened my own so I could be home with my kids. And treating the kids as if they were my own. Because I didn't want to send them so I wanted to make sure when kids came to me that I treated them as I would want somebody else to treat my own kids, for sure.</CTX> <CTX>Thank you. The next question is around what it means to have a good life. It's a really philosophical question, but we ask this question in every conversation we have with people all over the state. And it is fascinating to hear the variety of answers. So what does it mean to you to have a good life, and what part does your role as an early educator play in your having a good life? And Laurie, if you feel like you could jump in, great, or we can pass and go around the circle.</CTX> <TGT>Okay. I feel like, in terms of having a good life, I think of it as doing things that I like to do, that just make me feel happy inside, and just give me energy So I carry that on to my daycare in terms of... I try to instill it in my kids about the things that I like and try to have it spill over into my daycare. So for me, I really like dancing, so then I'll put on my dance songs and try to get them interested. And they do get interested and they do start dancing and they get all happy. And if they didn't have that, I would try to find what thing that they do like and I would try to instill it so that they would feel happy coming to daycare, what they like to do.</TGT>","Positive: 4  
Negative: 1  
No Reinforcement: 2"
654,377,2187,fora-2187-3,fora-2187-2,39739,0.0,True,0,False,I agree.,fora,"{'Express affirmation': 0, 'Specific invitation': 0, 'Provide example': 0, 'Open invitation': 0, 'Make connections': 0, 'Express appreciation': 0, 'Follow up question': 0}",False,"<CTX>Hit the record before you start that.</CTX> <CTX>It's started. Welcome to this conversation hosted by me, myself, Chauntia [Surname], and our technology partner, the Local Voices Network. Thanks for joining us. Here's our plan for the next 75 to 90 minutes. We'll be going over a few details about this project, establishing some conversations, guidelines, introducing ourselves, and then moving into a conversation. We share our vision and experience around community engagement in Durham. We're focusing this conversation and experience of residents of Braggtown area. I have begun recording at this time, and I need to share a little information with you before we begin our conversation. There are three reasons we are having this conversation today. We want to create change based on our experience. We want to make sure that our voices are elevated beyond the moment of conversation itself. And we want to better inform how the city invests money for equitable and green infrastructures. And what that means is that we are all tired of doing surveys, don't speak directly to us, to town meetings, answering surveys, and a lot don't get answered, so basically, that is what to create change base is about. As a participant in this conversation, you are providing consent to the city of Durham to use this recording in accordance with its mission. You also understand that this conversation will be a part of a collection of Cortico's Local Voices Network, whose mission is to foster conversations and communities, and in the media that improves our understanding of one another. Cortico will collect, retain, and analyze these conversations and keep them with permission. If you agree and understand to this, please say, ""I agree.""</CTX> <TGT>I agree.</TGT>","Positive: 2  
Negative: 1  
No Reinforcement: 3"
1259,18033741,84_21166_Men_Are_Finished.xlsx,whow-84_21166_Men_Are_Finished.xlsx-168,whow-84_21166_Men_Are_Finished.xlsx-167,e31f6f9827c187e8aebdb0839a0c963a,0.0,True,0,False,"Wow. I wasn't planning to start the standup comedy till next week. I look at this, I see a man and a woman-- a man and a woman, but one style of debate here, one style of debate here. And I'm-- and it just seems that men are finished is just an unfortunate title since both groups seem to be saying it's more about traits. And so my question is, is it-- could it be more men who have more feminine traits, who-- or traditionally feminine traits, who are succeeding. And I'm thinking of people like Bill Gates or Mark Zuckerberg, and are succeeding for that reason. Could they then potentially reverse the trend and be more successful than women because there are the--",whow,"{'probing': False, 'confronting': False, 'instruction': False, 'interpretation': False, 'supplement': False, 'utility': False}",True,"<CTX>My name is Aaron, and the group that I am a part of is men with a bachelor's degree. That's the relevant group that I'm a part of. Bachelor's degree, by the way, may be overdue for a name change. But--</CTX> <CTX>I can't believe we never thought of that before.</CTX> <CTX>I think you deserve a round of applause for that.</CTX> <TGT>Wow. I wasn't planning to start the standup comedy till next week. I look at this, I see a man and a woman-- a man and a woman, but one style of debate here, one style of debate here. And I'm-- and it just seems that men are finished is just an unfortunate title since both groups seem to be saying it's more about traits. And so my question is, is it-- could it be more men who have more feminine traits, who-- or traditionally feminine traits, who are succeeding. And I'm thinking of people like Bill Gates or Mark Zuckerberg, and are succeeding for that reason. Could they then potentially reverse the trend and be more successful than women because there are the--</TGT>","Positive: 4  
Negative: 1  
No Reinforcement: 2"
233,17978123,011632cb01558cc5b2465eeca35a9ff6,2_1195,,jwest,0.0,True,0,False,"Refunding fare charges is the best way to deal with lost bags, long delays, cancellations. These refunds should be unconditional. ",ceri,,False,"<TGT>Refunding fare charges is the best way to deal with lost bags, long delays, cancellations. These refunds should be unconditional. </TGT>","Positive: 5  
Negative: 0  
No Reinforcement: 1"
120,17977642,130f5bb9e562c0a7acaf1f0e6d2106b1,1_276,,trlrider,0.0,True,0,False,"Large fleets have very accurate means to track their trucks, the loads, and most critical data on the operation of the truck.  These systems, one such is Qualcomm, also allow for dispatch to truck, and truck to dispatch communications, i.e. texting of sorts, and even  some fleets have accounts set-up so drivers can use the system for e-mail. A few fleets, very few also have video data recorders in the cab. There is no system that I am aware of, that would allow a Fleet Manager, Dispatcher or anyone for that matter, to track communication exchanges from a drivers personal cell phone, laptop or other device capable of relaying wireless messages.  Many fleets have rule in their drivers handbooks, prohibiting the use of a variety of devices, including personal cell phone while the vehicle is in motion. But these rules are hard to enforce, rely on an honor system, and rarely become an issue unless a driver is involved in a MVA and the cell phone records are investigated or the company is using the rules to justify firing a driver.",ceri,,True,"<TGT>Large fleets have very accurate means to track their trucks, the loads, and most critical data on the operation of the truck.  These systems, one such is Qualcomm, also allow for dispatch to truck, and truck to dispatch communications, i.e. texting of sorts, and even  some fleets have accounts set-up so drivers can use the system for e-mail. A few fleets, very few also have video data recorders in the cab. There is no system that I am aware of, that would allow a Fleet Manager, Dispatcher or anyone for that matter, to track communication exchanges from a drivers personal cell phone, laptop or other device capable of relaying wireless messages.  Many fleets have rule in their drivers handbooks, prohibiting the use of a variety of devices, including personal cell phone while the vehicle is in motion. But these rules are hard to enforce, rely on an honor system, and rarely become an issue unless a driver is involved in a MVA and the cell phone records are investigated or the company is using the rules to justify firing a driver.</TGT>","Positive: 3  
Negative: 2  
No Reinforcement: 2

**Rationale"
1697,45350,335398744.740.740,wikitactics-335398744.740.740-28,wikitactics-335398744.740.740-27,Stepho-wrs,1.0,True,0,True,"Oops, I'd forgotten about this. I'm still not thrilled about the proposed name but I'll not stand in it's way. Don't forget to make 'thou' and 'mil' redirect to the new name and to mention them both prominently in the introduction.   ",wikitactics,,True,"<CTX>I much prefer 'thou' due to my own biases and could live with 'mil' in recognition of other people's biases (as agreed by both of us, both forms are on an equal footing). I'm not thrilled with moving to 'Thousandth of an inch' because nobody says that but I'm not seriously against it either. And as you said, redirects can cover all forms. Give me a few days to let it rattle around my subconscious a bit - like wine, sometimes a bit of aging brings out the fine points )    </CTX> <CTX>Sounds good, I'll kick back and visit this talk page again in a few days. Wost Wikipedians are lifelong-learners, so I'm sure we'll recover after we integrate this ""new"" paradigm into our subconscious ) If it's any consolation, America will probably switch to the metric system after we finally figure out exactly what to call this unit we've been using for the last 200 years, and then it will be just a historical curiosity...</CTX> <CTX>It has been a over a month since there has been any discussion of disagreement about renaming this article to Thousandth of an inch. This is a last call for further discussion, and if there's no response or no disagreement, then myself or someone else can do the move and adjust the phrasing in the article to accommodate it.</CTX> <TGT>Oops, I'd forgotten about this. I'm still not thrilled about the proposed name but I'll not stand in it's way. Don't forget to make 'thou' and 'mil' redirect to the new name and to mention them both prominently in the introduction.   </TGT>","Positive: 3  
Negative: 2  
No Reinforcement: 2

**Explanation:**"
949,17986648,041515%20Death%20Penalty,iq2-041515%20Death%20Penalty-96,iq2-041515%20Death%20Penalty-95,Barry Scheck,0.0,True,0,False,It's a government program.,iq2,,False,"<CTX>Barry Scheck.</CTX> <CTX>That's-- I'll admit I don't trust the government to get it right. I'm like George Will--</CTX> <CTX>But do people deserve to die, Barry?</CTX> <TGT>It's a government program.</TGT>","Positive: 2  
Negative: 3  
No Reinforcement: 2"
617,22568,1736,fora-1736-38,fora-1736-37,35239,1.0,True,0,False,"And would you mind just quickly sharing your first name with the group and then a bit of background about who you are, where you live, what you do. So maybe the name of your business or the type of business and a value that's important to you that relates to what brought you here today?",fora,"{'Express affirmation': 0, 'Specific invitation': 0, 'Provide example': 0, 'Open invitation': 0, 'Make connections': 0, 'Express appreciation': 0, 'Follow up question': 0}",False,"<CTX>Right. Well, I'm going to answer on the same theme as the two of the three people ahead of me did. So right in September of this year, the city sent a notification posted billboards on lamppost that parking was going to be removed from Alewife Brook to Dudley street in November. And they didn't give the businesses any notices, they said they had to do it right then because the winter months were coming and they couldn't wait till the spring to do it. So what they did was they removed all the parking from Alewife to Dudley street, painted signs, several of the businesses, which you said not to name names, have reported that their business had dropped by 70%. And there was no reason why, the city is like, well, the ordinance says it has to be done by April 30th. Well, you couldn't have waited? You had to do it? You had to do it right when these businesses had their business times of year on their fourth quarter, when they depend on that money to help finance the whole year? So that's something that this whole bicycling thing is, the city council has been managed by 7% of the population and not taken into consideration the other 93% of the population. It affects residents. It affects small businesses. It affects commuters. It affects tourists, everyone. They're just like, well, the bicyclist are saying that people are dying in the streets when actually Cambridge has rated it like 93, 95% best bicycling place to be. So, okay. That's my story. And I really think that the city manager has to be able to take into consideration all stakeholders. And then when advisory committees are set up, that they actually have to listen to them and take into consideration what they have to say. Thank you.</CTX> <CTX>Great. Thank you, Jeanne. And I do want to just acknowledge, we had another participant join, Daniel. I am going to read just a short paragraph. I need you to consent to, and then I'll ask you to introduce yourself and then we'll continue with our activity. So Daniel, as a participant in this conversation, you're providing consent to the City of Cambridge to use the recording in accordance with its mission. You also understand that the conversation will be part of a collection of Cortico's local voice network, whose mission is to foster conversations and communities and in the media that improve our understanding of one another. Cortico will collect, retain and analyze these conversations in keeping with that mission. If you understand and agree to this, please say I agree.</CTX> <CTX>Okay. I agree.</CTX> <TGT>And would you mind just quickly sharing your first name with the group and then a bit of background about who you are, where you live, what you do. So maybe the name of your business or the type of business and a value that's important to you that relates to what brought you here today?</TGT>","Positive: 4  
Negative: 1  
No Reinforcement: 2

**Rationale"
1178,40204,cfg4duo,umod-cfg4duo-0,,user-umod-cfg4duo-0,0.0,True,0,False,"&>> Taking part in the evolutionary process doesn't really affect him on a personal level. No one has transcended their biology. If he is questioning whether he wants to become a father, this is nothing more than his psychology malfunctioning (or teenage angst, depending on his age). If we were talking about some tiny little insect or crustacean that refused to procreate, no one would be saying ""well maybe it doesn't want to become a parent"". We'd just think there was something defective with it. Same thing here. Humans have a more complex psychology, and therefor there is probably more potential for it to malfunction, but it doesn't exist as some entity unto itself.",umod,"{'softlabel_mace': 0.0691777596552167, 'subjectivity': 3.333333333333333, 'aggressiveness': 2.0, 'constructiveness': 2.6666666666666665, 'sentiment': 'neutral', 'relamountRole': 0.5555555555555556, 'countModFunctions': 4, 'annot_similarity_pre': 0.5017778, 'annot_similarity_post': 0.43322223, 'none': 1, 'social': 0, 'improveQuality': 0, 'organizing': 0, 'content': 0, 'broadening': 0, 'policing': 0, 'siteIssues': 0, 'offTopic': 0, 'agreeYes': 2, 'agreeNo': 3, 'opinionNotClear': 4, 'numAnnotators': 9, 'seedmodel': 'GPT', 'flagged': 0}",False,"<TGT>&>> Taking part in the evolutionary process doesn't really affect him on a personal level. No one has transcended their biology. If he is questioning whether he wants to become a father, this is nothing more than his psychology malfunctioning (or teenage angst, depending on his age). If we were talking about some tiny little insect or crustacean that refused to procreate, no one would be saying ""well maybe it doesn't want to become a parent"". We'd just think there was something defective with it. Same thing here. Humans have a more complex psychology, and therefor there is probably more potential for it to malfunction, but it doesn't exist as some entity unto itself.</TGT>","Positive: 2  
Negative: 3  
No Reinforcement: 2

**Rationale"
307,17980890,1c294b76b1e4b77508e982233d76c6ed,7_356,7_351,moderator,1.0,True,0,False,"Welcome to Planning Room, christine.sinsky. Thank you for your comment.  How can the federal government best encourage development of EHRs with improved usability for practices which have developed a team based model of care?",ceri,,True,"<CTX>In our practice we have developed a team based model of care, where the nurses take an active role in prevention, chronic illness care, care coordination and documentation. We are hampered in our efforts by limitations in our EHR(McKesson) and constraints of policy, both of which are often designed for the old paradigm in which the sole important interaction is between the doctor and the patient, or perhaps more perversely in recent times, the doctor and the computer.  _x000D_
_x000D_
From technology we need 1. a team log-in 2. better longitudinal records 3. improved usability. _x000D_
_x000D_
From policy makers we need evidenced-based policies around security, signatures and order entry._x000D_
  _x000D_
_x000D_
For example, my team and I spend several hours each day on wasteful workflows. A task that should be doable on one screen with 2 clicks requires navigating to 6 screens and requires 16 clicks. Our EHR doesn't allow the nurses to submit the bill, so the physician must take time away from direct patient care to prepare the billing invoice. Perfunctory acts of attestation add no value to the patient, yet consume hours of work each week, and drain professional satisfaction. Mandating that physicians perform the secretarial task of computerized order entry similarly wastes limited physician resources and is a non-evidenced based intrusion into existing workflows. _x000D_
_x000D_
While each of these may seem individually trivial, they add up to hours of wasted effort each day, increase professional burnout and are a threat to clinical quality.</CTX> <TGT>Welcome to Planning Room, christine.sinsky. Thank you for your comment.  How can the federal government best encourage development of EHRs with improved usability for practices which have developed a team based model of care?</TGT>","Positive: 4  
Negative: 3  
No Reinforcement: 2

**Rationale"
135,17978521,1aa23cde2f1d2450bf0048724693a0c7,2_28,,no leg room,0.0,True,0,False,"Does it really make sense to require harried gate agents to explain aloud all the conditions to the person being bumped?  Often in these situations there is a long line of people in similar positions or who need different kinds of help.  Requiring the gate agent to recite a litany of conditions will probably just delay flights more.  People can read the fine print; if they don't, that's their problem and they should deal with the consequences.",ceri,,False,"<TGT>Does it really make sense to require harried gate agents to explain aloud all the conditions to the person being bumped?  Often in these situations there is a long line of people in similar positions or who need different kinds of help.  Requiring the gate agent to recite a litany of conditions will probably just delay flights more.  People can read the fine print; if they don't, that's their problem and they should deal with the consequences.</TGT>","Positive: 3  
Negative: 4  
No Reinforcement: 2"
554,15720,667,fora-667-130,fora-667-129,28396,1.0,True,0,False,You have? Was that Lucina?,fora,"{'Express affirmation': 0, 'Specific invitation': 0, 'Provide example': 0, 'Open invitation': 0, 'Make connections': 0, 'Express appreciation': 0, 'Follow up question': 0}",False,"<CTX>Well, living in Flatbush, I mean, personally, I'm not affected. I'm still working. But this is definitely a lower income neighborhood, and there's definitely, I can tell there's a lot of pressure on a lot of people in this neighborhood. Folks who work in service, folks who have been unemployed now, because of the pandemic. And that is worrying, because, yeah, they're your neighbors, and you don't want anything to happen to them. So that, to me, is not great. And the fact that the government's been dragging his feet on rent forgiveness, or any things around that has been really not great.</CTX> <CTX>Yeah. Has anyone had any experiences with the unemployment system?</CTX> <CTX>Yes, I have. I have.</CTX> <TGT>You have? Was that Lucina?</TGT>","Positive: 3  
Negative: 2  
No Reinforcement: 4"
1673,42024,250753818.16809.16809,wikitactics-250753818.16809.16809-4,wikitactics-250753818.16809.16809-3,Research Method,0.0,True,0,True,"NPOV means including all view points. Your sources do not support what you are saying, within the context that you state it. If you read them, you will see that the ""art"" is in the Oak Tree or glass of water debate, not in the shelf.",wikitactics,,False,"<CTX>Nature of the Work</CTX> <CTX>Currently the work is described as ""'''''An Oak Tree''''' is an iconicIrish Museum of Modern Art Website modernart.ie conceptual artwork created by Michael Craig-Martin RA in 1973.  The work consists of a glass of water on a glass shelf with an accompanying text,Bery, Bryony. ""An Oak Tree 1973: Technique and condition text"", Tate, June 2005. Retrieved 8 November 2008.Manchester, Elizabeth. ""An Oak Tree 1973: Short text, Tate, December 2002. Retrieved 8 November 2008. which states that the work is a fully grown oak tree which looks like a glass of water. Artist's Text Craig-Martin sees the work as a deconstruction of art to reveal its basic component of belief.""
This is a misleading description of a dematerialized conceptual artwork. The idea is more important than the shelf etc.
MCM =""I considered that in An Oak Tree I had deconstructed the work of art in such a way as to reveal its single basic and essential element, belief that is the confident faith of the artist in his capacity to speak and the willing faith of the viewer in accepting what he has to say. In other words belief underlies our whole experience of art: it accounts for why some people are artists and others are not, why some people dismiss works of art others highly praise, and why something we know to be great does not always move us. "" He doesn't mention shelves at all.</CTX> <CTX>The introduction is closely referenced to sources. Read them: ""In an artist interview in May 2003 Craig-Martin noted that the piece consists of two units; the object and the text."" There are numerous references that begin discussing the work by stating, as the Tate does, that ""An Oak Tree consists of an ordinary glass of water placed on a small glass shelf"". We follow the lead of such sources in our approach. Anything else violates WP:NPOV and becomes WP:OR. This is wikipedia policy and is non-negotiable. Please follow it. ''''''''''</CTX> <TGT>NPOV means including all view points. Your sources do not support what you are saying, within the context that you state it. If you read them, you will see that the ""art"" is in the Oak Tree or glass of water debate, not in the shelf.</TGT>","Positive: 2  
Negative: 4  
No Reinforcement: 3"
583,1825,511,fora-511-126,fora-511-125,27410,0.0,True,0,False,Should we-,fora,"{'Express affirmation': 0, 'Specific invitation': 0, 'Provide example': 0, 'Open invitation': 0, 'Make connections': 0, 'Express appreciation': 0, 'Follow up question': 0}",False,"<CTX>Yeah, is anybody else still doing the poll? I see no one answer it yet.</CTX> <CTX>I can see it, we have nine out of 16 that have...</CTX> <CTX>Cool.</CTX> <TGT>Should we-</TGT>","Positive: 2  
Negative: 1  
No Reinforcement: 3"
1640,43526,507027986.743.743,wikitactics-507027986.743.743-14,wikitactics-507027986.743.743-13,Yobol,0.0,True,1,True,That source cannot be used in this article because it doesn't mention di Bella. I'm not sure what part of that you do not understand.,wikitactics,,True,"<CTX>You implied it by putting it in this article. If you did not mean to imply a connection to di Bella, you would not have put it in this article.  This article is about di Bella. It needs sources that discusses di Bella.  It should not use sources that do not discuss di Bella.</CTX> <CTX>True, I have implied a connection. But non a conclusion. The connection is that the study ""recalls"" Di Bella's research. But I have reached no conclusion. Connection and conclusion are not the same.</CTX> <CTX>Semantics aside, implying anything is not allowed. Implying something is WP:OR when the source does not make the implication.</CTX> <TGT>That source cannot be used in this article because it doesn't mention di Bella. I'm not sure what part of that you do not understand.</TGT>","Positive: 2  
Negative: 4  
No Reinforcement: 1

**Rationale"
670,17985700,CarbonEmissions-011309,iq2-CarbonEmissions-011309-69,iq2-CarbonEmissions-011309-68,L. Hunter Lovins,0.0,True,0,False,"Whoa, nobody’s talking about impoverishing ourselves, we are talking about the generation of wealth through smart in carbon emissions are not worth the money” (1/13/09) investments. Now your question of, who’s gonna spend the money…most of the people that are proposed to spend the money, whether it be the UN or the US government or anybody’s government, I think they’re gonna spend it badly. How about we set incentives to enable the business community to do what it is already doing, which is decarbonizing, because it’s in their economic interest—",iq2,,False,"<CTX>Oh—</CTX> <CTX>—so you’re gonna—</CTX> <CTX>You—you’re never going to stop climate change, can we just kill one thing off. Climate will change without us or with us. And that’s where Bjorn is right. Bjorn—Bjorn is right because always it’s going to have to aid adaptation. If in any way we impoverish ourselves so we cannot help the developing world, that would indeed be a moral mistake of mammoth proportions—</CTX> <TGT>Whoa, nobody’s talking about impoverishing ourselves, we are talking about the generation of wealth through smart in carbon emissions are not worth the money” (1/13/09) investments. Now your question of, who’s gonna spend the money…most of the people that are proposed to spend the money, whether it be the UN or the US government or anybody’s government, I think they’re gonna spend it badly. How about we set incentives to enable the business community to do what it is already doing, which is decarbonizing, because it’s in their economic interest—</TGT>","Positive: 2  
Negative: 3  
No Reinforcement: 2"
834,17996545,080913%20syria,iq2-080913%20syria-217,iq2-080913%20syria-216,John Donvan,1.0,True,0,False,"Can you rephrase your question, and I know that you can, that relates it to what-- kind of what the American interest in being involved is?",iq2,,True,"<CTX>I think that-- I think that Graham asked a fair question, and Fareed's a smart guy. The difference between the U.S. intervening and Iraq in March 2003 and what we're talking about now is that the Syrian moderates have a lot more support, frankly, than the United States did going into Iraq. If you look at Turkey's support, and the support of all the Gulf countries, nearly every other Arab country, all of Europe, and the United States, and Canada, I think that's probably the best way for this loose international coalition to succeed eventually in helping the Syrian rebels to stay together and to draw on that international unity. And remember the question here is not whether we have a vital interest, not whether we're going to intervene militarily, we're not going to do that, do we care who wins, and do we put our shoulder behind that side, that's what President Obama's said he wants to do. And I find that logical.</CTX> <CTX>Right in the center.</CTX> <CTX>Lindsay Hanahan Hi. My name's Lindsay Hanahan and I'm desperate for some hope here. So we have a new leader in Iran. And I'm hearing this conversation about the proxy fight. Does the fact that we have a new leader in Iran give us some possibility he's come up and said that he is willing to reach out?</CTX> <TGT>Can you rephrase your question, and I know that you can, that relates it to what-- kind of what the American interest in being involved is?</TGT>","Positive: 3  
Negative: 2  
No Reinforcement: 2

**Rationale"
109,17980291,f5c2ccbf82638cc93e2954c1a0ac5681,6_710,,Roseybike,0.0,True,0,False,"I had a 19 year old debt come back to haunt me - I went to three attorney's to attempt to pay them to ""talk"" to the company, as the information I was given, would not call me back after leaving several messages, along with an offer to settle it for slightly more than one-half of what they claimed I owed.  This debt went from around $1200 up to $9,300 in those 19 years.  This type of behavior must be regulated it is only out and out a scam. ",ceri,,False,"<TGT>I had a 19 year old debt come back to haunt me - I went to three attorney's to attempt to pay them to ""talk"" to the company, as the information I was given, would not call me back after leaving several messages, along with an offer to settle it for slightly more than one-half of what they claimed I owed.  This debt went from around $1200 up to $9,300 in those 19 years.  This type of behavior must be regulated it is only out and out a scam. </TGT>","Positive: 2  
Negative: 4  
No Reinforcement: 3  

**Rationale"
1164,40738,cnheign,umod-cnheign-0,,user-umod-cnheign-0,0.0,True,0,False,"The first bacon sandwich came about because 90% of the world (made up statistic) has no problem eating bacon, just like there's a sizable percentage of the world that isn't offended by images of Muhammed and isn't prohibited by any law (religious or civil) that says they can't draw them. So they did. They made that bacon sandwich. In the real world, Jews see people eating bacon sandwiches all the time and don't care. They're not going to do it themselves because their faith forbids it, but they're also not going to try to tell you that YOU can't have a bacon sandwich. And they're damn sure not going to murder you for it. But in this case, the reaction was to threaten violence and murder for eating that sandwich. So, in response, scores of people said ""We'll be damned if you're going to scare us into not eating bacon sandwiches just because YOU don't think it's right. We're ALL getting bacon sandwiches!""",umod,"{'softlabel_mace': 0.0170868356200943, 'subjectivity': 3.0, 'aggressiveness': 2.111111111111111, 'constructiveness': 2.7777777777777777, 'sentiment': 'neutral', 'relamountRole': 0.5555555555555556, 'countModFunctions': 5, 'annot_similarity_pre': 0.5362222, 'annot_similarity_post': 0.4718889, 'none': 1, 'social': 0, 'improveQuality': 0, 'organizing': 0, 'content': 0, 'broadening': 0, 'policing': 0, 'siteIssues': 0, 'offTopic': 0, 'agreeYes': 4, 'agreeNo': 3, 'opinionNotClear': 2, 'numAnnotators': 9, 'seedmodel': 'expert', 'flagged': 0}",False,"<TGT>The first bacon sandwich came about because 90% of the world (made up statistic) has no problem eating bacon, just like there's a sizable percentage of the world that isn't offended by images of Muhammed and isn't prohibited by any law (religious or civil) that says they can't draw them. So they did. They made that bacon sandwich. In the real world, Jews see people eating bacon sandwiches all the time and don't care. They're not going to do it themselves because their faith forbids it, but they're also not going to try to tell you that YOU can't have a bacon sandwich. And they're damn sure not going to murder you for it. But in this case, the reaction was to threaten violence and murder for eating that sandwich. So, in response, scores of people said ""We'll be damned if you're going to scare us into not eating bacon sandwiches just because YOU don't think it's right. We're ALL getting bacon sandwiches!""</TGT>","Positive: 5  
Negative: 5  
No Reinforcement: 1"
1959,22477,918,fora-918-54,fora-918-53,30098,1.0,True,0,False,Let me interrupt.,fora,"{'Express affirmation': 0, 'Specific invitation': 0, 'Provide example': 0, 'Open invitation': 0, 'Make connections': 0, 'Express appreciation': 0, 'Follow up question': 0}",False,"<CTX>... I can understand it a little bit more. But I just wanted to reach out and say that if I could help you, Robert, get that moving, I would.</CTX> <CTX>In Blount County [crosstalk] years.</CTX> <CTX>I would say that there are in Alabama roughly 200 ... In Alabama, there are roughly 250,000 misdemeanors a year just in the state system. There's equal number, I would imagine, in the municipalities that handle misdemeanors in Alabama. And then, there are roughly 80,000 felonies a year. There are probably 17,000 lawyers in Alabama, and 15,000 to 17,000 law enforcement. So, 80,000 felonies a year, we only have in Alabama about 315 full and part-time prosecutors to handle all those cases. That's roughly 2,500 cases per prosecutor average caseload, if you just divide that out. In counties like Blount County and Talladega County, smaller counties, mid-size counties, may only have the DA and one or two assistants to handle thousands of cases a year. So, I'm not bellyaching. We have a job to do and we should do our job. But it is a daunting task to try to handle ... I didn't even mention the hundreds of thousands of juvenile cases a year, both dependent and delinquent cases, along with all the other things that we have to do as a prosecutor and law enforcement. I think that we just seem to put laws upon ... Robert, I sense the frustration and maybe some bitterness over his case. I sense it with victims. And I sense it just generally. I mean you can just feel it, it's palpable in our society today. And I hate that, because I think there are more things in common and more things that are happening positively than negatively. For example, some of the things that LaTonya, Miss Tate brought up. We do have, every DA in Alabama has some type of diversion program within their office. We fight to keep them. There's legislation every year that wants to cut funding to those and cut access to those. Because they're not funded by the state, we have to find local partners and local funding sources to be able to create those diversions. We have drug court and DA diversion. Right here is Howard Zehr's Restorative Justice. He's the father of restorative justice. He used to teach at Talledaga College, where I'm from. We do employ restorative justice, particularly in juvenile court. I think it's very effective there. It's a little bit harder to have full restorative justice in adult court without more resources. I will say this, in Alabama, what we do is we do very little to prevent crime, to prevent addiction, to help people on mental health. And we wait till they make a mistake and pick up felonies, pick up a criminal charge. And then, the state decides to spend all this effort to correct that wrong and to fix them once they're 25 years old. We don't do enough prevention and those type things. We have programs locally that DAs across the state are involved in, but they're hard to measure. How do you measure somebody that didn't commit a crime? How do you measure somebody that didn't get addicted to drugs? I do disagree with what Robert said about legalization of drugs. You can legalize every one of them tomorrow and they're just as addictive. And if they're just as add</CTX> <TGT>Let me interrupt.</TGT>","Positive: 3  
Negative: 2  
No Reinforcement: 4"
1464,18035640,93_23312_America_Cannot_And_Will_Not_Succeed_In_AfghanistanPakistan.xlsx,whow-93_23312_America_Cannot_And_Will_Not_Succeed_In_AfghanistanPakistan.xlsx-151,whow-93_23312_America_Cannot_And_Will_Not_Succeed_In_AfghanistanPakistan.xlsx-150,3138772fa3fb3909f4108abee9598e0e,0.0,True,0,False,If they don’t come in—,whow,"{'probing': False, 'confronting': False, 'instruction': False, 'interpretation': False, 'supplement': False, 'utility': False}",False,"<CTX>Let him—let him answer, answer the question—</CTX> <CTX>So glad I was asked, what I would like to see first of all is for the administration, the Obama administration to get itself all on one page, and decide what it is about and what it’s achieved—trying to achieve. That clarity has been absent. I think with all due respect to Barack Obama, whom I supported as well, Barack—the concern that many of our allies have had in this is that Barack Obama’s eye has not been on the Afghanistan ball since March. It is now. And I look for informed leadership, particularly since he’s reading Steve Coll’s book. But let me tell you what I said, I intimated some of the other things that need to be done. We need to make this not an Will Not Succeed in Afghanistan and Pakistan” (10/6/09) American war in Afghanistan, it needs other major stakeholders, and not just NATO.</CTX> <CTX>There are—</CTX> <TGT>If they don’t come in—</TGT>","Positive: 2  
Negative: 4  
No Reinforcement: 3

**Rationale"
1728,43069,524531782.10117.10117,wikitactics-524531782.10117.10117-12,wikitactics-524531782.10117.10117-11,Second Quantization,1.0,True,1,True,"factorfizzle.com appears to be self-published,",wikitactics,,False,"<CTX>Just a couple of comments to The Banner: 1) Pubmed is an international indexing, not an American one (as would be clear to anyone who searched the index for journals with the word ""British"" in the title - hundreds of results come up).  2) We should be using medical journals for medical information, and agricultural journals for agricultural information. I would have the same objection if someone tried to use the The New England Journal of Medicine or BMJ for purely agricultural info.</CTX> <CTX>Perhaps it would be better to remove the whole section ""Health and Safety"". First, scientifically it is a battleground. Second, the massive food industry will weigh in with their money, paying for scientific research that has a WP:COI. Third, the exclusion of sources, giving undue weight to the medical side of the story.</CTX> <CTX>Yes, on a second look it did not seem to be very reliable. But the part I added was based on a university study by an agricultural department. Not so likely to be included in een medical index, but, as far as I can tell, not an unreliable source, certainly not in its field of expertise.</CTX> <TGT>factorfizzle.com appears to be self-published,</TGT>","Positive: 3  
Negative: 4  
No Reinforcement: 2

**Explanation:"
1242,18028428,59_14990_Global_Warming_is_Not_a_Crisis.xlsx,whow-59_14990_Global_Warming_is_Not_a_Crisis.xlsx-158,whow-59_14990_Global_Warming_is_Not_a_Crisis.xlsx-157,62e69c79cb389ec9dfbd4f6875e7b1a6,0.0,True,0,False,"—everything, uh—",whow,"{'probing': False, 'confronting': False, 'instruction': False, 'interpretation': False, 'supplement': False, 'utility': False}",True,"<CTX>But forgive me—</CTX> <CTX>And so, landfills—</CTX> <CTX>—but the question from—</CTX> <TGT>—everything, uh—</TGT>","Positive: 2  
Negative: 1  
No Reinforcement: 3"
211,17978669,8c240d8c621438a9d86a4e38d69ff324,2_665,,Sp8zm,0.0,True,0,False,"An outright ban on all commercial flights is unjustifiable and would be strongly fought by the peanut industry, congress, and others. Follow existing models. For example, in schools across America, there are peanut-free classrooms and peanut-free lunch tables in cafeterias. Peanut-free schools in whole are rare to non-existent.

If you mandate the offering of peanut-free flights, airlines are likely to simply phase out peanuts from their menus.

For a peanut-free flight, it is not enough to simply ban handing out peanut snacks. All passengers must be told and screened for peanuts and peanut-containing products. Those PB&J sandwiches are ubiquitous -- I'm sure at least one passenger has one on most every flight.

So yes, provide a safe, peanut-free environment, but don't go overboard and beyond what is necessary and customary to accommodate the disability.

I feel bad for the peanut industry. All this negativity translates to economic losses. I would encourage you not to single out peanuts but rather all allergyns. Allow people to specify their allergyn and severity, and then either make the area or entire flight free of the allergyn (including informing and restricting what passengers can board with -- oh, and they should wash their hands well to remove the oils/allergyns).",ceri,,False,"<TGT>An outright ban on all commercial flights is unjustifiable and would be strongly fought by the peanut industry, congress, and others. Follow existing models. For example, in schools across America, there are peanut-free classrooms and peanut-free lunch tables in cafeterias. Peanut-free schools in whole are rare to non-existent.

If you mandate the offering of peanut-free flights, airlines are likely to simply phase out peanuts from their menus.

For a peanut-free flight, it is not enough to simply ban handing out peanut snacks. All passengers must be told and screened for peanuts and peanut-containing products. Those PB&J sandwiches are ubiquitous -- I'm sure at least one passenger has one on most every flight.

So yes, provide a safe, peanut-free environment, but don't go overboard and beyond what is necessary and customary to accommodate the disability.

I feel bad for the peanut industry. All this negativity translates to economic losses. I would encourage you not to single out peanuts but rather all allergyns. Allow people to specify their allergyn and severity, and then either make the area or entire flight free of the allergyn (including informing and restricting what passengers can board with -- oh, and they should wash their hands well to remove the oils/allergyns).</TGT>","Positive: 3  
Negative: 2  
No Reinforcement: 2

**Rationale"
1767,42519,821005132.10328.10328,wikitactics-821005132.10328.10328-5,wikitactics-821005132.10328.10328-4,Charlesdrakew,1.0,True,1,True,"I my experiance consensus is that covering climate is best done at county level. Unless there is an official weather station in the settlement the data is going to be extrapolated and not verifiable in such fine detail. Local factors can not be factored in with certainty. Such a mass of detail is probably undue for an encyclopedia article on a settlement. If we use anything I would favour the climate chart because it conveys sufficient information for the average reader in an easily digestible form.
There is also the question of original research as the data is copied from a primary source database, and one that requires login.
As to informing visitors Wikipedia is not a travel guide. We have Wikivoyage for that function, and that can be linked to. In this country the weather we actually get has little relation to averages anyway.",wikitactics,,True,"<CTX>I am not totally sure who is right or wrong but we need a concensus here.  It isn't going to happen in one line edit descriptions.
A revision with it in is here.
I have currently removed it.  This does not mean I am for or against it, I might be marginally in favour but I'd like to see the arguments for and against.  I think everyone is trying to act in good faith.
I see how discussion is going in a couple of days time
Thankyou.</CTX> <CTX>Adding a few notes:
This article is under WikiProject UK geography (amongst others) with Wikipedia:WikiProject UK geography/How to write about settlements#Geography relevant
A list of (current) weather stations here [].  The nearest to Selsey is Bognor.  Guidence seems to be to use Template:Climate chart (however use of Template:Weather box seems quite prevalent.
From a quick glance round the practice for local coastal resorts without a weather stations does appear to be not to published climate tables. Worthing is a similar 'B-Class' article with an approach similar to that for Selsey (without the climate table).
The climate data will usually be available at the next regional level up (usually county), in this case West Sussex, though Hampshire takes a different (possible better) approach showing a spread of results from weather stations.  Interestingly the 'See also' goes to the UK climate article skipping the county section article.
The case for the climate tables are that visitors intending to Holiday to Selsey and checking Wikipedia might be interested in the climate data
I believe the climate table contributor would indicate the data is properly sourced on the basis of the 5km grid data published from the Met Office.  I have only a hazy understanding of how this works but is apparently interpolates between weather stations and is supplemented by other sources and they are fairly confident most spurious readings have been eliminated.</CTX> <CTX>My though is longer term not automated manual maintenance of such climate tables is probably unsustainable.
Overviewing these points I conclude on balance the climate data should not be included for Selsey but I am open to other arguments.</CTX> <TGT>I my experiance consensus is that covering climate is best done at county level. Unless there is an official weather station in the settlement the data is going to be extrapolated and not verifiable in such fine detail. Local factors can not be factored in with certainty. Such a mass of detail is probably undue for an encyclopedia article on a settlement. If we use anything I would favour the climate chart because it conveys sufficient information for the average reader in an easily digestible form.
There is also the question of original research as the data is copied from a primary source database, and one that requires login.
As to informing visitors Wikipedia is not a travel guide. We have Wikivoyage for that function, and that can be linked to. In this country the weather we actually get has little relation to averages anyway.</TGT>","Positive: 3  
Negative: 2  
No Reinforcement: 2

**Rationale"
1120,39917,cfnizwe,umod-cfnizwe-0,,user-umod-cfnizwe-0,0.0,True,0,False,"Salary is based off of demand and how much the market can afford. Sports generate *a lot* of money, therefore, they earn a lot of money. This is true for any market. This is why actors get paid a lot. They generate tons of money from movies and shows. The more money your industry generates, the more money you make. ",umod,"{'softlabel_mace': 0.8459492534155773, 'subjectivity': 3.7777777777777777, 'aggressiveness': 1.2222222222222223, 'constructiveness': 3.555555555555556, 'sentiment': 'positive', 'relamountRole': 0.6666666666666666, 'countModFunctions': 5, 'annot_similarity_pre': 0.449, 'annot_similarity_post': 0.50388885, 'none': 0, 'social': 0, 'improveQuality': 0, 'organizing': 0, 'content': 0, 'broadening': 1, 'policing': 0, 'siteIssues': 0, 'offTopic': 0, 'agreeYes': 6, 'agreeNo': 2, 'opinionNotClear': 1, 'numAnnotators': 9, 'seedmodel': 'GPT', 'flagged': 0}",True,"<TGT>Salary is based off of demand and how much the market can afford. Sports generate *a lot* of money, therefore, they earn a lot of money. This is true for any market. This is why actors get paid a lot. They generate tons of money from movies and shows. The more money your industry generates, the more money you make. </TGT>","Positive: 2  
Negative: 2  
No Reinforcement: 3

**Explanation:**"
679,17996437,080913%20syria,iq2-080913%20syria-109,iq2-080913%20syria-108,John Donvan,1.0,True,0,False,"All right. Fair enough. I'm really not trying to clash with you, and I-- All right.",iq2,,False,"<CTX>I'm responding to-- I'm responding right now.</CTX> <CTX>Yeah. All right. Sounds very familiar.</CTX> <CTX>Good. You try to repeat your major themes.</CTX> <TGT>All right. Fair enough. I'm really not trying to clash with you, and I-- All right.</TGT>","Positive: 2  
Negative: 1  
No Reinforcement: 3"
1950,42297,820335237.26500.27464,wikitactics-820335237.26500.27464-18,wikitactics-820335237.26500.27464-17,Hyper9,0.0,True,1,True,"The conclusion presented on the WP page is the one after a dispute resolution. There is no need to modify it without discussing it first. All of these additional sources that you have added have been shown to be deficient. That is already present on this Talk page and it appears that you have not read them. I do not think that the same arguments need to be repeated. Not only this but, Caldwell and Ayyar are so outdated that they can be dismissed outright. You have not been able to produce any more recent or authoritative references but are trying to support your theories with these outdated sources.",wikitactics,,False,"<CTX>There is no misquoting, as Shanmugam provides a discussion on the issue and then provides a clear conclusion. Only the conclusion is used. Also, the other point he is making is that the relationship between the languages is complex over time, not a simple tree diagram. But that is not the same as saying that the languages are not existing independently. In fact, by selecting parts of his discussion that suit you, you wilfully ignore his final conclusion of the presence of spoken Malayalam around 5th century AD (ie his dating of Sangam literature). If there is any contribution that needs to be made, you can summarise them and add them to the page but there is no need to copy-paste the entire paper here. Also, both views had been listed in a neutral language. Why has this been tampered without any sources or basis? Please feel free to discuss before editing these sections.</CTX> <CTX>It is abundantly clear from Shanmugam's article that Proto-Malayalam was not an independent language from Old Tamil, but another spoken dialect which had retained many archaic features not found in the oldest written forms of Tamil. He is clear that Kerala was a Tamil speaking region in the ancient period. He is also clear that the theory that Malayalam is not primarily derived from Old Tamil is untenable. I will request a dispute resolution/3rd party because you are clearly misrepresenting the evidence.</CTX> <CTX>you wilfully ignore his final conclusion of the presence of spoken Malayalam around 5th century AD. Shanmugam does not say that anywhere in his article. Stop distorting his words. Please use verbatim quotes from the article in your arguments. Shanmugam clearly states that '''Proto'''-Malayalam was spoken in the Sangam age. That is not the same as modern Malayalam. That is not the same as a completely independent language from Old Tamil. Shanmugam has also covered the great contribution Kerala has made to ancient Tamil literature (which you have deleted because it exposes your fringe view). The ancient literature of Kerala refers to 'Tamil' being spoken in the common region of Tamilakam.</CTX> <TGT>The conclusion presented on the WP page is the one after a dispute resolution. There is no need to modify it without discussing it first. All of these additional sources that you have added have been shown to be deficient. That is already present on this Talk page and it appears that you have not read them. I do not think that the same arguments need to be repeated. Not only this but, Caldwell and Ayyar are so outdated that they can be dismissed outright. You have not been able to produce any more recent or authoritative references but are trying to support your theories with these outdated sources.</TGT>","Positive: 3  
Negative: 4  
No Reinforcement: 2

**Rationale"
1838,43512,507806202.14938.14938,wikitactics-507806202.14938.14938-7,wikitactics-507806202.14938.14938-6,96.28.85.164,0.0,True,1,True,"Not pushing a pro-MonaVie agenda, but I am disconcerted with the anti-Monavie agenda that you and others seem to be promoting.  I am just trying to understand why it is okay to malign a product with articles that do not refer to the product but instead refer to components of the product, but it is not okay to refute those erroneous statements with more recent scientific evidence.  Is Wikipedia about presenting the truth or your agenda?  As early as 2005 the Journal of Clinical Nutrition was reporting on the benefits of and anti-inflamatory properties of polyphenols...here is one article from 2005 other, more recent articles abound...Polyphenols: antioxidants and beyond,Augustin Scalbert, et al, an excerpt from the abstract is below:
Research on the effects of dietary polyphenols on human health has developed considerably in the past 10 y. It strongly supports a role for polyphenols in the prevention of degenerative diseases, particularly cardiovascular diseases and cancers. The antioxidant properties of polyphenols have been widely studied, but it has become clear that the mechanisms of action of polyphenols go beyond the modulation of oxidative stress....it seems to me the outdated references in the article should be replaced with more recent scientific evidence.  — Preceding unsigned comment added by",wikitactics,,False,"<CTX>No. We are not going to violate WP:MEDRS to help you push your overpriced fruit juice with weasel-worded nonsense. 'Not scientifically proven' means exactly what it says. As for 'further research', this would be a lot easier if companies like MonaVie told their customers just how much 'antioxidant' there actually was in the product. And BTW, we don't cite our own articles as sources - though if we did, your cherry-picked interpretation of the article wouldn't be acceptable anyway. It quite specifically states that ""caution should be exercised in attempting diets depending largely on dietary supplements as opposed to a broad array of food sources, since the quality and concentrations of beneficial chemicals in some commercial products is subject to question"".</CTX> <CTX>Did not and would not suggest violating any reliable source criteria. Further, am not suggesting you use one Wiki article to support another.  However, the sources cited in that article are just as valid for the Monavie article if addressing polyphenols.  My point is that the current Monavie article is highly biased in a negative way and the other article is more balanced and more accuratepresenting both sides of the issue.  The sources cited in the polyphenol article are more credible and there is a preponderance of scientific evidence now available to suggest that the Monavie article is erroneous, biased, and violates Wikipedia's criteria that articles be balanced, unbiased and not push someone's personal agenda.  It seems like someone here is pushing an anti-MonaVie agenda rather than one of presenting a balanced, unbiased view.  If you can't support presenting a balanced, unbiased view, then I recommend dropping the paragraph entirely.</CTX> <CTX>The sources cited in the polyphenol article are not about MonaVie. It would violate WP:MEDRS (and common sense) to suggest that they were. We don't lie to our readers to suit the wishes of promoters of dubious 'multi-level marketing' schemes. If you can't stop pushing a pro-MonaVie agenda, I suggest you do it somewhere other than Wikipedia.</CTX> <TGT>Not pushing a pro-MonaVie agenda, but I am disconcerted with the anti-Monavie agenda that you and others seem to be promoting.  I am just trying to understand why it is okay to malign a product with articles that do not refer to the product but instead refer to components of the product, but it is not okay to refute those erroneous statements with more recent scientific evidence.  Is Wikipedia about presenting the truth or your agenda?  As early as 2005 the Journal of Clinical Nutrition was reporting on the benefits of and anti-inflamatory properties of polyphenols...here is one article from 2005 other, more recent articles abound...Polyphenols: antioxidants and beyond,Augustin Scalbert, et al, an excerpt from the abstract is below:
Research on the effects of dietary polyphenols on human health has developed considerably in the past 10 y. It strongly supports a role for polyphenols in the prevention of degenerative diseases, particularly cardiovascular diseases and cancers. The antioxidant properties of polyphenols have been widely studied, but it has become clear that the mechanisms of action of polyphenols go beyond the modulation of oxidative stress....it seems to me the outdated references in the article should be replaced with more recent scientific evidence.  — Preceding unsigned comment added by</TGT>","Positive: 3  
Negative: 4  
No Reinforcement: 2

**Rationale"
411,8849,1742,fora-1742-16,fora-1742-15,35282,0.0,True,0,False,"Hi, my name's Jessica. I'm the executive director of Cambridge Community Television. I live in what I've recently learned is called Dana [Surname], which is basically smack dab between Harvard Square and Central Square across from the Plough and Stars. And work in Central Square and a value relating to this process is transparency and I think transparency supports equity. So I'm happy to be here. Thank you.",fora,"{'Express affirmation': 0, 'Specific invitation': 0, 'Provide example': 0, 'Open invitation': 0, 'Make connections': 0, 'Express appreciation': 0, 'Follow up question': 0}",True,"<CTX>Thank you. Jason, go ahead.</CTX> <CTX>Hi, good morning everyone. I'm Jason [Surname] and I direct the Cambridge Arts Council, the department in this city that looks out for and works with and partners with artists like yourselves and organizations here in the city. I am a musician myself. And I think the value I want to see and continue to hope both at the Cambridge Arts Council, especially in this process for the search for a new city manager is that we actually walk the walk. We know Cambridge is an art city. We know Cambridge is filled with artists and arts and cultural organizations, but we don't treat and support those organizations the way we need to to make sure that we can sustain that over the long haul. And so from our perch at Cambridge Arts, we do, but I think overall as a city, we don't do that anywhere as broadly and deeply as we should. And so I'm glad to part of this conversation to move that forward.</CTX> <CTX>Great. Thank you, Jason. And Jessica?</CTX> <TGT>Hi, my name's Jessica. I'm the executive director of Cambridge Community Television. I live in what I've recently learned is called Dana [Surname], which is basically smack dab between Harvard Square and Central Square across from the Plough and Stars. And work in Central Square and a value relating to this process is transparency and I think transparency supports equity. So I'm happy to be here. Thank you.</TGT>","Positive: 4  
Negative: 1  
No Reinforcement: 3"
1324,18036302,97_24036_The_U.N._Should_Admit_Palestine_As_A_Full_Member_State.xlsx,whow-97_24036_The_U.N._Should_Admit_Palestine_As_A_Full_Member_State.xlsx-267,whow-97_24036_The_U.N._Should_Admit_Palestine_As_A_Full_Member_State.xlsx-266,b7f38b1247a2a268ebb06d9c9e807e0d,0.0,True,0,False,Neither does Great Britain.,whow,"{'probing': False, 'confronting': False, 'instruction': False, 'interpretation': False, 'supplement': False, 'utility': False}",False,<CTX>So why are you unhappy?</CTX> <CTX>And you're building the institutions of statehood. But it's a far cry to assume that your national movement right now is unified and cohesive enough to warrant what it is you seek. Right now-- and I don't mean to trivialize this. The Palestinian national movement is literally like Noah's ark. There are two of everything. There are two Constitutions. There are two sets of security services. There are two polities. There are two independent entities--</CTX> <CTX>At least we have a Constitution. Israel does not have a constitution.</CTX> <TGT>Neither does Great Britain.</TGT>,"Positive: 2  
Negative: 3  
No Reinforcement: 2

**Rationale"
782,18014326,111412%20drugs,iq2-111412%20drugs-99,iq2-111412%20drugs-98,Nick Gillespie,0.0,True,0,False,"--methamphetamine, one-tenth of 1 percent of people in America report having used it in the past 30 days. Is the drug war edifice, all of the costs in money and in monetary and human terms, is it worth trying to stop that one-tenth of 1 percent of Americans--",iq2,,True,"<CTX>Nick-- Asa--</CTX> <CTX>--wait, just--</CTX> <CTX>No, no--</CTX> <TGT>--methamphetamine, one-tenth of 1 percent of people in America report having used it in the past 30 days. Is the drug war edifice, all of the costs in money and in monetary and human terms, is it worth trying to stop that one-tenth of 1 percent of Americans--</TGT>","Positive: 2  
Negative: 3  
No Reinforcement: 3  

**Explanation:**"
1345,18019174,19_4626_Good_Riddance_To_Mainstream_Media.xlsx,whow-19_4626_Good_Riddance_To_Mainstream_Media.xlsx-217,whow-19_4626_Good_Riddance_To_Mainstream_Media.xlsx-216,af3b8c5fee8f57bc3c4599e1b8e7597a,0.0,True,0,False,"And you have files in your offices at the Chronicle as well, where you clip newspapers from other sources. And you use that as part of your research to develop stories, for heaven’s sakes—",whow,"{'probing': False, 'confronting': False, 'instruction': False, 'interpretation': False, 'supplement': False, 'utility': False}",False,"<CTX>Increasingly—</CTX> <CTX>And aggregators—</CTX> <CTX>And using a lot of like, the information that’s coming in</CTX> <TGT>And you have files in your offices at the Chronicle as well, where you clip newspapers from other sources. And you use that as part of your research to develop stories, for heaven’s sakes—</TGT>","Positive: 2  
Negative: 1  
No Reinforcement: 3"
874,17992409,120413%20veggies,iq2-120413%20veggies-329,iq2-120413%20veggies-328,Dr. Neal Barnard,0.0,True,0,False,Wait a sec--,iq2,,False,"<CTX>Joel Salatin.</CTX> <CTX>--more area to grow this food this way.</CTX> <CTX>That, again, is coming straight out of the United Nations, which I don’t trust as far as I can throw a bull by the tail, which isn’t very far. And these are studies paid for by the industrial food system--</CTX> <TGT>Wait a sec--</TGT>","Positive: 2  
Negative: 3  
No Reinforcement: 2"
1652,43119,533196476.27258.27258,wikitactics-533196476.27258.27258-3,wikitactics-533196476.27258.27258-2,TheOldJacobite,0.0,True,1,True,"The plot is not the place for analysis or commentary, it is the place for a straight recitation of the facts.  If you have a source for this ""deliberate ambiguity,"" the proper place for it would be in critical reception.  But your opinion is irrelevant and should not be added to the article. -''''''''''",wikitactics,,False,"<CTX>Deliberate Ambiguity</CTX> <CTX>TheOldJacobite obviously doesn't understand the concept of deliberate ambiguity as he keeps changing the analysis to make it seem like a straight-up story with no extra layers. I've reported him for repeatedly reverting it without adequate explanation, as well as his abrasive, arrogant refusal to accept anyone else's contribution to the page.</CTX> <TGT>The plot is not the place for analysis or commentary, it is the place for a straight recitation of the facts.  If you have a source for this ""deliberate ambiguity,"" the proper place for it would be in critical reception.  But your opinion is irrelevant and should not be added to the article. -''''''''''</TGT>","Positive: 2  
Negative: 4  
No Reinforcement: 1"
1278,18019534,1_356_The_Rich_Are_Taxed_Enough.xlsx,whow-1_356_The_Rich_Are_Taxed_Enough.xlsx-72,whow-1_356_The_Rich_Are_Taxed_Enough.xlsx-71,824003c6f3b0933c4e5b742716a50a39,0.0,True,0,False,And we can't allow that to happen.,whow,"{'probing': False, 'confronting': False, 'instruction': False, 'interpretation': False, 'supplement': False, 'utility': False}",False,"<CTX>Mark very helpfully, earlier, referred to a lot of structural problems facing the country. Those are problems that are subjects of another debate, but it is very important to ask the question to you, Mark, or to you, Bob, how is it that raising marginal tax rates on high income people gets at any of those structural problems? You referred to globalization, there are skill gaps among low income people, I'm not connecting the dots, from your tax policy to dealing with the problem that actually should concern America.</CTX> <CTX>Yeah, that's a very good question. I think it's important that we address the distribution of income and wealth, because if we don't, we're going to have the situation that Arthur joked about but is very serious. And that is that the wealthy will capture the system. Art joked about buying a senator, buying a congressman. I don't think that's a joke. I mean, I think that's a very serious issue.</CTX> <CTX>It's happening.</CTX> <TGT>And we can't allow that to happen.</TGT>","Positive: 4  
Negative: 2  
No Reinforcement: 3"
785,17996216,religion,iq2-religion-231,iq2-religion-230,John Donvan,1.0,True,0,False,Any response from this side on that?,iq2,,False,"<CTX>Sounds like it, yeah. David Wolpe.</CTX> <CTX>Well, I mean, it is certainly true that good and bad are mixed in every society, in every organization, in every human being, and the question you ask is a metaphysical question, that is, ""How do you get only the good and not the bad?"" I don't know that, that's possible to do in anything. There's no charity that has not been subject to corruption, and to misappropriation of funds, and to people doing cruelty, and I don't know that you can wash religion away, and actually the essence of the debate is does religion do bad sometimes, absolutely, but if you measure the good in which religion does in the world and, as I said, the unadvertised good, the small good, the constant good, then what do you get in a world without it?</CTX> <CTX>And the essence of the debate is whether, in fact, that world’s going to better or worse. I think it’s almost undebatable.</CTX> <TGT>Any response from this side on that?</TGT>","Positive: 2  
Negative: 2  
No Reinforcement: 3"
1818,43600,512199099.13687.13687,wikitactics-512199099.13687.13687-11,wikitactics-512199099.13687.13687-10,Maschen,1.0,True,1,True,To IP: WP:COI? WP:NPOV? No intension to be accusatory...,wikitactics,,False,"<CTX>and we should use what most sources use, so the first is certainly justified.</CTX> <CTX>It looks like this arithmetic-geometric mean formula is not entirely novel; it appears as a combination of equations 3 and 15 in this Am J Phys paper by Carvalhaes and Suppes (vol. 26, no. 12, p. 1150). At any rate, I agree with those who say that it is fine material for the corresponding mathematics article but probably shouldn't be included here. It seems like a relatively obscure formula, and surely anyone who is interested in optimal methods of numerically computing the period of a pendulum will find their way to the full mathematics article.</CTX> <CTX>I removed the second formula in compliance with the consensus above but  added it back again.  , Let's talk about this here, and come to a consensus, before making changes.   ''''</CTX> <TGT>To IP: WP:COI? WP:NPOV? No intension to be accusatory...</TGT>","Positive: 2  
Negative: 3  
No Reinforcement: 1

**Explanation:"
1198,40379,cnvbf2c,umod-cnvbf2c-0,,user-umod-cnvbf2c-0,0.0,True,0,False,"No it's not. I'm not saying: ""Drink cause that's what everyone does."" I'm saying if you **feel** that being a non-drinker is holding you back, then **try** it. I think there's a difference. Also lots of growing up is about giving in to peer pressure, and fitting in. I know I was a special little snowflake when I was 12, but giving up my cringy ""unique"" style contributed a lot to growing up. After all that's what being an adult is, fitting in with everyone else, how sad that might seem.",umod,"{'softlabel_mace': 0.0088147412404291, 'subjectivity': 3.0, 'aggressiveness': 1.1428571428571428, 'constructiveness': 3.142857142857143, 'sentiment': 'neutral', 'relamountRole': 0.7142857142857143, 'countModFunctions': 6, 'annot_similarity_pre': 0.32900003, 'annot_similarity_post': 0.40500003, 'none': 1, 'social': 0, 'improveQuality': 0, 'organizing': 0, 'content': 0, 'broadening': 0, 'policing': 0, 'siteIssues': 0, 'offTopic': 0, 'agreeYes': 5, 'agreeNo': 2, 'opinionNotClear': 0, 'numAnnotators': 7, 'seedmodel': 'GPT', 'flagged': 0}",False,"<TGT>No it's not. I'm not saying: ""Drink cause that's what everyone does."" I'm saying if you **feel** that being a non-drinker is holding you back, then **try** it. I think there's a difference. Also lots of growing up is about giving in to peer pressure, and fitting in. I know I was a special little snowflake when I was 12, but giving up my cringy ""unique"" style contributed a lot to growing up. After all that's what being an adult is, fitting in with everyone else, how sad that might seem.</TGT>","Positive: 3  
Negative: 2  
No Reinforcement: 2

**Rationale"
807,17982376,FreedomOfExpression-101806,iq2-FreedomOfExpression-101806-221,iq2-FreedomOfExpression-101806-220,Jeffrey Toobin,1.0,True,0,False,"You know what, let’s just go to a question.",iq2,,False,"<CTX>—very, very, very confident— You’re very, very confident in accusing of somebody in public of something that you know nothing about—</CTX> <CTX>Let’s have another question—</CTX> <CTX>—which is gross ignorance, but no, I would like to finish something for a minute, Jeffrey. I’m not done. A gentleman with a British accent asked a question earlier of David Cesarani which he ducked very carefully. He raised the question, why is it that you’re so nervous about the broad public in his criticism of Enlightenment thinking and of Mill and of this one and that one. He sort of yearns for a clubby time, when you could count on a “Freedom of expression must include the license to offend” few select elites having a kind of common agreement. And that now what’s dangerous to him is the proliferation of voices, the idea that there are many ideas out there on the Internet, oh my goodness, and we can’t regulate them, and they might get in the hands of the wrong people and we can’t even agree who they are. For goodness sakes, those clubby people, as they put it, you know, even the Jews can have an opinion. I mean, why are you so concerned that there might actually be some unregulated voices out there?</CTX> <TGT>You know what, let’s just go to a question.</TGT>","Positive: 4  
Negative: 2  
No Reinforcement: 1"
712,17991439,021214%20Snowden,iq2-021214%20Snowden-111,iq2-021214%20Snowden-110,Andrew C. McCarthy,0.0,True,0,False,--go back to their desks and rewrite the requests that they make.,iq2,,False,"<CTX>We saw opinions of the FISA Court, the Federal Court had not been made public.</CTX> <CTX>Yes, and-- right, and from the opinions of the FISA Court, what we see is that there's a give and take between the FISA Court and the executive branch which there never was before the 1970s where they actually have to narrow the requests that they make and actually have to go back to--</CTX> <CTX>Right.</CTX> <TGT>--go back to their desks and rewrite the requests that they make.</TGT>","Positive: 3  
Negative: 1  
No Reinforcement: 2"
1990,17994770,022415%20Liberal%20Stifling,iq2-022415%20Liberal%20Stifling-198,iq2-022415%20Liberal%20Stifling-197,Greg Lukianoff,0.0,True,0,False,"So, part of the story that you're missing is that when the-- when the students reported this, not only did they put a trigger warning at the beginning of the transcript of her speech and they didn't just censor the N word. They did-- they put ""expletive""-- they put, brackets, ""N word."" They also, when she referred to this as being crazy, they put brackets, ""ableist slur"" in there. I mean--",iq2,,False,"<CTX>What--</CTX> <CTX>She was censored in the transcript. Okay.</CTX> <CTX>No-- no-- no--</CTX> <TGT>So, part of the story that you're missing is that when the-- when the students reported this, not only did they put a trigger warning at the beginning of the transcript of her speech and they didn't just censor the N word. They did-- they put ""expletive""-- they put, brackets, ""N word."" They also, when she referred to this as being crazy, they put brackets, ""ableist slur"" in there. I mean--</TGT>","Positive: 2  
Negative: 4  
No Reinforcement: 3"
1659,43700,374973102.79274.79274,wikitactics-374973102.79274.79274-1,,Snowded,1.0,True,0,True,Balance,wikitactics,,True,<TGT>Balance</TGT>,"Positive: 2  
Negative: 1  
No Reinforcement: 3"
1190,40666,cdi65c9,umod-cdi65c9-0,,user-umod-cdi65c9-0,0.0,True,0,False,"In another medium, [this](http://www.examiner.com/article/another-couple-found-guilty-of-murder-for-parenting-by-to-train-up-a-child) article was mentioned. The morality of events in the article is not relevant, except that there are people who believe the author should be held responsible for publishing a book like that that would give the idea to potential parents they should discipline their children a certain way. Excluding the possibility of some psychological conditions, I believe that my actions are my own responsibility. If I infer something from a book and do something criminal, even if the authors themselves believe it was the right thing to do and intended to convey that message, it is on me for performing those actions. Anything different is a slippery slope and pulls into question the very freedom of speech. Harassment, however, is a different situation. But if someone publicly says something like ""all gays should burn"", it is not their fault if someone actually follows through with such an action. That doesn't make them any less of a douche for making that initial statement, but they shouldn't be responsible for other's actions.",umod,"{'softlabel_mace': 0.6983219228340347, 'subjectivity': 2.5, 'aggressiveness': 1.625, 'constructiveness': 2.625, 'sentiment': 'neutral', 'relamountRole': 0.75, 'countModFunctions': 6, 'annot_similarity_pre': 0.367125, 'annot_similarity_post': 0.413375, 'none': 0, 'social': 0, 'improveQuality': 0, 'organizing': 0, 'content': 0, 'broadening': 1, 'policing': 0, 'siteIssues': 0, 'offTopic': 0, 'agreeYes': 7, 'agreeNo': 1, 'opinionNotClear': 0, 'numAnnotators': 8, 'seedmodel': 'GPT', 'flagged': 0}",False,"<TGT>In another medium, [this](http://www.examiner.com/article/another-couple-found-guilty-of-murder-for-parenting-by-to-train-up-a-child) article was mentioned. The morality of events in the article is not relevant, except that there are people who believe the author should be held responsible for publishing a book like that that would give the idea to potential parents they should discipline their children a certain way. Excluding the possibility of some psychological conditions, I believe that my actions are my own responsibility. If I infer something from a book and do something criminal, even if the authors themselves believe it was the right thing to do and intended to convey that message, it is on me for performing those actions. Anything different is a slippery slope and pulls into question the very freedom of speech. Harassment, however, is a different situation. But if someone publicly says something like ""all gays should burn"", it is not their fault if someone actually follows through with such an action. That doesn't make them any less of a douche for making that initial statement, but they shouldn't be responsible for other's actions.</TGT>","Positive: 3  
Negative: 2  
No Reinforcement: 4

**Explanation of"
1225,18020715,26_6098_California_Is_The_First_Failed_State.xlsx,whow-26_6098_California_Is_The_First_Failed_State.xlsx-82,whow-26_6098_California_Is_The_First_Failed_State.xlsx-81,8c6e76fc30bb42a85fe0aa1520940fbc,0.0,True,0,False,Oh yeah.,whow,"{'probing': False, 'confronting': False, 'instruction': False, 'interpretation': False, 'supplement': False, 'utility': False}",False,"<CTX>Van Jones is part of the weekend summit…</CTX> <CTX>Well, the rules change by the minute here…</CTX> <CTX>Yeah. Exactly. Well… First of all…</CTX> <TGT>Oh yeah.</TGT>","Positive: 2  
Negative: 2  
No Reinforcement: 3"
602,24987,773,fora-773-50,fora-773-49,29127,0.0,True,0,False,"For me personally, if I could start? It's not necessarily like directly to people but I'm trying to share as much information as I can about voting. Especially in this election with the increased numbers of absentee ballots and the Postal Service situation. I think especially in a state like Wisconsin where there's a whole bunch of information going around, and a state that's so critical in this election. Especially because a lot of the people I know are first time presidential voters and if not then first time voters at all. I think that there's a lot of people that either don't know how to find that information or don't want to seek out that information. So just, on my social media, or I've had people text me and ask me or call me and just explaining the process to them and explaining, all the rules because the rules are so important especially with these absentee ballots. And making sure that they know that they can request a new one if something gets messed up or they have the right to fix their mistakes and I think just sharing that information with anyone whose willing to hear it is one of the first steps. Because if you don't know where to get the information its really hard to start. So then people like us who are maybe more informed or more involved, or aren't the group that is disenfranchised necessarily. If you can get that information and spread it to as many people as you can, that's what I've been doing for most of my advocacy.",fora,"{'Express affirmation': 0, 'Specific invitation': 0, 'Provide example': 0, 'Open invitation': 0, 'Make connections': 0, 'Express appreciation': 0, 'Follow up question': 0}",True,"<CTX>Okay, sweet. So I grew up in the Madison School District and I think that really showed me the inequities that we have in education and how politics is directly related. So I worked during high school with the student government for the Madison school district and that kind of exposed me to the political aspect of how what's going on in government effects schools directly. Since then, my political engagement has been working as a poll worker and then doing different canvassings for elections in 2018 and then also again this spring. And when I think about making a difference, one thing that comes to mind right now [inaudible] students at Madison La Follette High School were on a curriculum about service learning and community engagement. And so I've been able to help a lot of my students as they kind of navigate their last years of high school and figuring out what they want to do for college and that's been a very rewarding and eye opening experience for me.</CTX> <CTX>That's great. Thank you so much for those answers. Those were perfect. So now I'm going to hand it back over to you, Norma, to get started with the next portion of the conversation.</CTX> <CTX>Yeah, so we want to move on to a more informal conversation so this is not like, oh you're going to say something and I'm going to say something. We kind of want people to talk back and forth among yourselves as you share your stories. And so my first question is, what steps are you personally taking to try and help disenfranchised students make their voices heard through electoral politics, if any? And anyone can just decide to talk. And I just sent in the question again on the chat. If you guys need some time to think.</CTX> <TGT>For me personally, if I could start? It's not necessarily like directly to people but I'm trying to share as much information as I can about voting. Especially in this election with the increased numbers of absentee ballots and the Postal Service situation. I think especially in a state like Wisconsin where there's a whole bunch of information going around, and a state that's so critical in this election. Especially because a lot of the people I know are first time presidential voters and if not then first time voters at all. I think that there's a lot of people that either don't know how to find that information or don't want to seek out that information. So just, on my social media, or I've had people text me and ask me or call me and just explaining the process to them and explaining, all the rules because the rules are so important especially with these absentee ballots. And making sure that they know that they can request a new one if something gets messed up or they have the right to fix their mistakes and I think just sharing that information with anyone whose willing to hear it is one of the first steps. Because if you don't know where to get the information its really hard to start. So then people like us who are maybe more informed or more involved, or aren't the group that is disenfranchised necessarily. If you can get that information and spread it to as many people as you can, that's what I've been doing for most of my advocacy.</TGT>","Positive: 4  
Negative: 1  
No Reinforcement: 2

**Rationale"
270,17979763,f6d3edf15738793bb509cee6d914eb27,6_729,,Vglass,0.0,True,0,False,We absolutely need a cap/limit on fees and interest on past debt!,ceri,,False,<TGT>We absolutely need a cap/limit on fees and interest on past debt!</TGT>,"Positive: 5  
Negative: 0  
No Reinforcement: 1"
1384,18031266,70_17957_Big_Government_Is_Stifling_The_American_Spirit.xlsx,whow-70_17957_Big_Government_Is_Stifling_The_American_Spirit.xlsx-150,whow-70_17957_Big_Government_Is_Stifling_The_American_Spirit.xlsx-149,fefaac1e3b5a2aca65f6bc478805a1cc,0.0,True,0,False,"Well, first of all, I think the best investment government can make is to put its financial house in order so that we can have a functioning private system so that we can have more private investment and more job creation. So the first thing I'd invest in is deficit reduction. The second thing that I would invest in is science. Science-- basic science, not taking an idea and commercializing it, something government knows absolutely nothing about, and where every day somewhere in the world we see some huge program where the Japanese invested in high definition television, invested huge amounts of money, and it ended up the market went the other direction, it was all lost. So basic science, basic knowledge, basic ability to do things-- not just to cure people quicker and better, but to do it cheaper. We have virtually no investment in healthcare in economy. If I bought groceries the way I buy healthcare, where somebody else pays 95 cents out of every dollar, I'd eat different, and so would my dog. And that--",whow,"{'probing': False, 'confronting': False, 'instruction': False, 'interpretation': False, 'supplement': False, 'utility': False}",True,"<CTX>Phil, I have to interrupt because I thought this question was one that everybody was going to hear the answer to. Her question is what areas would you invest in. What would be the three areas where you put direct investment?</CTX> <CTX>Through government.</CTX> <CTX>Through government.</CTX> <TGT>Well, first of all, I think the best investment government can make is to put its financial house in order so that we can have a functioning private system so that we can have more private investment and more job creation. So the first thing I'd invest in is deficit reduction. The second thing that I would invest in is science. Science-- basic science, not taking an idea and commercializing it, something government knows absolutely nothing about, and where every day somewhere in the world we see some huge program where the Japanese invested in high definition television, invested huge amounts of money, and it ended up the market went the other direction, it was all lost. So basic science, basic knowledge, basic ability to do things-- not just to cure people quicker and better, but to do it cheaper. We have virtually no investment in healthcare in economy. If I bought groceries the way I buy healthcare, where somebody else pays 95 cents out of every dollar, I'd eat different, and so would my dog. And that--</TGT>","Positive: 2  
Negative: 3  
No Reinforcement: 2"
231,17978252,c4d3698a791fa9070424fd19a6a70c56,2_101,2_97,Moderator,1.0,True,0,False,"Welcome to Regulation Room and thanks for your comment!

A great place to start on the site is to check out the ""Site Tour"" link at the  top right-ish part of the page.  There, you can find four short guide videos explaining our site and where we are in the rulemaking process.  This morning Secretary LaHood announced the proposed rule, and Regulation Room went live to provide a forum for commenting on what has been proposed.

Also, would you care to elaborate on what you meant by airports and carriers working together to develop contingency plans for delayed flights stuck on the tarmac?  The more information you provide, the more the other contributors can comment and join the discussion as well. Thanks!",ceri,,True,"<CTX>First, I congratulate and thank Secretary LaHood and DOT for their efforts in improving customer protections for travelers. 

The cut-off should be for all types of planes, not just large ones. Airports AND carriers should work together to develop tarmac contingency plans.

Personally, I think 3 hours is too long to be held captive in a immobile plane. Two hours is much more reasonable. </CTX> <TGT>Welcome to Regulation Room and thanks for your comment!

A great place to start on the site is to check out the ""Site Tour"" link at the  top right-ish part of the page.  There, you can find four short guide videos explaining our site and where we are in the rulemaking process.  This morning Secretary LaHood announced the proposed rule, and Regulation Room went live to provide a forum for commenting on what has been proposed.

Also, would you care to elaborate on what you meant by airports and carriers working together to develop contingency plans for delayed flights stuck on the tarmac?  The more information you provide, the more the other contributors can comment and join the discussion as well. Thanks!</TGT>","Positive: 4  
Negative: 1  
No Reinforcement: 3"
49,17980008,cbcdcf8dfc713bcc0eba1cfb43cffbd3,6_1122,6_848,RHN91362,0.0,True,0,False,This is not an appropriate requirement because not all states have licensing or registration for debt collectors.,ceri,,False,"<CTX>Every validation notice should include the collection agency's license status: license number, state of license, original license issue date, and current license expiration date.</CTX> <TGT>This is not an appropriate requirement because not all states have licensing or registration for debt collectors.</TGT>","Positive: 2  
Negative: 4  
No Reinforcement: 3"
462,35764,2374,fora-2374-31,fora-2374-30,42746,1.0,True,0,False,"Well, I would like to say, thank you so much for your honesty because not everyone has the same experiences as we can see here.",fora,"{'Express affirmation': 0, 'Specific invitation': 0, 'Provide example': 0, 'Open invitation': 0, 'Make connections': 0, 'Express appreciation': 0, 'Follow up question': 0}",False,"<CTX>But as a whole, they ain't really do nothing for me to do with that. I can't say they did.</CTX> <CTX>I would like to...</CTX> <CTX>And I live in the Bronx.</CTX> <TGT>Well, I would like to say, thank you so much for your honesty because not everyone has the same experiences as we can see here.</TGT>","Positive: 2  
Negative: 1  
No Reinforcement: 3"
1105,40076,ch8wdzq,umod-ch8wdzq-0,,user-umod-ch8wdzq-0,0.0,True,0,False,"What do you mean by an idealist in that sentence? I have to have some definition of real if I'm not going to go pursue things I saw in a dream. If I believe in a deity, I can invoke that in my definition; if not, I can't. If I have some way of determining what's real by means of some special sense or some special logical criteria, I can use that. If not, I can't. So if I'm a pragmatist who doesn't assume this stuff, the only criteria I have for real is ""worth dealing with"". Do you have a better criteria?",umod,"{'softlabel_mace': 0.9316088166331632, 'subjectivity': 2.571428571428572, 'aggressiveness': 1.1428571428571428, 'constructiveness': 4.0, 'sentiment': 'neutral', 'relamountRole': 0.7142857142857143, 'countModFunctions': 6, 'annot_similarity_pre': 0.4817143, 'annot_similarity_post': 0.5402857, 'none': 0, 'social': 0, 'improveQuality': 1, 'organizing': 0, 'content': 1, 'broadening': 0, 'policing': 0, 'siteIssues': 0, 'offTopic': 0, 'agreeYes': 5, 'agreeNo': 0, 'opinionNotClear': 2, 'numAnnotators': 7, 'seedmodel': 'expert', 'flagged': 0}",False,"<TGT>What do you mean by an idealist in that sentence? I have to have some definition of real if I'm not going to go pursue things I saw in a dream. If I believe in a deity, I can invoke that in my definition; if not, I can't. If I have some way of determining what's real by means of some special sense or some special logical criteria, I can use that. If not, I can't. So if I'm a pragmatist who doesn't assume this stuff, the only criteria I have for real is ""worth dealing with"". Do you have a better criteria?</TGT>","Positive: 4  
Negative: 1  
No Reinforcement: 2

**Explanation of"
855,17992458,120413%20veggies,iq2-120413%20veggies-378,iq2-120413%20veggies-377,Dr. Neal Barnard,0.0,True,0,False,Up until relatively recently--,iq2,,True,"<CTX>No, it doesn't matter. And the same with--</CTX> <CTX>The study wasn't used pasture-based meat, was it? Did it? No, it didn't!</CTX> <CTX>Sir--</CTX> <TGT>Up until relatively recently--</TGT>","Positive: 1  
Negative: 4  
No Reinforcement: 2"
693,17993645,buy-american,iq2-buy-american-170,iq2-buy-american-169,John Donvan,1.0,True,0,False,—and I want to go to the gentleman—,iq2,,False,"<CTX>I’m sorry, let me just—</CTX> <CTX>I’m going to stop this because we have a dispute over the facts at this point that can’t be settled here—</CTX> <CTX>They love cheap labor—</CTX> <TGT>—and I want to go to the gentleman—</TGT>","Positive: 1  
Negative: 5  
No Reinforcement: 2"
1551,44082,509851911.21004.21004,wikitactics-509851911.21004.21004-20,wikitactics-509851911.21004.21004-19,Thewanderer,0.0,True,0,True,"The 750,000 figure relates to all casualties in Yugoslavia as a result of the Axis forces. The same list contains 59,188 people killed at Jasenovac. Of course Martin Broszat wouldn't know this, because he '''never even saw the list''' as it was only published in 1989. Any historians who are reporting this now must be pretty awful at their job, as this is common contemporary knowledge.",wikitactics,,False,"<CTX>Matkovic is one of the preeminent historians of 20th century Croatian history, and your criticisms of his work seem to speak to your own POV rather than the unreliability of him as a source.</CTX> <CTX>-International recognition and establishment of the NDH borders: The NDH was internationally recognized by fellow Axis members, de facto recognized by several neutral states, and had low-level relations with others. The NDH had legal settled borders with all of its neighbours, recognized internationally by those states with which the NDH maintained recognition. How is writing about any of this POV? Matkovic and other contemporary historians have studied this because the Cold War/communist period historiography summarily ignored these topics. They are obviously important.</CTX> <CTX>Polemics about some inconsequential political party have absolutely nothing to with this article and should be avoided in the future if you'd like to be taken seriously.</CTX> <TGT>The 750,000 figure relates to all casualties in Yugoslavia as a result of the Axis forces. The same list contains 59,188 people killed at Jasenovac. Of course Martin Broszat wouldn't know this, because he '''never even saw the list''' as it was only published in 1989. Any historians who are reporting this now must be pretty awful at their job, as this is common contemporary knowledge.</TGT>","Positive: 2  
Negative: 4  
No Reinforcement: 3"
1872,41955,241542926.24311.24311,wikitactics-241542926.24311.24311-14,wikitactics-241542926.24311.24311-13,Wobble,0.0,True,0,True,"I'd like to know why Marylin Monroe is supposed to be ""the most iconic example of an idealised appearance of a white person."" Personally I think that no man wants to look like her, whether they are ""white"" or otherwise, so at the very least she could only represent an idealised version of a woman. Then there's the question of her obviously non-natural hair, and the fact that most so called ""white"" people are not blonde anyway. I don't think there is or can ever be such a thing as an ""idealised white person"", at best all we can achieve is some sort of idea of the vast diversity that exists within any given group of people, and even  then we are going to omit much of the variation.",wikitactics,,False,"<CTX>So here's the main point, is a photo of Marylin Monroe in the Physical appearance section a good or bad idea? I feel it's a good idea because she's probably the most iconic example of an idealised appearance of a white person.</CTX> <CTX>okay thats fine lets give it a few days and see what some other editors think</CTX> <CTX>Previous consensus was against the inclusion of a sterotypical ""white"" person. I still think the gallery is enough.</CTX> <TGT>I'd like to know why Marylin Monroe is supposed to be ""the most iconic example of an idealised appearance of a white person."" Personally I think that no man wants to look like her, whether they are ""white"" or otherwise, so at the very least she could only represent an idealised version of a woman. Then there's the question of her obviously non-natural hair, and the fact that most so called ""white"" people are not blonde anyway. I don't think there is or can ever be such a thing as an ""idealised white person"", at best all we can achieve is some sort of idea of the vast diversity that exists within any given group of people, and even  then we are going to omit much of the variation.</TGT>","Positive: 3  
Negative: 2  
No Reinforcement: 2

**Rationale"
526,31593,2365,fora-2365-196,fora-2365-195,42471,0.0,True,0,False,"And of course... I was, you should just pray. Don't be ashamed. You should help us. It should never come back.",fora,"{'Express affirmation': 0, 'Specific invitation': 0, 'Provide example': 0, 'Open invitation': 0, 'Make connections': 0, 'Express appreciation': 0, 'Follow up question': 0}",False,"<CTX>Okay.</CTX> <CTX>It was enough, avoiding crowds.</CTX> <CTX>Okay.</CTX> <TGT>And of course... I was, you should just pray. Don't be ashamed. You should help us. It should never come back.</TGT>","Positive: 1  
Negative: 4  
No Reinforcement: 2"
173,17978831,19e309e925d3e250f520032a27ef7e66,3_221,3_198,gearjammer,0.0,True,0,False,"the company i am leased to has not come out with have not come out with firm numbers but estimates are in the 1200 to 2000 dollar range with a WEEKLY charge of 40 to 60 dollars.
 I have been an owner operator for over 12 years now and have seen my bottom line drop to almost nothing.
 the high costs of over regulation along with the facts that freight rates today are where they were 10 years ago add the fact that maintenance costs are outrageous is pretty much unbearable for the little guy to even come close to making a living.
 I have 5 csa points and they are over a paper work issue that I was told that I could have had erased but i didn't appeal it in time but at the time that this issue came up there was no way to appeal it.
 so it isn't like I am not a compliant driver and not only do I resent being punished because of the few bad apples in this industry, I cannot bear the weekly cost of the monitoring but the cost of buying this monstrosity will take the money I have saved for a vacation for me and my wife,the fist we have been able to plan in over 5 years because of the slim profits that have been able to generate.
 I have about decided that the government could care less about the small business owner in trucking and have teamed up with the driver mill companies that hire new students that have no idea on how to be compliant and even worse are not safety first oriented so if they want to force me to come up with another 2 to 5 thousand a year to prove that I am following the rules then I will take the loss on my equipment and find some work that is less stressful more profitable in the process and watch the carnage that will surely happen as the proven safe drivers give up in frustration and the new breed of inexperienced super truckers take over from the proven safe old hands   ",ceri,,False,"<CTX>Eliminat the HOS and the proposed EOBRs for experienced drivers with satisfactory/good records, have them carry an ID card Exempting them from HOS and EOBRS.. Use the EOBRS and the HOS for new inexperienced drivers just out of school, and those with poor safety records.. Use the EOBRS and the HOS for a training tool for new drivers and a consequence for drivers with a bad safety records.. they get alot of citations/tickets etc they abide by the EOBRS and the HOS. ILL bet you would see drivers driving alot safer if they were penalized this way for unsafe driving..</CTX> <TGT>the company i am leased to has not come out with have not come out with firm numbers but estimates are in the 1200 to 2000 dollar range with a WEEKLY charge of 40 to 60 dollars.
 I have been an owner operator for over 12 years now and have seen my bottom line drop to almost nothing.
 the high costs of over regulation along with the facts that freight rates today are where they were 10 years ago add the fact that maintenance costs are outrageous is pretty much unbearable for the little guy to even come close to making a living.
 I have 5 csa points and they are over a paper work issue that I was told that I could have had erased but i didn't appeal it in time but at the time that this issue came up there was no way to appeal it.
 so it isn't like I am not a compliant driver and not only do I resent being punished because of the few bad apples in this industry, I cannot bear the weekly cost of the monitoring but the cost of buying this monstrosity will take the money I have saved for a vacation for me and my wife,the fist we have been able to plan in over 5 years because of the slim profits that have been able to generate.
 I have about decided that the government could care less about the small business owner in trucking and have teamed up with the driver mill companies that hire new students that have no idea on how to be compliant and even worse are not safety first oriented so if they want to force me to come up with another 2 to 5 thousand a year to prove that I am following the rules then I will take the loss on my equipment and find some work that is less stressful more profitable in the process and watch the carnage that will surely happen as the proven safe drivers give up in frustration and the new breed of inexperienced super truckers take over from the proven safe old hands   </TGT>","Positive: 2  
Negative: 5  
No Reinforcement: 3

**Rationale"
720,18003530,obesity%20020712,iq2-obesity%20020712-330,iq2-obesity%20020712-329,Dr. Pamela Peeke,0.0,True,0,False,"Actually, there's a-- there is a fantastic study that just came out in the journal of sociology. And it basically showed that when you have all of this at school, and you have another option, many of these kids are going to what they're used to at home. And so what they're not going to do is, you know, come from a home where they're eating trash and drinking trash and back and forth, and then suddenly magically come to school and go, wow, asparagus, bring it on. They're just not going to do this.",iq2,,False,"<CTX>Is there data regarding specifically the percent of urban welfare recipients how they spend their money and where they spend their money on food?</CTX> <CTX>What are you getting-- what do you want to get at though? You want to say that there is an absence of data to know whether it's working?</CTX> <CTX>I think she's suggesting it's not working, that they have a free lunch, but they spend $4 on the vending machine junk. You can't manipulate people as well as we think you can.</CTX> <TGT>Actually, there's a-- there is a fantastic study that just came out in the journal of sociology. And it basically showed that when you have all of this at school, and you have another option, many of these kids are going to what they're used to at home. And so what they're not going to do is, you know, come from a home where they're eating trash and drinking trash and back and forth, and then suddenly magically come to school and go, wow, asparagus, bring it on. They're just not going to do this.</TGT>","Positive: 3  
Negative: 2  
No Reinforcement: 2"
414,38366,2275,fora-2275-22,fora-2275-21,40931,1.0,True,0,False,"I definitely agree with that. And then regarding the misinformation, who do you think can help address that?",fora,"{'Express affirmation': 0, 'Specific invitation': 0, 'Provide example': 0, 'Open invitation': 0, 'Make connections': 0, 'Express appreciation': 0, 'Follow up question': 0}",False,"<CTX>Just resources about education.</CTX> <CTX>Oh, so misinformation. Okay. So who do you think can help address these challenges? So let's say with the test kits, who do you think could have addressed that problem?</CTX> <CTX>I'm not sure who specifically would be able to help that issue, but I feel like if there were more community organizations like giving out these resources more regularly, it would've been a lot more helpful at the time.</CTX> <TGT>I definitely agree with that. And then regarding the misinformation, who do you think can help address that?</TGT>","Positive: 3  
Negative: 1  
No Reinforcement: 4"
237,17978096,8c240d8c621438a9d86a4e38d69ff324,2_1246,2_764,JJMurray,0.0,True,0,False,"Moderator - The quote illustrates the idea that the DOT should NOT ban peanuts because you are doing exactly the same kind of things the quote covers in an attempt to achieve something for those not willing to take the responsibility themselves.
Do NOT ban peanut products unless you are willing to go the VERY many roads of banning other substances as well.",ceri,,False,"<CTX>I would like to share a few words from a very intelligent and very prominent president, that I think helps with this discussion. 

""You cannot help the poor by destroying the rich.
You cannot strengthen the weak by weakening the strong.
You cannot bring about prosperity by discouraging thrift.
You cannot lift the wage earner up by pulling the wage payer down.
You cannot further the brotherhood of man by inciting class hatred.
You cannot build character and courage by taking away people's initiative and independence.
You cannot help people permanently by doing for them, what they could and should do for themselves.""-Abraham Lincoln</CTX> <CTX>Could you clarify how this quote helps us think about the best solution to the peanut allergy issue? The goal here is to have a discussion that will ultimately help DOT make better decisions about how to (or not to) regulate. Effective comments focus on the agencyâ€™s proposal and express concerns, suggestions, and recommendations clearly. See  Effective Commenting on the Learn About Rulemaking page.</CTX> <TGT>Moderator - The quote illustrates the idea that the DOT should NOT ban peanuts because you are doing exactly the same kind of things the quote covers in an attempt to achieve something for those not willing to take the responsibility themselves.
Do NOT ban peanut products unless you are willing to go the VERY many roads of banning other substances as well.</TGT>","Positive: 4  
Negative: 2  
No Reinforcement: 3"
1472,18023808,39_9739_Embrace_The_Common_Core.xlsx,whow-39_9739_Embrace_The_Common_Core.xlsx-68,whow-39_9739_Embrace_The_Common_Core.xlsx-67,ec4ca0fb306a24a8a821c3df7c9a1ae6,1.0,True,0,False,"All right, let me-- Mike, let me-- I want to move on to-- in terms of evidence, earlier when the question of evidence came up, Carmel Martin, you started talking about the evidence so far in places where it has been implemented, how it's doing, and I cut you off because we weren't at that point.",whow,"{'probing': True, 'confronting': False, 'instruction': False, 'interpretation': False, 'supplement': False, 'utility': False}",False,"<CTX>I-- no, I'm absolutely confident. Look, this has been the dominant way we have taught reading now for decades. And you look at our achievement in reading, and it is mostly flat. And you look at our achievement in reading for special education kids, for kids who are behind, and what you find is that they are not making progress fast enough. We've done better in math where we've made greater progress, particularly for poor kids, but in reading it's been slow. We've made some progress in teaching early reading because of phonics and phonemic awareness because there we finally followed the evidence.</CTX> <CTX>All right.</CTX> <CTX>And what I'm saying is that we need to follow the evidence. The Common Core is saying that's what we need to do, follow the evidence. Kids deserve to be challenged. The teachers I talk to today, you know-- I mean, Carol's argument earlier-- the four words, ""These are too hard,"" right?</CTX> <TGT>All right, let me-- Mike, let me-- I want to move on to-- in terms of evidence, earlier when the question of evidence came up, Carmel Martin, you started talking about the evidence so far in places where it has been implemented, how it's doing, and I cut you off because we weren't at that point.</TGT>","Positive: 2  
Negative: 4  
No Reinforcement: 3"
1335,18031043,6_1595_America_Doesnt_Need_A_Strong_Dollar_Policy.xlsx,whow-6_1595_America_Doesnt_Need_A_Strong_Dollar_Policy.xlsx-187,whow-6_1595_America_Doesnt_Need_A_Strong_Dollar_Policy.xlsx-186,ec4ca0fb306a24a8a821c3df7c9a1ae6,1.0,True,0,False,"So I mean, really what they're saying is it would have been worse. They're not saying it's great, but it would have been worse.",whow,"{'probing': False, 'confronting': False, 'instruction': False, 'interpretation': True, 'supplement': False, 'utility': False}",False,"<CTX>We are in the question and answer section of this Intelligence Squared U.S. Debate. I'm John Donvan. We have four debaters, two teams of two, debating this motion, ""America doesn't need a strong dollar policy."" More questions from the audience. Sir, gray sweater. Do you mind standing up? Thanks.</CTX> <CTX>Columbia Business School actually. So, Mr. Forbes and Mr. Grant, the-- you've asserted that the goal standard creates stability inherently, but we've seen numerous asset bubbles throughout the gold standard periods including, you know, the South Sea bubble in the United Kingdom, the Dutch Tulip bubble, et cetera, et cetera. What prevents, in your opinion, the gold standard from creating or having more bubbles in that period as well?</CTX> <CTX>Well, the gold standard to me is the least imperfect monetary regime, that has actually existed in human monetary history. The others have existed on blackboards at Cambridge and MIT, but the gold standard existed in practice for 100 years, the classical gold standard did. Now, one must distinguish between the definition of money under the gold standard and the banking systems in play-- in place during that period. Now, as Steve mentioned, human beings will err, and sometimes they'll err en masse, and there will be crashes and bubbles. What to me characterizes the gold standard period is the absence of growth throttling long dated depressions, owing to-- owing to uncertainty about the future value of money. Such depressions as existed in that period were typically the result of uncertainty about monetary fears, such as the one that started in 1893, such as the depression of 1890, when there was a great hew and cry over William Jennings Bryant. But banking bubbles it seems to me were much less severe for the simple reason that bankers at the time were personally accountable in some degree, certainly bank stockholders were personally accountable for the solvency of the institutions in which they invested. There was a double liability</CTX> <TGT>So I mean, really what they're saying is it would have been worse. They're not saying it's great, but it would have been worse.</TGT>","Positive: 3  
Negative: 2  
No Reinforcement: 2

**Explanation of"
1063,40428,ccqyeqb,umod-ccqyeqb-0,,user-umod-ccqyeqb-0,0.0,True,0,False,Yes! Of course it does! How would the main character of the game not affect the quality of the game? Thats part of why Luigis mansion was so great in my opinion. For once the story didnt just focus on Mario doing the same thing hes done in 40 or so other games.,umod,"{'softlabel_mace': 0.0006923024387337, 'subjectivity': 3.555555555555556, 'aggressiveness': 2.7777777777777777, 'constructiveness': 2.333333333333333, 'sentiment': 'negative', 'relamountRole': 0.7777777777777778, 'countModFunctions': 4, 'annot_similarity_pre': 0.586, 'annot_similarity_post': 0.5275555, 'none': 1, 'social': 0, 'improveQuality': 0, 'organizing': 0, 'content': 0, 'broadening': 0, 'policing': 0, 'siteIssues': 0, 'offTopic': 0, 'agreeYes': 2, 'agreeNo': 3, 'opinionNotClear': 4, 'numAnnotators': 9, 'seedmodel': 'expert', 'flagged': 0}",False,<TGT>Yes! Of course it does! How would the main character of the game not affect the quality of the game? Thats part of why Luigis mansion was so great in my opinion. For once the story didnt just focus on Mario doing the same thing hes done in 40 or so other games.</TGT>,"Positive: 4  
Negative: 1  
No Reinforcement: 3"
23,17980500,b2316de1cc1a2218d5d1f3b095d2351f,6_1380,,stopwithspoofedcallerID,0.0,True,0,False,"The ACA's (debt collectors) positions on the CFPB's proposed rules is disgusting!! It is laughable!  See for yourself America, here it is: http://www.acainternational.org/files.aspx?p=/images/31323/aca-anpr-comments.pdf",ceri,,False,"<TGT>The ACA's (debt collectors) positions on the CFPB's proposed rules is disgusting!! It is laughable!  See for yourself America, here it is: http://www.acainternational.org/files.aspx?p=/images/31323/aca-anpr-comments.pdf</TGT>","Positive: 2  
Negative: 4  
No Reinforcement: 3  

**Rationale"
1766,44517,751975433.32933.32933,wikitactics-751975433.32933.32933-8,wikitactics-751975433.32933.32933-7,FlightTime,0.0,True,1,True,"I just asked a question. You'll need consensus before replacing your changes and this discussion so far is not consensus. Oh, please review WP:INDENT  -",wikitactics,,False,"<CTX>WTF do you mean by ""'''Legally'''"" ?  -</CTX> <CTX>I had all documentation within the page. Please see . On November 5, 2015, a ruling overturned Warren Demartini and his attempt to procure an injunction to prevent Ratt Owner and Ceo Bobby Blotzer from using and touring under the Ratt trademark. Since then, Bobby Blotzer was allowed to use the name RATT. Since this time they are legally considered RATT. As I stated previously, this is part of the history and cannot be just removed.</CTX> <CTX>I am still not seeing a response from either one of you. Would you not agree that this is what was needed to show you that the band that is currently touring and in place is RATT? And would you not agree that the updates I had in place were accurate? If I do not receive a response or input, I'm going to assume that my legal backup is proof enough that the changes were, in fact, accurate and that I can revert the page back to the correct text. Thank you.</CTX> <TGT>I just asked a question. You'll need consensus before replacing your changes and this discussion so far is not consensus. Oh, please review WP:INDENT  -</TGT>","Positive: 2  
Negative: 4  
No Reinforcement: 3"
63,17978150,8c240d8c621438a9d86a4e38d69ff324,2_328,,KIMINNO,0.0,True,0,False,"Banning peanuts and peanut products on flights does not harm anyone and demonstrates the airlines' (and government's) reasonable attempt to meet the needs of those with severe peanut allergies. The airlines can't control what passengers bring onboard, but they can try to regulate it and not have an entire flight full of people eating peanuts.  An EpiPen only helps for a few minutes.  I'd rather give up peanuts for a few hours than have a child lose his or her life. Is that what it is going to take to resolve this simple issue?  

I teach a child with a severe peanut allergy.  I can't 100% prevent individuals from consuming peanut products and coming around the student. But, I can ban peanut products in my classroom and post huge signs on my door saying ""do not enter if you have eaten or have been exposed to peanut products"".  That demonstrates my reasonable efforts to protect the student.  ",ceri,,False,"<TGT>Banning peanuts and peanut products on flights does not harm anyone and demonstrates the airlines' (and government's) reasonable attempt to meet the needs of those with severe peanut allergies. The airlines can't control what passengers bring onboard, but they can try to regulate it and not have an entire flight full of people eating peanuts.  An EpiPen only helps for a few minutes.  I'd rather give up peanuts for a few hours than have a child lose his or her life. Is that what it is going to take to resolve this simple issue?  

I teach a child with a severe peanut allergy.  I can't 100% prevent individuals from consuming peanut products and coming around the student. But, I can ban peanut products in my classroom and post huge signs on my door saying ""do not enter if you have eaten or have been exposed to peanut products"".  That demonstrates my reasonable efforts to protect the student.  </TGT>","Positive: 5  
Negative: 1  
No Reinforcement: 2"
289,17977912,8c240d8c621438a9d86a4e38d69ff324,2_126,2_122,Elle,0.0,True,0,False,"I am the mom of a child with allergies to peanuts (& I have an allergy to shellfish) and have flown six times (on Delta) with my child and had no problems, though some anxiety. Delta's policy is to create a peanut-free buffer three rows in front & three rows behind the peanut-allergic person.  One flight happened to be peanut-free because there were several passengers on the flight with peanut allergies, and the buffer zones pretty much took up the entire plane.  The other flights were not peanut-free.

What I do for flights: 
* Carry all necessary medication, including at least two self-injectors (I get Twinjects because two injectors have four doses.) 
* Let the airline know at the time of my reservation of our allergies and that I plan to board early.  
* Mention this again at the gate.  
* Bring Clorox wipes and clean my daughter's seat, tray table etc. and the seats on either side or window/wall if she has a window seat. 
* Bring food so we don't have to rely on the airline food.

 As mentioned by someone previously, banning peanuts is a slippery slope because there are many people with life-threatening allergies to many foods. Shellfish allergies are more common in adults than peanuts.

Someone wrote above ""As for the 'slippery slope' argument â€“ I donâ€™t buy it. Iâ€™ve never heard of anyone having a wheat allergy going into anaphylaxis from someone sitting next to them eating a sandwich.""

Interesting point, but I can turn it around as I have never heard of a documented case of anyone going into anaphylaxis from airborne contact of peanuts. From what I understand, airborne anaphylaxis is very rare.

If anything, I would suggest a ban on warming up peanuts, since that is more likely to put peanut proteins in the air. 

I would also suggest training staff to be sensitive to passengers with allergies.  They should create allergy policies and post them in an easily findable place on their websites (most have them, it's just tough to find on their sites) and be consistent so a passenger doesn't think she is flying on a nut-free flight when it isn't. And while this forum is great, I would weigh more the advice of researchers.  Many people react emotionally regarding this issue and when DOT considers options, it should take into consideration what scientific studies have shown have occurred or may occur, not what well-intentioned people or panicked people think may occur.

Epinephrine should always be the responsibility of the passenger, though it may be good policy to have extra on board in the event of an anaphylaxis (or severe asthma attack). 

A passenger's bill or rights/ responsibilities would be helpful. (e.g. Encourage people with allergies to carry two or more self-injectors; Giving people with food allergies -- Anyone with a medical condition actually--  the option to board the plane early)





I am the mom of a child with allergies to peanuts (& I have an allergy to shellfish) and have flown six times (on Delta) with my child and had no problems, though some anxiety. Delta's policy is to create a peanut-free buffer three rows in front & three rows behind the peanut-allergic person.  One flight happened to be peanut-free because there were several passengers on the flight with peanut allergies, and the buffer zones pretty much took up the entire plane.  The other flights were not peanut-free.

What I do for flights: 
* Carry all necessary medication, including at least two self-injectors (I get Twinjects because two injectors have four doses.) 
* Let the airline know at the time of my reservation of our allergies and that I plan to board early.  
* Mention this again at the gate.  
* Bring Clorox wipes and clean my daughter's seat, tray table etc. and the seats on either side or window/wall if she has a window seat. 
* Bring food so we don't have to rely on the airline food.

 As mentioned by someone previously, banning peanuts is a slippery slope because there are many people with life-threatening allergies to many foods. Shellfish allergies are more common in adults than peanuts.

Someone wrote above ""As for the 'slippery slope' argument â€“ I donâ€™t buy it. Iâ€™ve never heard of anyone having a wheat allergy going into anaphylaxis from someone sitting next to them eating a sandwich.""

Interesting point, but I can turn it around as I have never heard of a documented case of anyone going into anaphylaxis from airborne contact of peanuts. From what I understand, airborne anaphylaxis is very rare.

If anything, I would suggest a ban on warming up peanuts, since that is more likely to put peanut proteins in the air. 

I would also suggest training staff to be sensitive to passengers with allergies.  They should create allergy policies and post them in an easily findable place on their websites (most have them, it's just tough to find on their sites) and be consistent so a passenger doesn't think she is flying on a nut-free flight when it isn't. And while this forum is great, I would weigh more the advice of researchers.  Many people react emotionally regarding this issue and when DOT considers options, it should take into consideration what scientific studies have shown have occurred or may occur, not what well-intentioned people or panicked people think may occur.

Epinephrine should always be the responsibility of the passenger, though it may be good policy to have extra on board in the event of an anaphylaxis (or severe asthma attack). 

A passenger's bill or rights/ responsibilities would be helpful. (e.g. Encourage people with allergies to carry two or more self-injectors; Giving people with food allergies -- Anyone with a medical condition actually--  the option to board the plane early.",ceri,,False,"<CTX>I think red eye is correct: DOT is on a slippery slope if it bans peanuts. However, I also understand the concerns of people with severe peanut allergies. Perhaps airlines could offer only select flights as ""Peanut-Free"" instead of a complete ban on peanuts.</CTX> <TGT>I am the mom of a child with allergies to peanuts (& I have an allergy to shellfish) and have flown six times (on Delta) with my child and had no problems, though some anxiety. Delta's policy is to create a peanut-free buffer three rows in front & three rows behind the peanut-allergic person.  One flight happened to be peanut-free because there were several passengers on the flight with peanut allergies, and the buffer zones pretty much took up the entire plane.  The other flights were not peanut-free.

What I do for flights: 
* Carry all necessary medication, including at least two self-injectors (I get Twinjects because two injectors have four doses.) 
* Let the airline know at the time of my reservation of our allergies and that I plan to board early.  
* Mention this again at the gate.  
* Bring Clorox wipes and clean my daughter's seat, tray table etc. and the seats on either side or window/wall if she has a window seat. 
* Bring food so we don't have to rely on the airline food.

 As mentioned by someone previously, banning peanuts is a slippery slope because there are many people with life-threatening allergies to many foods. Shellfish allergies are more common in adults than peanuts.

Someone wrote above ""As for the 'slippery slope' argument â€“ I donâ€™t buy it. Iâ€™ve never heard of anyone having a wheat allergy going into anaphylaxis from someone sitting next to them eating a sandwich.""

Interesting point, but I can turn it around as I have never heard of a documented case of anyone going into anaphylaxis from airborne contact of peanuts. From what I understand, airborne anaphylaxis is very rare.

If anything, I would suggest a ban on warming up peanuts, since that is more likely to put peanut proteins in the air. 

I would also suggest training staff to be sensitive to passengers with allergies.  They should create allergy policies and post them in an easily findable place on their websites (most have them, it's just tough to find on their sites) and be consistent so a passenger doesn't think she is flying on a nut-free flight when it isn't. And while this forum is great, I would weigh more the advice of researchers.  Many people react emotionally regarding this issue and when DOT considers options, it should take into consideration what scientific studies have shown have occurred or may occur, not what well-intentioned people or panicked people think may occur.

Epinephrine should always be the responsibility of the passenger, though it may be good policy to have extra on board in the event of an anaphylaxis (or severe asthma attack). 

A passenger's bill or rights/ responsibilities would be helpful. (e.g. Encourage people with allergies to carry two or more self-injectors; Giving people with food allergies -- Anyone with a medical condition actually--  the option to board the plane early)





I am the mom of a child with allergies to peanuts (& I have an allergy to shellfish) and have flown six times (on Delta) with my child and ha</TGT>","Positive: 4  
Negative: 2  
No Reinforcement: 3

**Rationale"
188,17978081,8c240d8c621438a9d86a4e38d69ff324,2_686,2_670,JJMurray,0.0,True,0,False,Will you also ban latex from all flights? What about ANY substance which someone has a potentially fatal allergic reaction to?  There are a LOT of those out there.  Where do you draw the line?  Or do you draw a line at all?,ceri,,False,"<CTX>Our daughter is even allergic to airborne peanut dust in a plane when other people open their bag of complementary peanuts in the opposite end of the plane... gasping for air and almost choking. 

 Once she told the cabin crew about her allergy at the gate AND again when she got on the plane. The result... they gave her a handi-towel and told her to wipe the armrests of her seat off. Then, then served peanuts to everyone on the plane... even the people sitting next to her. Should she have gotten any worse, they might have had to make an emergency landing... at whose expense???</CTX> <CTX>My child has a fairly severe peanut allergy.  Although she has never had a reaction on an airplane, she did have a reaction to the dust/smell of peanut products we disposed of when we first found out she had this allergy (after a serious reaction to a peanut butter snack).  Because of that, I know that reactions to airborne peanut particles are real and it raises concerns for me about what happens in the small, enclosed environment of an airplane.  

Reading the comments posted, I am surprised at the cavalier attitude of many.  The idea that those with peanut allergies should take personal responsibility for themselves is of course reasonable.  However, just saying that they should carry their epi-pens and other medications with them and deal with whatever reaction may arise misses the point.  First, Epi-pens do not always reverse a serious reaction, and so even with the proper medication available death is still a possible outcome.  Second, even if the epi-pen reverses the reaction, having the reaction and having to use the epi-pen both are serious health matters not to be taken lightly and may have consequences in their own right, especially if multiple doses of epinephrine are required.

Also, while this is a disability of sorts, the comparison to a person in a wheelchair is not apt.  If a person needs a wheelchair to get around, he/she can live without that wheelchair.  There is no question whether the absence of the wheelchair by itself may result in that person's death.  In contrast, in the case of peanut allergies the presence of peanuts in the environment can be life threatening.

The slippery slope argument used by others would make sense if there weren't clear ways to draw the line in this case.  There are.  Peanuts are the number one anaphylaxis inducing food substance in the world.  There are others, but none come close to peanuts.  The suggestion that other bans on other things that are not life threatening would follow is slope that don't find the least bit slippery!

Finally, if we consider this as a question of rights, then we have to consider that one person's rights will often be in competition or conflict with another's.  This is such a case.  Your right to eat what you like versus the allergic person's right to an environment that is not life-threatening.  So, how do we solve this?  I suggest that more ""essential"" right should trump the lesser.  If cannot eat what you want, you can still live.  If I can't breath, well that's another matter, isn't it?!  The other side of any right is the obligations it imposes on others.  In this case, the allergic person still has the obligation to take reasonable precautions, but others have an obligation not to create a hazardous environment for that person just so they can enjoy their peanut butter sandwiches.</CTX> <TGT>Will you also ban latex from all flights? What about ANY substance which someone has a potentially fatal allergic reaction to?  There are a LOT of those out there.  Where do you draw the line?  Or do you draw a line at all?</TGT>","Positive: 4  
Negative: 5  
No Reinforcement: 2

**Rationale"
701,18003378,obesity%20020712,iq2-obesity%20020712-178,iq2-obesity%20020712-177,Dr. Pamela Peeke,0.0,True,0,False,"Whoah, whoah, whoah, whoah, whoah. In our laboratory, in the laboratories of many of our esteemed colleagues around the country, we’ve made it very clear that excessive visceral adiposity, a lot of fat deep inside your belly, is highly associated with a pro- inflammatory state, which increases the risk of diabetes, coronary vascular disease and cancer, period. I have that much literature to back up.",iq2,,False,"<CTX>The connection is--</CTX> <CTX>Okay, Paul, Paul.</CTX> <CTX>Pamela Peeke.</CTX> <TGT>Whoah, whoah, whoah, whoah, whoah. In our laboratory, in the laboratories of many of our esteemed colleagues around the country, we’ve made it very clear that excessive visceral adiposity, a lot of fat deep inside your belly, is highly associated with a pro- inflammatory state, which increases the risk of diabetes, coronary vascular disease and cancer, period. I have that much literature to back up.</TGT>","Positive: 2  
Negative: 3  
No Reinforcement: 2

**Rationale"
1814,41983,651773317.68513.68513,wikitactics-651773317.68513.68513-14,wikitactics-651773317.68513.68513-13,FreeatlastChitchat,0.0,True,1,True,"The article is ok as it is. The prophecy does not say that the sun and moon will be eclipsed on the 1st and the fifteenth. You should read the Arabic prophecy before making such a claim. It does not mention dates. It mentions that the eclipse will occur on the first of the nights i.e the first of the nights when an eclipse ""can occur"" and the sun on the middle day i.e middle of the days when the eclipse can occur. Why will you want to put ""the indication that critics do not believe the eclipses occurred on the 1st and 15th respectively,"" when there is no claim from the person Hazrat Mirza Ghulam Ahmad Sahib Alaih Salam that they occurred on these dates? He claimed that the moon was eclipsed on the first of its possible nights and the sun was eclipsed on the middle one of its possible days. This was his claim. As I have rendered your first two points moot. let us move onto the third. Which source would you like to use for it? and what content would you like to put in.",wikitactics,,False,"<CTX>I am being clear and concise. NASA never shows that a lunar eclipse occurred on the 1st day of Ramadan and never shows that a solar eclipse happened on the 15th. The date on the NASA website is likely on the 29th of Ramadan, according to Gregorian to Hijri calendar conversions, NOT on the 1st or 15th. The content shows that the eclipse did NOT happen on the 1st and 15th days of Ramadan as described by the prophecy. The content is clear. Therefore the criticism should remain. Wikipedia is not the place for such religious propaganda. Also, do not bring about such original research as well.</CTX> <CTX>HISTORICITY means that the event occurred or not. Either you accept that or you say that it did not occur. This is why I wanted to talk about this first. If you admit that the eclipse did indeed occur, even if it occurred on the 29th, you cannot bring the David McNaughton source into the mix because his claims are refuted by NASA data. Simple as that. We are not going to discuss the prophecy I already told you that, we will just put in what ""reliable"" sources tell us about its occurrence. and the most reliable of sources ,NASA, says that it did occur. The first and fifteenth of the month do not have any possibility of an eclipse. There has never been any contest about those days. The hadith clearly uses a pronoun to say the eclipse will occur in the middle or the first of ""the possible"" days and nights.So please either agree with NASA or present some argument against their data.</CTX> <CTX>Nobody denies solar and lunar eclipses occur. The issue is not whether or not the solar or lunar eclipses occur. It is scientific fact that they occur. The issue is if they occurred in 1894/1895 on the date outlined by the prophecy itself (the 1st and 15th of Ramadan respectivly). NASA shows it did not happen on these dates. The four sources I have indicated also say the same thing. Therefore, the claim to the fulfillment of the prophecy is false. However, ""Ahmadis"" may claim otherwise. I am proposing a neutral and impartial representation of the views on this article, which includes three criticisms on the article, 1) the veracity of the prophecy itself (which is already on the article), 2) the indication that critics do not believe the eclipses occured on the 1st and 15th respectively, and 3) according to critics the prophecy is referring to before the arrival of the Mahdi, not after. I believe I have demonstrated quite rationally and soundly that my points are valid. Your statements are quite clear and demonstrate your incoherance, if you have nothing else to say I believe it is now time to remedy the situation and fix this portion of the article.</CTX> <TGT>The article is ok as it is. The prophecy does not say that the sun and moon will be eclipsed on the 1st and the fifteenth. You should read the Arabic prophecy before making such a claim. It does not mention dates. It mentions that the eclipse will occur on the first of the nights i.e the first of the nights when an eclipse ""can occur"" and the sun on the middle day i.e middle of the days when the eclipse can occur. Why will you want to put ""the indication that critics do not believe the eclipses occurred on the 1st and 15th respectively,"" when there is no claim from the person Hazrat Mirza Ghulam Ahmad Sahib Alaih Salam that they occurred on these dates? He claimed that the moon was eclipsed on the first of its possible nights and the sun was eclipsed on the middle one of its possible days. This was his claim. As I have rendered your first two points moot. let us move onto the third. Which source would you like to use for it? and what content would you like to put in.</TGT>","Positive: 2  
Negative: 4  
No Reinforcement: 3

**Rationale"
1137,40324,chz4uan,umod-chz4uan-0,,user-umod-chz4uan-0,0.0,True,0,False,"I grew up in liberal, rural NY. I did not experience the effects of rape culture. I did not feel objectified. Now I live in NYC. Rape culture is real. Street harassment is almost unbearable. The number of men who feel that women are sex objects and they are entitled to our bodies is insane. The number of people who have told me that street harassment isn't harassment and I should enjoy it, is equally large. You're right, not everyone experiences rape culture. But, enough people do for it to be a serious problem.",umod,"{'softlabel_mace': 0.0269156673605904, 'subjectivity': 4.142857142857143, 'aggressiveness': 2.7142857142857144, 'constructiveness': 2.7142857142857144, 'sentiment': 'negative', 'relamountRole': 0.7142857142857143, 'countModFunctions': 5, 'annot_similarity_pre': 0.32900003, 'annot_similarity_post': 0.40500003, 'none': 1, 'social': 0, 'improveQuality': 0, 'organizing': 0, 'content': 0, 'broadening': 0, 'policing': 0, 'siteIssues': 0, 'offTopic': 0, 'agreeYes': 4, 'agreeNo': 3, 'opinionNotClear': 0, 'numAnnotators': 7, 'seedmodel': 'expert', 'flagged': 0}",False,"<TGT>I grew up in liberal, rural NY. I did not experience the effects of rape culture. I did not feel objectified. Now I live in NYC. Rape culture is real. Street harassment is almost unbearable. The number of men who feel that women are sex objects and they are entitled to our bodies is insane. The number of people who have told me that street harassment isn't harassment and I should enjoy it, is equally large. You're right, not everyone experiences rape culture. But, enough people do for it to be a serious problem.</TGT>","Positive: 4  
Negative: 2  
No Reinforcement: 3

**Rationale"
354,2352,2076,fora-2076-74,fora-2076-73,38268,0.0,True,0,False,"I would also go with, as an obstacle, is the people skills because it's not one of my strong suits. And I'd also go with where I live. Like I said, Maine isn't a great place for trying to find acting gigs. There's not much up here in that regards. There's a lot of play opportunities and drama, but not a lot of TV stuff. So where I live, that's one of the other main reasons I'd like to move and I'll probably do a lot of moving around before I settle somewhere. Yeah. I think that's it.",fora,"{'Express affirmation': 0, 'Specific invitation': 0, 'Provide example': 0, 'Open invitation': 0, 'Make connections': 0, 'Express appreciation': 0, 'Follow up question': 0}",False,"<CTX>Yeah. Similar for me, just a support group, good friends to help me. Yeah. And also people skills. I have trouble expressing my thoughts and ideas to other people all the time. That's pretty much it.</CTX> <CTX>Same with the support system, like they have all been saying. And also being able to really express myself, just like Ellie said. And I don't know, really being being able to stand up for what I think is right and not being scared to speak up and stay how I'm feeling. And I don't know, that's pretty much it. Just being not scared to speak up.</CTX> <CTX>Great. Thank you. All right. So in that same context, what are the obstacles to you, to achieving your dreams? Are they economic? Are they social? Are they... Maybe you don't feel that you have any have in the obstacles, but whatever kind of obstacles. They could be, personal, social, economic, geographic, whatever that means to you. And whenever you're ready, Drew, you could go first.</CTX> <TGT>I would also go with, as an obstacle, is the people skills because it's not one of my strong suits. And I'd also go with where I live. Like I said, Maine isn't a great place for trying to find acting gigs. There's not much up here in that regards. There's a lot of play opportunities and drama, but not a lot of TV stuff. So where I live, that's one of the other main reasons I'd like to move and I'll probably do a lot of moving around before I settle somewhere. Yeah. I think that's it.</TGT>","Positive: 3  
Negative: 2  
No Reinforcement: 2

**Explanation of"
416,17281,807,fora-807-12,fora-807-11,29369,0.0,True,0,False,I agree. I agree.,fora,"{'Express affirmation': 0, 'Specific invitation': 0, 'Provide example': 0, 'Open invitation': 0, 'Make connections': 0, 'Express appreciation': 0, 'Follow up question': 0}",False,"<CTX>Perfect.</CTX> <CTX>Okay. I agree. Sorry.</CTX> <CTX>No, no worries. David.</CTX> <TGT>I agree. I agree.</TGT>","Positive: 2  
Negative: 1  
No Reinforcement: 3"
1245,18030516,68_17262_Israel_Can_Live_With_a_Nuclear_Iran.xlsx,whow-68_17262_Israel_Can_Live_With_a_Nuclear_Iran.xlsx-233,whow-68_17262_Israel_Can_Live_With_a_Nuclear_Iran.xlsx-232,ec4ca0fb306a24a8a821c3df7c9a1ae6,1.0,True,0,False,So and your point being that this undermines the--,whow,"{'probing': False, 'confronting': False, 'instruction': False, 'interpretation': True, 'supplement': False, 'utility': False}",False,"<CTX>Oh, Farid Kress Many times the supreme leader has made a distinction between Zionism and Judaism. And many of the people in the regime have often said that they have nothing against Judaism. They have a Jewish MP; there's a very large synagogue that covers about four blocks in Tehran; you see many Jews-- not many, but I would say you see a few Jews going around, you know, with their distinct caps--</CTX> <CTX>Ma'am, where are you going with this--</CTX> <CTX>My question is this, is that-- do you really believe that the mullah-hating-- the mullah- hating Jews are who you claim they are? I mean, do they really hate the Jews when so many Iranian Jews of the older generation have returned to Iran? And they're--</CTX> <TGT>So and your point being that this undermines the--</TGT>","Positive: 2  
Negative: 3  
No Reinforcement: 2"
930,17983396,031313%20strong%20dollar,iq2-031313%20strong%20dollar-76,iq2-031313%20strong%20dollar-75,John Donvan,1.0,True,0,False,"Okay, Steve Forbes. Back to your point. Bring us some examples or make the case in specific terms about the stable currency being good for workers.",iq2,,False,"<CTX>Workers do better when there is low and stable inflation, that we agree on. And in fact, low and stable inflation means that it’s not fluctuating a lot.</CTX> <CTX>So what is he saying that’s different from what you believe?</CTX> <CTX>Because what he’s saying that’s different is that he wants a fixed value of the currency, the dollar, in terms of a commodity, let’s say gold. And that actually is not a situation where it produces stability in the price level. During the gold standard, the price level went up, went down. Now you are right, that over very long rises, over 40 year period, there was no change in price level. That’s the good news. The bad news is, that horizons are not 40 years. As Cain said, in the long run, we’re all dead.</CTX> <TGT>Okay, Steve Forbes. Back to your point. Bring us some examples or make the case in specific terms about the stable currency being good for workers.</TGT>","Positive: 3  
Negative: 2  
No Reinforcement: 2"
196,17978982,77b03b2f2abfe0ed98b768f9d70a9699,3_74,,sewest,0.0,True,0,False,With paper we stop and get a new book when these stop working we will be down with no way to work till they get fixed how can we live ?,ceri,,False,<TGT>With paper we stop and get a new book when these stop working we will be down with no way to work till they get fixed how can we live ?</TGT>,"Based on the provided comment (""With paper we stop and get a new book when these stop working we"
579,31827,2364,fora-2364-210,fora-2364-209,42478,0.0,True,0,False,Right,fora,"{'Express affirmation': 0, 'Specific invitation': 0, 'Provide example': 0, 'Open invitation': 0, 'Make connections': 0, 'Express appreciation': 0, 'Follow up question': 0}",True,"<CTX>There are a lot of people upstate. A lot of people that own summer homes upstate were upstate. The winterized homes, people were there. First of all, it's fresh air, it was great. You had room, you were able to breathe.</CTX> <CTX>I'm just curious, is there anything that a broad park JCC or any leadership that they could do? Hopefully this conversation's not going to matter, but based on what everyone learned three years ago, it's almost three years. I'm just wondering. Where I live, you have two huge parks in four block walking distance. Well ones it's cemetery, but it's huge and it got more volume in those four or five weeks than it probably got in last 10 years. And people just were going, because it was this... If you don't mind it being silly, is there a law against... You're allowed to walk around it. It's like a park. It's amazing. It's a very beautiful place. So where I was, Prospect Park was open and people took advantage of it and all.</CTX> <CTX>Right. Exactly.</CTX> <TGT>Right</TGT>","Positive: 3  
Negative: 2  
No Reinforcement: 2"
1134,40688,cf3rwau,umod-cf3rwau-0,,user-umod-cf3rwau-0,0.0,True,0,False,Isn't my desire to smoke weed funding drug cartel ? How am I absolved from all responsibility ? ,umod,"{'softlabel_mace': 0.9701860701775408, 'subjectivity': 2.875, 'aggressiveness': 1.125, 'constructiveness': 3.125, 'sentiment': 'neutral', 'relamountRole': 0.75, 'countModFunctions': 3, 'annot_similarity_pre': 0.367125, 'annot_similarity_post': 0.413375, 'none': 0, 'social': 0, 'improveQuality': 0, 'organizing': 0, 'content': 0, 'broadening': 1, 'policing': 0, 'siteIssues': 0, 'offTopic': 0, 'agreeYes': 6, 'agreeNo': 2, 'opinionNotClear': 0, 'numAnnotators': 8, 'seedmodel': 'expert', 'flagged': 0}",False,<TGT>Isn't my desire to smoke weed funding drug cartel ? How am I absolved from all responsibility ? </TGT>,"Positive: 1  
Negative: 5  
No Reinforcement: 2

**Explanation:**"
1813,43663,59667161.0.0,wikitactics-59667161.0.0-6,wikitactics-59667161.0.0-5,C mon,0.0,True,0,True,"You wrote most of the West Friesland article, it was created so the real west-friesland article could be separated from this 'historic westfriesland. Furthermore, your academic proof is not very convincing: an article about The History of New York State (relevance?) and an article which is not written by a specialist on historical political geography, but by a specialist of military history, and a google search. Furthermore, the problem with the map and the list of municipalities, is that it is anarchronistic that municipalities that did not exist and land that did not exist is supposed to be part of West Friesland. One historic map, would be much more convincing than trying to use a contemporary map to show that land that does not exist anymore was part of west-friesland.",wikitactics,,False,"<CTX>The map shows where the region lays today, and what municipalities fall under it, maybe the say it more clearly. Also the region existed as state even in the time of United Provinces... So some of the polders already where made... Also around year 1000/1050 most of the area was land later on became water/see.. Some parts of that land are still water...</CTX> <CTX>I would like to see a reliable academic source on the fact that this was supposedly one of the seven provinces at the time of the republic. But anyway It is quite anachronistic to list the municipalities that are currently part of region that is so old, even when some of these municipalities became land then water etc. Maybe a historical map would be the best way to show what the region is, because the current version is riddled in contradiction.</CTX> <CTX>If you read the dutch versions (of Holland, staten van Holland en West-Friesland, Geschiedenis van West-Friesland), you can do that if you with Babel Fish if can not read Dutch, you see that State of Holland was infact the State of Holland and Westfriesland, the province was also divided in two states, Holland and Westfriesland. It was Napoleon who changed this in other departments (Amstelland en Maasland)...
ps: also see links like usgennet.org en napoleon-serie.org and many more links via google.com
About the map; Even a histrorical map is riddled in contradiction, why?; simple, the geologic area changed a whole bit between 900 and 1800 (not a centery it was the same), so unless you make tens of maps a current one is more usefull, ofcourse stated that is a current one.</CTX> <TGT>You wrote most of the West Friesland article, it was created so the real west-friesland article could be separated from this 'historic westfriesland. Furthermore, your academic proof is not very convincing: an article about The History of New York State (relevance?) and an article which is not written by a specialist on historical political geography, but by a specialist of military history, and a google search. Furthermore, the problem with the map and the list of municipalities, is that it is anarchronistic that municipalities that did not exist and land that did not exist is supposed to be part of West Friesland. One historic map, would be much more convincing than trying to use a contemporary map to show that land that does not exist anymore was part of west-friesland.</TGT>","Positive: 3  
Negative: 4  
No Reinforcement: 2

**Rationale"
1934,18011771,AfPak,iq2-AfPak-185,iq2-AfPak-184,Steven Clemons,0.0,True,0,False,If they don’t come in—,iq2,,False,"<CTX>Let him—let him answer, answer the question—</CTX> <CTX>So glad I was asked, what I would like to see first of all is for the administration, the Obama administration to get itself all on one page, and decide what it is about and what it’s achieved—trying to achieve. That clarity has been absent. I think with all due respect to Barack Obama, whom I supported as well, Barack—the concern that many of our allies have had in this is that Barack Obama’s eye has not been on the Afghanistan ball since March. It is now. And I look for informed leadership, particularly since he’s reading Steve Coll’s book. But let me tell you what I said, I intimated some of the other things that need to be done. We need to make this not an Will Not Succeed in Afghanistan and Pakistan” (10/6/09) American war in Afghanistan, it needs other major stakeholders, and not just NATO.</CTX> <CTX>There are—</CTX> <TGT>If they don’t come in—</TGT>","Positive: 2  
Negative: 4  
No Reinforcement: 3

**Rationale"
433,30010,2685,fora-2685-340,fora-2685-339,47665,0.0,True,0,False,"Yeah. [inaudible]. A couple swings in their room. The kids can swing if they need it, that refresh. Yeah. That little with input or output for that. That's input.",fora,"{'Express affirmation': 0, 'Specific invitation': 0, 'Provide example': 0, 'Open invitation': 0, 'Make connections': 0, 'Express appreciation': 0, 'Follow up question': 0}",False,"<CTX>I also look at, being an occupational therapist, I look at that hands-on approach to and different learning styles. I don't think that... And I get it, it's hard. It's a lot for teachers. They have enough, especially with all the testing now. But thinking about more physical activity to support these kids in their learning environment and even the learning environment itself and setting up for success. I've been in classrooms where there's nothing on the wall, so it's really boring but less distracting. And then other rooms where the walls are completely covered and that's highly distracting, for some kids, not for all. But just kind of looking at more of that burning style for all kids.</CTX> <CTX>Yeah. I want to piggyback off that. My daughter loves OT and she takes motor breaks and that makes her day sometimes, those little motor... I know not every kid can have a motor break.</CTX> <CTX>Me too though, right?</CTX> <TGT>Yeah. [inaudible]. A couple swings in their room. The kids can swing if they need it, that refresh. Yeah. That little with input or output for that. That's input.</TGT>","Positive: 4  
Negative: 1  
No Reinforcement: 2"
100,17980457,d915646050d925c47d71ec6026e193ff,6_1366,,SG,0.0,True,0,False,"Complaints:
â€¢	The Industry is allowed to pursue individuals based on un-validated information and are never required to demonstrate that a debt is legitimate.
o	Collections Agencies are predominately seeking to collect debts previously deemed uncollectable that are consolidated and sold as a block.  Each time the debt is sold, less information regarding the debt is passed to the receiving company.  After a few cycles, it appears the receiving company only has a name, a purported value and contact information.
â€¢	Even when Individuals challenge the debt as illegitimate by providing information in good faith, the collection company has no motivation or requirement to cancel or acknowledge the claim.  Once a person is placed on a collection list, there appears to be no way to be removed without paying the purported debt even if it is not legitimate.
o	Calls are largely staged from â€œBoiler Roomsâ€ using computer auto dial.  The collections agent who comes on wen the call connects with a live person is neither familiar with the case nor interested in anything other than closing the payment.
o	There does not appear to be a statute of limitations on when an uncollected purported debt would no longer be pursuable. 
â€¢	The Collection company is not required to be truthful about the process.  When the collection company calls, they seek to pressure the individual into providing information to legitimize their case and pressuring the individual to pay even just a small amount, claiming that will erase the debt, but in reality, such an action will â€œrestart the clockâ€ on the debt and they will pursue full payment even harder.
â€¢	There is no ombudsman function where both sides can present their information and receive a binding decision regarding legitimacy of the purported debt.

What I would like to change:
â€¢	Require collection companies to have a legitimate pedigree on each debt in its portfolio â€“ to include the name of the individual or corporation that initiated it, how the debt was incurred, what the terms were and what if any payments were made.
â€¢	Require the collection agency to divulge to the individual all information related to the debt up front, including who originated the claim, what other companies have owned the debt and require them to ask if the individual acknowledges the debt as legitimate or not legitimate.  If the individual claims to have evidence that the debt is not legitimate, the case must be referred to an ombudsman for adjudication.  If the Ombudsman determines the debt is not legitimate, the collection agency must remove the debt from its portfolio and either write off the debt or refer a claim back to the originator.
â€¢	There must be a legal mechanism for people to challenge the legitimacy and/or methods of the collections agency.  Small Claims court or non-partisan (not paid for by the Collections Agencies) Ombudsman must be publicly known and readily accessible to hear any complaint and empowered to render actionable remedy to the complaint if proven warranted.

My Personal Experience Leading to these complaints and recommendations:
From approximately 18 years ago, my family and I participated in family therapy related to depression in one of my sons.  The therapy was conducted through a series of insurance policies â€“ we changed coverage from Kaiser (all in house therapists) to Aetna (who paid various rates for â€œin-planâ€ and â€œOut of Networkâ€ services).  We ended up with a Psychiatrist and his staff Psychologists who managed therapies and medications.  During our time with them, the Doctor changed his relationship with the Insurer from â€œin-Networkâ€ to â€œOut of Networkâ€ and near the end of our involvement ultimately sold his practice to a larger Medical system.  Throughout the entire process, we paid every Co-pay and required share of expense for services, but the Insurance paid only a derated share of the portion of the Bill they were sent â€“ ie.  Cost of services rendered would be a certain amount and the insurance would pay whatever they determined the services to be worth and expect the Medical practice to absorb the difference.  We were never billed for that difference, but I believe the Company that absorbed the practice did so at a value that was based on a total billing value. I believe when they did a bookkeeping merger, decided that the uncollected value was uncollected debt.  It is possible that the combined organization went bankrupt â€“ I do not know, because we did not continue our involvement.  All I do know is a few years after we stopped receiving treatment, we started getting calls from a collection agency.  We were concerned about impact to our credit rating and went to extraordinary lengths to deal in good faith with the company.  Since they were the first recipient of the â€œdebtâ€ they were able to tell us where the debt came from.  My wife provided copies of a VERY large file of medical bills that showed that we had paid EVERY required co-pay.  The individual handling the account agreed with our assessment and they stopped calling.  A few years later, it appears that uncollected amount was consolidated and sold to another collection company and the process started all over again.  This time the collections company appeared to have no information about the origination of the debt and no interest in facts.  After speaking with them several times it became clear that they would only accept money to stop the harassing calls.  Over time, the calls would slow, then stop, only to start up again when the account was sold to yet another company.  In the past two years, the calling has become incessant with the introduction of robo-dialing.  We get calls at 8am on weekends, we get calls at dinner time, we get calls almost every day.  About 2 years ago, I tried talking to the person who picked up after the computer detected that someone was on the line.  He would not offer ANY information about who owed money, what the purported debt was from or when it was incurred.  All he wanted was to get some form of payment â€“ he claimed that if I paid $40, that would close it out.  I believe, from things I have read that this is just a trick to gain current legitimacy of the debt. 
I am angry that this has been allowed to continue so long without a reasonable method of remedy.  If I truly owed this debt, I believe it would have showed up in my Credit Report â€“ it has not.   I resent the notion that I would have to pay a lawyer several thousand dollars to try to take this on in court.  The collections business needs to have regulations like all legitimate businesses and there needs to be both a statute of limitations and a method for reaching an un-biased, binding ruling when the person being pursued can show the claim is not legitimate.
",ceri,,False,"<TGT>Complaints:
â€¢	The Industry is allowed to pursue individuals based on un-validated information and are never required to demonstrate that a debt is legitimate.
o	Collections Agencies are predominately seeking to collect debts previously deemed uncollectable that are consolidated and sold as a block.  Each time the debt is sold, less information regarding the debt is passed to the receiving company.  After a few cycles, it appears the receiving company only has a name, a purported value and contact information.
â€¢	Even when Individuals challenge the debt as illegitimate by providing information in good faith, the collection company has no motivation or requirement to cancel or acknowledge the claim.  Once a person is placed on a collection list, there appears to be no way to be removed without paying the purported debt even if it is not legitimate.
o	Calls are largely staged from â€œBoiler Roomsâ€ using computer auto dial.  The collections agent who comes on wen the call connects with a live person is neither familiar with the case nor interested in anything other than closing the payment.
o	There does not appear to be a statute of limitations on when an uncollected purported debt would no longer be pursuable. 
â€¢	The Collection company is not required to be truthful about the process.  When the collection company calls, they seek to pressure the individual into providing information to legitimize their case and pressuring the individual to pay even just a small amount, claiming that will erase the debt, but in reality, such an action will â€œrestart the clockâ€ on the debt and they will pursue full payment even harder.
â€¢	There is no ombudsman function where both sides can present their information and receive a binding decision regarding legitimacy of the purported debt.

What I would like to change:
â€¢	Require collection companies to have a legitimate pedigree on each debt in its portfolio â€“ to include the name of the individual or corporation that initiated it, how the debt was incurred, what the terms were and what if any payments were made.
â€¢	Require the collection agency to divulge to the individual all information related to the debt up front, including who originated the claim, what other companies have owned the debt and require them to ask if the individual acknowledges the debt as legitimate or not legitimate.  If the individual claims to have evidence that the debt is not legitimate, the case must be referred to an ombudsman for adjudication.  If the Ombudsman determines the debt is not legitimate, the collection agency must remove the debt from its portfolio and either write off the debt or refer a claim back to the originator.
â€¢	There must be a legal mechanism for people to challenge the legitimacy and/or methods of the collections agency.  Small Claims court or non-partisan (not paid for by the Collections Agencies) Ombudsman must be publicly known and readily accessible to hear any complaint and empowered to render ac</TGT>","Positive: 2  
Negative: 4  
No Reinforcement: 3

**Rationale"
1654,43381,191350406.439.439,wikitactics-191350406.439.439-20,wikitactics-191350406.439.439-19,Piotrus,0.0,True,0,True,I have answered above.|,wikitactics,,True,"<CTX>People should familiarise themselves with the Wikipedia:Naming conventions (geographic names). Based on this policy, the geographic names need to use naming that reflects English usage, and use during historical period.   If you're not taking any flak, you're not over the target.</CTX> <CTX>Indeed. And the name was Poznań. Hence, everything is fine.|</CTX> <CTX>Indeed nothing. Please answer the following questions:
Is the editing being done in English language Wikipedia?
Does the English language have a usage for letter '''ń''' in its alphabet?
If you're not taking any flak, you're not over the target.</CTX> <TGT>I have answered above.|</TGT>","Positive: 3  
Negative: 2  
No Reinforcement: 2  

**Explanation:**"
394,37481,2243,fora-2243-67,fora-2243-66,40421,0.0,True,0,False,"Yeah, that was very helpful.",fora,"{'Express affirmation': 0, 'Specific invitation': 0, 'Provide example': 0, 'Open invitation': 0, 'Make connections': 0, 'Express appreciation': 0, 'Follow up question': 0}",True,"<CTX>Yeah, no. It doesn't come.</CTX> <CTX>We need the van back.</CTX> <CTX>Well, you know the NYC vans back then, honestly the vaccines did stop. That was a part of the emergency funding. Now we do have testing vans, but we're trying to work on getting back the vaccine vans.</CTX> <TGT>Yeah, that was very helpful.</TGT>","Positive: 2  
Negative: 1  
No Reinforcement: 3"
1938,37742,2351,fora-2351-80,fora-2351-79,42278,0.0,True,0,False,"Yeah, y'all did do a good job. I appreciate that.",fora,"{'Express affirmation': 0, 'Specific invitation': 0, 'Provide example': 0, 'Open invitation': 0, 'Make connections': 0, 'Express appreciation': 0, 'Follow up question': 0}",True,"<CTX>Yeah, from this center right here, but we had plenty of the-</CTX> <CTX>Gloves, hand sanitizers-</CTX> <CTX>Gloves, hand sanitizer, even for the children went to school, children mask, adult masks, John. Even when school started, they had the supplies for the children. It was really, really wonderful. I'm going to tell you that. I'm going to tell you that.</CTX> <TGT>Yeah, y'all did do a good job. I appreciate that.</TGT>","Positive: 3  
Negative: 1  
No Reinforcement: 2"
220,17978142,8c240d8c621438a9d86a4e38d69ff324,2_833,,Ken430TX,0.0,True,0,False,Banning peanuts is lunacy!  Allergy sufferers know they have an issue.  What next?  Ban peanuts from being outside or in a kids lunchbox to prevent any exposure anywhere?  Lets get real!  A simple warning peanuts may be present on a flight should suffice!,ceri,,False,<TGT>Banning peanuts is lunacy!  Allergy sufferers know they have an issue.  What next?  Ban peanuts from being outside or in a kids lunchbox to prevent any exposure anywhere?  Lets get real!  A simple warning peanuts may be present on a flight should suffice!</TGT>,"Positive: 2  
Negative: 4  
No Reinforcement: 3  

**Rationale"
1675,42423,599708828.49.49,wikitactics-599708828.49.49-13,wikitactics-599708828.49.49-12,Bcd3174,0.0,True,0,True,Bcd3174 This page is now and finally in accordance with several leading sources on Lebanese wealth. All entries are supported by reliable sources and the people in the list are all household names in Lebanon. We will never reach PERFECTION. This is probably as good a list as it gets. Please do not change it. Thanks.  — Preceding unsigned comment added by   •,wikitactics,,True,"<CTX>Redlinks are not a problem as such as long as there are sources for the people involved - of course, just as you say, if there are no sources they can't be included. I think, as we have already discussed, that a logical first step would be to remove all the people who are deceased, because including people who are not actual living rich individuals makes very little sense, and as mentioned before, it makes this list different from all the others (which also makes no sense). At the moment, that would mean removing Hayek, Safra and (yet again) Corm. ''''</CTX> <CTX>Bcd3174 I will dispute any additions to the list as I just edited it unless you come up with proof of the previous 5 billionaires listed. I even took off my grandfather (to Sionk's and Bonadea's satisfaction). On Wikipedia, the burden on the proof lies on the person ADDING information. I am here to make sure that that burden lies on those it is suppose to. Over and out...  — Preceding unsigned comment added by   •</CTX> <CTX>Bcd3174 This list is a pile of BS! No Hayek?! No Safra?! You have just demeaned Wikipedia to the status of s* repository of FALSE information! Well done!</CTX> <TGT>Bcd3174 This page is now and finally in accordance with several leading sources on Lebanese wealth. All entries are supported by reliable sources and the people in the list are all household names in Lebanon. We will never reach PERFECTION. This is probably as good a list as it gets. Please do not change it. Thanks.  — Preceding unsigned comment added by   •</TGT>","Positive: 2  
Negative: 4  
No Reinforcement: 1

**Rationale"
1497,18030775,69_17634_The_Constitutional_Right_To_Bear_Arms_Has_Outlived_Its_Usefulness.xlsx,whow-69_17634_The_Constitutional_Right_To_Bear_Arms_Has_Outlived_Its_Usefulness.xlsx-184,whow-69_17634_The_Constitutional_Right_To_Bear_Arms_Has_Outlived_Its_Usefulness.xlsx-183,6c346d462ae7ac105fe58170b489e712,0.0,True,0,False,"No. The one that we all refer to the ""Civil War.""",whow,"{'probing': False, 'confronting': False, 'instruction': False, 'interpretation': False, 'supplement': False, 'utility': False}",False,"<CTX>I have an answer to that.</CTX> <CTX>Eugene Volokh.</CTX> <CTX>Which civil war? Do you mean the civil war against the federal government or the civil war that was fought between 1775 and 1781, in the U.S.?</CTX> <TGT>No. The one that we all refer to the ""Civil War.""</TGT>","Positive: 2  
Negative: 3  
No Reinforcement: 2

**Explanation:**"
1784,43176,602424696.15197.10845,wikitactics-602424696.15197.10845-2,wikitactics-602424696.15197.10845-1,MjolnirPants,1.0,True,1,True,"In its first weekend of release, the film earned $8.6 million domestically from just 780 theaters, causing Entertainment Weekly's Adam Markovitz to refer to it as ""The biggest surprise of the weekend..."". In addition, the film added 398 additional theaters (almost 50% increase) after its 2nd week. Box office report: 'Divergent' heads straight for $56 million win | Inside Movies | EW.com",wikitactics,,True,"<CTX>Commercial performance</CTX> <TGT>In its first weekend of release, the film earned $8.6 million domestically from just 780 theaters, causing Entertainment Weekly's Adam Markovitz to refer to it as ""The biggest surprise of the weekend..."". In addition, the film added 398 additional theaters (almost 50% increase) after its 2nd week. Box office report: 'Divergent' heads straight for $56 million win | Inside Movies | EW.com</TGT>","Positive: 2  
Negative: 1  
No Reinforcement: 3"
344,12183,1743,fora-1743-119,fora-1743-118,35294,0.0,True,0,False,"Yeah. I would just like very quickly to partially repeat some things already been said, but I really like to see the next city manager be out front, vocal, clear on the mission statement for the city. I think when you have the person at the top comes out, makes these statements, it sets the tone for all the other departments and gives them cover and support so that they're not feeling like they should be hiding behind their desks when progressive changes are being made. So I think that would be very helpful.",fora,"{'Express affirmation': 0, 'Specific invitation': 0, 'Provide example': 0, 'Open invitation': 0, 'Make connections': 0, 'Express appreciation': 0, 'Follow up question': 0}",False,"<CTX>... the long term fiscal strength of implement... Sorry. Is this better? Is that better now?</CTX> <CTX>Yup.</CTX> <CTX>Great... implementing land use changes, zoning changes, making really robust bicycle networks, making really robust public transit networks, making really robust bicycle share system, and how all of those changes and improvements can actually enhance the long-term fiscal stability of the city. Not just the short-term, quarterly earnings type of view of fiscal security, but how you can be a long-term making investments that will pay off many dividends over focusing on single-family homes, over focusing on our ownership card dependency, and how you're able to make a more robust, more lively city for the longer term by focusing on how you can implement these ideas of making a stronger town here and being more robust with everything.</CTX> <TGT>Yeah. I would just like very quickly to partially repeat some things already been said, but I really like to see the next city manager be out front, vocal, clear on the mission statement for the city. I think when you have the person at the top comes out, makes these statements, it sets the tone for all the other departments and gives them cover and support so that they're not feeling like they should be hiding behind their desks when progressive changes are being made. So I think that would be very helpful.</TGT>","Positive: 4  
Negative: 1  
No Reinforcement: 2"
1027,40537,c8zi628,umod-c8zi628-0,,user-umod-c8zi628-0,0.0,True,0,False,"Alrighty, so the past couple of years I have enjoyed a good amount of time with Libertarian friends and teachers. I have had debates with them, and found that all of their arguments make some kind of economic sense, as they have used historical precedent to make their points, which I respect greatly. I also live and go to College in extremely conservative areas, leading to a lack of liberal thinking or decent examples why it wouldn't work. But as I turn more libertarian, I at the same time can't help but find glaring issues with it, a paradox I really want to solve. I also want to change my view because much of my family is liberal, and I have been very liberal previously. So, can anyone change my view on the libertarianism with cold, hard facts rather than emotional responses?",umod,"{'softlabel_mace': 0.9988323361214768, 'subjectivity': 2.857142857142857, 'aggressiveness': 1.4285714285714286, 'constructiveness': 4.0, 'sentiment': 'positive', 'relamountRole': 0.4285714285714285, 'countModFunctions': 6, 'annot_similarity_pre': 0.4697143, 'annot_similarity_post': 0.40314287, 'none': 0, 'social': 0, 'improveQuality': 0, 'organizing': 0, 'content': 0, 'broadening': 1, 'policing': 0, 'siteIssues': 0, 'offTopic': 0, 'agreeYes': 4, 'agreeNo': 2, 'opinionNotClear': 1, 'numAnnotators': 7, 'seedmodel': 'negative', 'flagged': 0}",True,"<TGT>Alrighty, so the past couple of years I have enjoyed a good amount of time with Libertarian friends and teachers. I have had debates with them, and found that all of their arguments make some kind of economic sense, as they have used historical precedent to make their points, which I respect greatly. I also live and go to College in extremely conservative areas, leading to a lack of liberal thinking or decent examples why it wouldn't work. But as I turn more libertarian, I at the same time can't help but find glaring issues with it, a paradox I really want to solve. I also want to change my view because much of my family is liberal, and I have been very liberal previously. So, can anyone change my view on the libertarianism with cold, hard facts rather than emotional responses?</TGT>","Positive: 4  
Negative: 1  
No Reinforcement: 2

**Rationale"
888,17984580,022714%20Affirmative%20Action,iq2-022714%20Affirmative%20Action-216,iq2-022714%20Affirmative%20Action-215,Randall Kennedy,0.0,True,0,False,Social missions--,iq2,,True,"<CTX>nan</CTX> <CTX>--hold it, all people ought to contribute to social missions that are worthwhile.</CTX> <CTX>I'm--</CTX> <TGT>Social missions--</TGT>","Positive: 3  
Negative: 2  
No Reinforcement: 2  

**Explanation:**"
1350,18018675,17_4134_Abolish_the_Death_Penalty.xlsx,whow-17_4134_Abolish_the_Death_Penalty.xlsx-142,whow-17_4134_Abolish_the_Death_Penalty.xlsx-141,e31f6f9827c187e8aebdb0839a0c963a,0.0,True,0,False,"Okay, so this is for I guess all the panelists. Okay, so this is for I guess all the panelists.",whow,"{'probing': False, 'confronting': False, 'instruction': False, 'interpretation': False, 'supplement': False, 'utility': False}",True,"<CTX>Barry Scheck. Barry Scheck.</CTX> <CTX>Oh, giving little ground there on deterrence, I see. But look, the question brings up the statistic I cited at the very beginning. If you have counties-- counties is really what you have to look at, although most of them are in the South. But there are a few that over-produce death in California. If two percent of the counties in this country are producing 56 percent of the death sentences and 52 percent of the executions, when two-thirds of Americans reside in counties, where there hasn't been-- there's been one execution or less in 45 years, right? All of a sudden you begin to see-- and it doesn't take much to see it-- that there are just a small number of counties in this country and a small number of states that are engaged in capital punishment in a serious way. Oh, giving little ground there on deterrence, I see. But look, the question brings up the statistic I cited at the very beginning. If you have counties-- counties is really what you have to look at, although most of them are in the South. But there are a few that over-produce death in California. If two percent of the counties in this country are producing 56 percent of the death sentences and 52 percent of the executions, when two-thirds of Americans reside in counties, where there hasn't been-- there's been one execution or less in 45 years, right? All of a sudden you begin to see-- and it doesn't take much to see it-- that there are just a small number of counties in this country and a small number of states that are engaged in capital punishment in a serious way.</CTX> <CTX>Another question? Ma'am, right down here. Yep, that's you. Another question? Ma'am, right down here. Yep, that's you.</CTX> <TGT>Okay, so this is for I guess all the panelists. Okay, so this is for I guess all the panelists.</TGT>","Positive: 3  
Negative: 2  
No Reinforcement: 2

**Explanation of"
552,9174,653,fora-653-109,fora-653-108,28303,0.0,True,0,False,"I'm going to play up what Jesus just said and just keep adding to it. So in addition to the disparities and some of the silencing of certain communities, we also know in long-term care right now in the state, 54% of the deaths are in long-term care even though that's less than two percent of our state population, right? So, we know that people with disabilities are at great risk for death right now. It's scary as hell that we're continuing to still let them stay there, to not hold nursing homes accountable. If something happens to somebody just because it's all blamed on Covid. So, the risk right now is outrageously high and I'm not sure the rest of society gets it, right? You know-",fora,"{'Express affirmation': 0, 'Specific invitation': 0, 'Provide example': 0, 'Open invitation': 0, 'Make connections': 0, 'Express appreciation': 0, 'Follow up question': 0}",True,"<CTX>Yeah, yeah. Yeah, I think it emphasizes a lot of the silencing that continues to go on in these communities.</CTX> <CTX>Exactly.</CTX> <CTX>What about others? What have you, what challenges have you noticed in particular?</CTX> <TGT>I'm going to play up what Jesus just said and just keep adding to it. So in addition to the disparities and some of the silencing of certain communities, we also know in long-term care right now in the state, 54% of the deaths are in long-term care even though that's less than two percent of our state population, right? So, we know that people with disabilities are at great risk for death right now. It's scary as hell that we're continuing to still let them stay there, to not hold nursing homes accountable. If something happens to somebody just because it's all blamed on Covid. So, the risk right now is outrageously high and I'm not sure the rest of society gets it, right? You know-</TGT>","Positive: 2  
Negative: 4  
No Reinforcement: 3"
743,17999914,UndocumentedImmigrants-100907,iq2-UndocumentedImmigrants-100907-272,iq2-UndocumentedImmigrants-100907-271,John Hockenberry,1.0,True,0,False,All right. And we are reaching a…,iq2,,False,"<CTX>But can I tell you?</CTX> <CTX>…because they don’t work.</CTX> <CTX>You, you were right… And you were right, that employer sanctions did not work in the ‘90s. Because there was a wink and a nod about really employers wanting them, and issues. Well, you know, the immigrant community has come to grips with that. And there was very hard negotiations between…with labor and Chamber of Commerce and businesses…that was brokered by Senator Obama…to come up with a system that works. That’s all people are asking for.</CTX> <TGT>All right. And we are reaching a…</TGT>","Positive: 3  
Negative: 1  
No Reinforcement: 2"
1541,43826,511600933.58.58,wikitactics-511600933.58.58-9,wikitactics-511600933.58.58-8,Sjones23,0.0,True,1,True,"Oh, blustering barnacles! I forgot to mention that it was improper to remove katakana from the Saint Seiya pages, as I also feel that katakana is necessary. For example, when referring to Pegasus Seiya, the Pegasus constellation in his name is written as 天馬座 in Kanji and written in katakana as ペガサス, since we always use katakana when referring to Saints in the character articles.   - )",wikitactics,,False,"<CTX>If there was a consensus at some point, it was clearly just made up by you and several years ago. Consensuses change and now that I've taken a look at these pages, I can say that they are quite problematic. The fact that you just don't remove the katakana that I've added but feel the need to blindly revert everything I've done to make them in line with the rest of the pages on completely different anime is really annoying. As is the fact that you are actually actively reverting to the revision to the page that I specificially made for you to revert to so you wouldn't remove all of the beneficial changes I made to the page, such as putting a space between Saori Kido's first and last names or removing the entirely unnecessary WP:OR literal name translations.—</CTX> <CTX>After Ryulong's nudging on my talk page, I figured that I would post here. Nobody owns the article and we do not want an edit war (which is forbidden) to occur here. I also agree with Ryulong that the literal name translations are considered original research.   - )</CTX> <CTX>The blanking of the katakana spellings of characters' names (Pegasasu instead of Tenma-za) is my main issue on this and other Saint Seiya pages, though. Because I went through all of the Saint Seiya character pages and updated them to use better formatting but Onikiri, while logged out, undid every single edit I made (in some cases twice).—</CTX> <TGT>Oh, blustering barnacles! I forgot to mention that it was improper to remove katakana from the Saint Seiya pages, as I also feel that katakana is necessary. For example, when referring to Pegasus Seiya, the Pegasus constellation in his name is written as 天馬座 in Kanji and written in katakana as ペガサス, since we always use katakana when referring to Saints in the character articles.   - )</TGT>","Positive: 2  
Negative: 4  
No Reinforcement: 3

**Rationale"
538,34117,2226,fora-2226-116,fora-2226-115,40015,1.0,True,0,False,"Okay. The next question is, what challenges did you find... That you have finding or using resources that you needed? Let's say you needed something for your child, how would you be able to get that resource without leaving the comfort of your home, or if you need rental assistance, how do you go about doing that?",fora,"{'Express affirmation': 0, 'Specific invitation': 0, 'Provide example': 0, 'Open invitation': 1, 'Make connections': 0, 'Express appreciation': 0, 'Follow up question': 0}",False,"<CTX>Did everyone get to share?</CTX> <CTX>Yes.</CTX> <CTX>Okay, awesome, awesome. Leotis, you can go ahead with the next question.</CTX> <TGT>Okay. The next question is, what challenges did you find... That you have finding or using resources that you needed? Let's say you needed something for your child, how would you be able to get that resource without leaving the comfort of your home, or if you need rental assistance, how do you go about doing that?</TGT>","Positive: 2  
Negative: 1  
No Reinforcement: 3"
906,17989719,021115%20American%20Decline,iq2-021115%20American%20Decline-268,iq2-021115%20American%20Decline-267,Josef Joffe,0.0,True,0,False,"Now the problem is here with these arguments is that we can or you can vote Obama out of power in two years and this may change. The kind of long-term forces we keep talking about that Europe suffers under, China suffers under, Japan, you name it, cannot be decided or changed by vote and that's why I plead with you to keep anecdotes and trends apart.",iq2,,True,"<CTX>I do.</CTX> <CTX>I’ve been there--</CTX> <CTX>So-- wait, wait, wait, wait.</CTX> <TGT>Now the problem is here with these arguments is that we can or you can vote Obama out of power in two years and this may change. The kind of long-term forces we keep talking about that Europe suffers under, China suffers under, Japan, you name it, cannot be decided or changed by vote and that's why I plead with you to keep anecdotes and trends apart.</TGT>","Positive: 2  
Negative: 3  
No Reinforcement: 2"
1394,18019577,20_4934_Flexing_Americas_Muscles_In_The_Middle_East_Will_Make_Things_Worse.xlsx,whow-20_4934_Flexing_Americas_Muscles_In_The_Middle_East_Will_Make_Things_Worse.xlsx-110,whow-20_4934_Flexing_Americas_Muscles_In_The_Middle_East_Will_Make_Things_Worse.xlsx-109,8200ed609df27a3e826a2308d441718b,0.0,True,0,False,--we got rid of Maliki.,whow,"{'probing': False, 'confronting': False, 'instruction': False, 'interpretation': False, 'supplement': False, 'utility': False}",True,"<CTX>That's-- wishful thinking, fantasy, total fantasy.</CTX> <CTX>Well, we--</CTX> <CTX>Mike, actually, I don't want to –</CTX> <TGT>--we got rid of Maliki.</TGT>","Positive: 1  
Negative: 4  
No Reinforcement: 2"
115,17978223,c4d3698a791fa9070424fd19a6a70c56,2_264,2_101,mezo,0.0,True,0,False,"Hi,

For flights stuck on the tarmac, they must return to an open gates. Open gates are sometimes difficult to find--at least in my experience. I fly internationally frequently and so I fly through major airports in the US. These airports have maybe 60 planes taking off an hour--and landing. Just an incredible number. Practically speaking, the airports must have extra gates available for flights that become delayed for unloading passengers. This could be done by either limiting the number of planes that take-off/land at the airport or providing contingent and safe ways to unload passengers--and provide them with adequate holding areas for these passengers.

If airports share in the responsibility, they are more likely to work together with the airlines to provide such a service.

I also think that the information about tarmac delays at individual airports (not just per airlines) should be provided to the consumer. (I know there are some statistics already provided, but I don't recall seeing any statistics on this recently.)

Hope this helps.

(P.S., I lost my first reply using Firefox 3.5 on Mac OSX 10.5. I switched to Safari and it looks like it's working. If you see this post, it did work.)",ceri,,True,"<CTX>First, I congratulate and thank Secretary LaHood and DOT for their efforts in improving customer protections for travelers. 

The cut-off should be for all types of planes, not just large ones. Airports AND carriers should work together to develop tarmac contingency plans.

Personally, I think 3 hours is too long to be held captive in a immobile plane. Two hours is much more reasonable. </CTX> <CTX>Welcome to Regulation Room and thanks for your comment!

A great place to start on the site is to check out the ""Site Tour"" link at the  top right-ish part of the page.  There, you can find four short guide videos explaining our site and where we are in the rulemaking process.  This morning Secretary LaHood announced the proposed rule, and Regulation Room went live to provide a forum for commenting on what has been proposed.

Also, would you care to elaborate on what you meant by airports and carriers working together to develop contingency plans for delayed flights stuck on the tarmac?  The more information you provide, the more the other contributors can comment and join the discussion as well. Thanks!</CTX> <TGT>Hi,

For flights stuck on the tarmac, they must return to an open gates. Open gates are sometimes difficult to find--at least in my experience. I fly internationally frequently and so I fly through major airports in the US. These airports have maybe 60 planes taking off an hour--and landing. Just an incredible number. Practically speaking, the airports must have extra gates available for flights that become delayed for unloading passengers. This could be done by either limiting the number of planes that take-off/land at the airport or providing contingent and safe ways to unload passengers--and provide them with adequate holding areas for these passengers.

If airports share in the responsibility, they are more likely to work together with the airlines to provide such a service.

I also think that the information about tarmac delays at individual airports (not just per airlines) should be provided to the consumer. (I know there are some statistics already provided, but I don't recall seeing any statistics on this recently.)

Hope this helps.

(P.S., I lost my first reply using Firefox 3.5 on Mac OSX 10.5. I switched to Safari and it looks like it's working. If you see this post, it did work.)</TGT>","Positive: 4  
Negative: 2  
No Reinforcement: 3"
829,17988055,foreign-policy,iq2-foreign-policy-165,iq2-foreign-policy-164,Dan Senor,0.0,True,0,False,"Look. As I made it clear at the beginning of this talk this evening, I think President Obama’s decision to support General Petraeus and General McChrystal in Afghanistan was enormously important. I actually have deep concerns about Afghanistan right now, about the civilian/military coordination. I think we’re potentially heading for a crisis on the ground in Afghanistan as it relates to civilian-military coordination. But that said, I don’t take one ounce away from the President’s courageous decision on Afghanistan. To me, it’s important but it doesn’t make for a foreign policy. Bernard, look, I have been a great admirer of yours. Throughout your career you have advocated for human rights and the importance of standing with dissonant movements, even as a centerpiece of foreign policy. There were about 40 individuals that signed a letter to the President on the eve of his trip to Moscow asking to meet with opposition, with democratic opposition figures in Moscow while he was there. Only one leader from the Left in the United States signed it, the head of Amnesty International USA. And as one Left-wing blog commented, it’s a sad statement of the state of affairs that human rights has so been subordinated as a principle in our foreign policy that if someone from the Left wants to advocate for human rights being an important part of a president’s visit to Russia, to China, to any of these places, they have to sign a letter with a bunch of neocons like myself. It’s a sad statement of affairs, and I’m amazed that you are giving him a pass.",iq2,,False,"<CTX>You have some national Afghan battling units with some embedded American-- not scouts but mentors. I mean by that that the situation on the ground is changing, that the new strategy implemented by Barack Obama and his high command has begun to give its fruits.</CTX> <CTX>Let’s see if your opponents concede that point or not.</CTX> <CTX>It is concrete. I emphasize.</CTX> <TGT>Look. As I made it clear at the beginning of this talk this evening, I think President Obama’s decision to support General Petraeus and General McChrystal in Afghanistan was enormously important. I actually have deep concerns about Afghanistan right now, about the civilian/military coordination. I think we’re potentially heading for a crisis on the ground in Afghanistan as it relates to civilian-military coordination. But that said, I don’t take one ounce away from the President’s courageous decision on Afghanistan. To me, it’s important but it doesn’t make for a foreign policy. Bernard, look, I have been a great admirer of yours. Throughout your career you have advocated for human rights and the importance of standing with dissonant movements, even as a centerpiece of foreign policy. There were about 40 individuals that signed a letter to the President on the eve of his trip to Moscow asking to meet with opposition, with democratic opposition figures in Moscow while he was there. Only one leader from the Left in the United States signed it, the head of Amnesty International USA. And as one Left-wing blog commented, it’s a sad statement of the state of affairs that human rights has so been subordinated as a principle in our foreign policy that if someone from the Left wants to advocate for human rights being an important part of a president’s visit to Russia, to China, to any of these places, they have to sign a letter with a bunch of neocons like myself. It’s a sad statement of affairs, and I’m amazed that you are giving him a pass.</TGT>","Positive: 3  
Negative: 4  
No Reinforcement: 2"
1937,18014865,080915%20ISIS,iq2-080915%20ISIS-117,iq2-080915%20ISIS-116,John Donvan,1.0,True,0,False,Michèle Flournoy.,iq2,,False,"<CTX>I'm having difficulty understanding where you two disagree with each other. Unless they're saying that your vision of for a long time leaving ISIS with the pieces of territory it has now is crazy because it's such a terrific advertisement for recruitment. They get their legitimacy as a caliphate from having the territory and they're saying the patience you're willing to show the situation is a crazy idea, which will lead to disintegration and ultimately an invasion.</CTX> <CTX>I’d like you to take on that point, because I think that's where I see some disagreement. Dov Zakheim.</CTX> <CTX>Well, first of all we're not talking about patience here. I thought Anne‐Marie laid it out very well. We do want to keep pushing them. Nobody said to stop even the bombing. We continue with that. We arm the Kurds. We do train. The point is all of that is not going to defeat ISIS. It's going to contain ISIS. That's the point and it's going to take time. It's going to take time to recover from the fact that since 2008 when you were last there and doing what you did, we are now in 2015. Seven years and by your own statement in those seven years we have not progressed. It takes time and you have to contain and do the things we're talking about and that you're talking about. I'm still convinced that the reason we sound so similar is they're making the best case for us.</CTX> <TGT>Michèle Flournoy.</TGT>","Positive: 2  
Negative: 3  
No Reinforcement: 2"
808,17986444,112013%20nsa,iq2-112013%20nsa-162,iq2-112013%20nsa-161,Stewart Baker,0.0,True,0,False,"I was around for the creation of the legal structure around intelligence, and it was a remarkable achievement for the United States. No other country thought you could do intelligence under law. We set up a program that was designed to prevent the abuses that had occurred in the 60s and 70s, and by and large it has done it.",iq2,,False,"<CTX>Again, when Ron Wyden asked James Clapper at a hearing, “Are you collecting data on millions of Americans?” he flatly said “no, we’re not.” That he’s talking to Congress, he’s talking on the record, he’s talking to CSPAN, he’s talking to the American people. They are lying to us.</CTX> <CTX>And members of Congress, members in the House have complained that the House Intelligence Committee will not give them access to records. You know, the exceptive classification on these programs makes it so that only the member can see it, not the staff who actually have the time to work on these programs, to understand the legality, so it’s not as easy as it looks.</CTX> <CTX>So, go ahead, yes?</CTX> <TGT>I was around for the creation of the legal structure around intelligence, and it was a remarkable achievement for the United States. No other country thought you could do intelligence under law. We set up a program that was designed to prevent the abuses that had occurred in the 60s and 70s, and by and large it has done it.</TGT>","Positive: 3  
Negative: 2  
No Reinforcement: 2

**Rationale"
1310,18038148,_Credit_Based_On_Where_You_Shop.xlsx,whow-_Credit_Based_On_Where_You_Shop.xlsx-22,whow-_Credit_Based_On_Where_You_Shop.xlsx-21,98b0410b2120fc25f9dd7beddbccda8d,1.0,True,0,False,"First there was Friendster, then came MySpace and now Facebook, with more than 150 million users. Facebook is the social-networking craze literally sweeping the world, and as Facebook use grows, so do the questions about, you know, the proper social-networking etiquette. The latest thing that's showing up, though, is this thing called being dumped as a friend. I think they call it de-friending...",whow,"{'probing': False, 'confronting': False, 'instruction': False, 'interpretation': False, 'supplement': True, 'utility': False}",False,"<CTX>Yes.</CTX> <CTX>Here's another interesting subject on what people know about you and what you may not know about your profile, and this time I'm talking about Facebook.</CTX> <CTX>(Soundbite of laughter)</CTX> <TGT>First there was Friendster, then came MySpace and now Facebook, with more than 150 million users. Facebook is the social-networking craze literally sweeping the world, and as Facebook use grows, so do the questions about, you know, the proper social-networking etiquette. The latest thing that's showing up, though, is this thing called being dumped as a friend. I think they call it de-friending...</TGT>","Positive: 3  
Negative: 1  
No Reinforcement: 2"
1004,40746,cg8a9g1,umod-cg8a9g1-0,,user-umod-cg8a9g1-0,0.0,True,0,False,out of curiosity - why hasen't anyone assassinated these people / blown them up etc...? not that' I'm indorsing such an action - just curious- this happens to abortion clinics right? I know a few people who quit doing whatever action they were doing because of threats to them and their family. Have any cult members historically changed their minds due to violence? / threats of violence?,umod,"{'softlabel_mace': 0.0011565003533703, 'subjectivity': 3.4444444444444446, 'aggressiveness': 3.111111111111111, 'constructiveness': 1.4444444444444444, 'sentiment': 'negative', 'relamountRole': 0.5555555555555556, 'countModFunctions': 1, 'annot_similarity_pre': 0.5362222, 'annot_similarity_post': 0.4718889, 'none': 1, 'social': 0, 'improveQuality': 0, 'organizing': 0, 'content': 0, 'broadening': 0, 'policing': 0, 'siteIssues': 0, 'offTopic': 0, 'agreeYes': 2, 'agreeNo': 5, 'opinionNotClear': 2, 'numAnnotators': 9, 'seedmodel': 'expert', 'flagged': 0}",False,<TGT>out of curiosity - why hasen't anyone assassinated these people / blown them up etc...? not that' I'm indorsing such an action - just curious- this happens to abortion clinics right? I know a few people who quit doing whatever action they were doing because of threats to them and their family. Have any cult members historically changed their minds due to violence? / threats of violence?</TGT>,"Positive: 2  
Negative: 4  
No Reinforcement: 3

**Explanation of"
305,17981265,75c2c8f2316286aba0ceb7c11f6ea426,10_407,,georgeberberian,0.0,True,0,False,"I don&#39;t see why Manhattan residents should be penalized for owning cars. &nbsp;Again, I have friends who have cars in Manhattan. &nbsp;Some use them to get out of the city or just to transport themselves to the other boroughs. &nbsp;Others actually commute to work in Jersey. &nbsp;It&#39;s already expensive to own and park a car in Manhattan. &nbsp;Those I know use parking garages or pay for a space in their coop basements. &nbsp;I thought the key idea of Move NY was to stop traffic from coming INTO Manhattan, not try to make it more onerous to&nbsp;own a&nbsp;cars by Manhattanites. &nbsp;It&#39;s bad enough that if my friends in East Harlem choose to go to Brooklyn to visit family, they will now be charged so many times, it&#39;s almost not worth the trip. &nbsp;Either that or they use the Triborough and then they&#39;re&nbsp;forced&nbsp;to use&nbsp;the&nbsp;already overloaded BQE. &nbsp;Seems like a lose-lose situation for my friends.",ceri,,False,"<TGT>I don&#39;t see why Manhattan residents should be penalized for owning cars. &nbsp;Again, I have friends who have cars in Manhattan. &nbsp;Some use them to get out of the city or just to transport themselves to the other boroughs. &nbsp;Others actually commute to work in Jersey. &nbsp;It&#39;s already expensive to own and park a car in Manhattan. &nbsp;Those I know use parking garages or pay for a space in their coop basements. &nbsp;I thought the key idea of Move NY was to stop traffic from coming INTO Manhattan, not try to make it more onerous to&nbsp;own a&nbsp;cars by Manhattanites. &nbsp;It&#39;s bad enough that if my friends in East Harlem choose to go to Brooklyn to visit family, they will now be charged so many times, it&#39;s almost not worth the trip. &nbsp;Either that or they use the Triborough and then they&#39;re&nbsp;forced&nbsp;to use&nbsp;the&nbsp;already overloaded BQE. &nbsp;Seems like a lose-lose situation for my friends.</TGT>","Positive: 3  
Negative: 2  
No Reinforcement: 4"
1100,39969,ch90rt2,umod-ch90rt2-0,,user-umod-ch90rt2-0,0.0,True,0,False,"It's pretty clearly a problem with the brain, why not fix that? Why create an entire acceptance movement around it? Why not classify it as what it is? A mental disorder? Sometimes gender reassignment surgery works well enough to fool most people, but I feel that often it ends up looking like a cheap attempt to cover up a serious mental health issue. Why irrevocably alter the body?",umod,"{'softlabel_mace': 0.4534323445595637, 'subjectivity': 3.75, 'aggressiveness': 2.75, 'constructiveness': 3.375, 'sentiment': 'negative', 'relamountRole': 0.625, 'countModFunctions': 8, 'annot_similarity_pre': 0.449, 'annot_similarity_post': 0.50388885, 'none': 0, 'social': 0, 'improveQuality': 0, 'organizing': 0, 'content': 0, 'broadening': 1, 'policing': 0, 'siteIssues': 0, 'offTopic': 0, 'agreeYes': 2, 'agreeNo': 2, 'opinionNotClear': 4, 'numAnnotators': 9, 'seedmodel': 'expert', 'flagged': 1}",False,"<TGT>It's pretty clearly a problem with the brain, why not fix that? Why create an entire acceptance movement around it? Why not classify it as what it is? A mental disorder? Sometimes gender reassignment surgery works well enough to fool most people, but I feel that often it ends up looking like a cheap attempt to cover up a serious mental health issue. Why irrevocably alter the body?</TGT>","Positive: 2  
Negative: 4  
No Reinforcement: 3

**Rationale"
479,23998,856,fora-856-126,fora-856-125,29680,1.0,True,0,False,Thank you.,fora,"{'Express affirmation': 0, 'Specific invitation': 0, 'Provide example': 0, 'Open invitation': 0, 'Make connections': 0, 'Express appreciation': 0, 'Follow up question': 0}",False,"<CTX>I can tell you how many times I've said this in the last six months, but make it make sense, that's what needs to happen with the healthcare system to make it feel like a black woman be wellness. The second thing is to make mental health care at the same level as physical health. Last year, one of my children was having a problem. In addition to struggling to find a therapist that looked like them, or even knew somebody that looked like them, even when you find someone they're like, ""Oh, wait, six months."" Unless my child were to say, ""I'm going to harm someone or someone else,"" you got to wait six months and that is not appropriate. I feel like people say, ""Oh, well, we need to remove the stigma about mental health care,"" for me and my family and my group, I don't see the stigma. I just see the lack of access. People wanted to talk to someone, especially as I would say, the generation X that I'm in, more people live away from family, or traditional, like they may not be able to go to the church that they went to when they grew up, so building those relationships could be a little bit more difficult. I have insurance, I have good insurance. I don't know what people are doing who don't have insurance or don't have comprehensive insurance, I think they're just going without and that is a travesty.</CTX> <CTX>Yes. Thank you.</CTX> <CTX>I'll go and I'll just say for me, it really is when the policies, the practices and the implementation of those policies are centered around black women and black voices, because everything actually revolves around practices and policies and how we even us as healthcare has to do with policies. For me, it has to be the forefront of it all and unfortunately not enough of us are involved in the policy aspect of the work, because that is really where you make changes. I mean, if it's not working for you, the first thing I look at is, what this a policy say on that issue, because that's where it all happens. There's a reason why folks are fighting so hard to keep people out of some of these changes from not happening, because they already know that it's on the books as a policy issue and if we just change one policy issue, we'd be done changed a whole lot. Like Tracy talked about the mental health piece, the reason mental health is not at the level of physical health is because of policy issues and reflections. If we change a policy, we'll have better mental health access and realistically it has to be the center of everything. Then for me, the other piece of it is, although we can always have people who look like us as providers and in those spaces, well, we can make a big effort at trying to get people that look like us in those spaces. I think there's not enough effort and intentionality around making that happen, which is why we don't see a lot, because there's a such thing as groom your own or train your own, so if you don't have it, you can find practices that will enable you to have better access to folks who look like us. Then the other piece of it is realistically, if we don't have access to people who look like us, then how do we have those folks who are there to be trained in terms of culture competence, in terms of racial equity, in terms of racism so that they can actually practice much better than how they are practicing. Because we've been just the other day working in a hospital, we had a gunshot wound and one of the comments from one of the docs at the hospital, like we couldn't believe that it actually came out of her mouth, but it's the same stuff that we always hear in Madison when it comes to black and brown folks. We did address it with her and not just addressing it with her, but let her know that it wasn't okay, like, ""No, you don't get to say those types of things,"" That also means that we have to call people out on their stuff, as uncomfortable as it is for us to do it, we have to do it because one, we let them know that we're watching. Two, we want them to know that sometimes we assume folks know and they don't always know either, so we have to also educate them, even though I don't always think that it is to our role to always educate people either, because sometimes they can do their own homework, just like we had to do our own homework how to interact and engage with them. They can do the same. I don't always think that,</CTX> <TGT>Thank you.</TGT>","Positive: 5  
Negative: 2  
No Reinforcement: 3

**Rationale"
1423,18040451,_Presidential_Undorsements.xlsx,whow-_Presidential_Undorsements.xlsx-6,whow-_Presidential_Undorsements.xlsx-5,626d86a1a53bdfda8efc8afc966481f2,0.0,True,0,False,Hello. Hello.,whow,"{'probing': False, 'confronting': False, 'instruction': False, 'interpretation': False, 'supplement': False, 'utility': False}",False,"<CTX>We've got pop culture critic Desmond Burton of the blog Afronerd, also Lauren Williams, editor of the blog Stereohyped, and self-described vigilante pundit Baratunde Thurston, he's a blogger for several sites, including The Huffington Post and also writes for Jack and Jill Politics under the pseudonym Jack Turner.</CTX> <CTX>Welcome, folks.</CTX> <CTX>Hi.</CTX> <TGT>Hello. Hello.</TGT>","Positive: 2  
Negative: 1  
No Reinforcement: 3"
1075,40077,caw4w7o,umod-caw4w7o-0,,user-umod-caw4w7o-0,0.0,True,0,False,"∆ Thank you for this, you are actually the first person on this sub to change my opinion on something. I've been anti-theist for a while now and I see often all of the downsides to religion (bigotry, wars, the hundreds of cases of children dying because the parents thought prayer was better than real medicine) but I have yet to see any purpose to religion besides that most of them were raised that way and it makes them feel good to have an imaginary friend. I had never thought about the placebo effect for curing issues, although I still think that medical care is far superior to the placebo effect.",umod,"{'softlabel_mace': 0.9355636146206596, 'subjectivity': 4.0, 'aggressiveness': 1.5714285714285714, 'constructiveness': 3.0, 'sentiment': 'positive', 'relamountRole': 0.7142857142857143, 'countModFunctions': 5, 'annot_similarity_pre': 0.4817143, 'annot_similarity_post': 0.5402857, 'none': 0, 'social': 1, 'improveQuality': 0, 'organizing': 0, 'content': 0, 'broadening': 0, 'policing': 0, 'siteIssues': 0, 'offTopic': 0, 'agreeYes': 1, 'agreeNo': 6, 'opinionNotClear': 0, 'numAnnotators': 7, 'seedmodel': 'GPT', 'flagged': 0}",False,"<TGT>∆ Thank you for this, you are actually the first person on this sub to change my opinion on something. I've been anti-theist for a while now and I see often all of the downsides to religion (bigotry, wars, the hundreds of cases of children dying because the parents thought prayer was better than real medicine) but I have yet to see any purpose to religion besides that most of them were raised that way and it makes them feel good to have an imaginary friend. I had never thought about the placebo effect for curing issues, although I still think that medical care is far superior to the placebo effect.</TGT>","Positive: 4  
Negative: 1  
No Reinforcement: 2

**Explanation:**"
570,18321,485,fora-485-93,fora-485-92,27234,0.0,True,0,False,"No, but I would like to repeat that's my2020census.gov. Five minutes, that's all it's going to take.",fora,"{'Express affirmation': 0, 'Specific invitation': 0, 'Provide example': 0, 'Open invitation': 0, 'Make connections': 0, 'Express appreciation': 0, 'Follow up question': 0}",False,"<CTX>And remember if they don't hang up then tell them to call you have in 10 minutes.</CTX> <CTX>Got you.</CTX> <CTX>All right. That's pretty much it. Thank you again joining us. That's all the questions I have for you. Do you have any other closing thoughts or general reflections on the conversation, and if you have any questions, I'll take those too.</CTX> <TGT>No, but I would like to repeat that's my2020census.gov. Five minutes, that's all it's going to take.</TGT>","Positive: 1  
Negative: 2  
No Reinforcement: 3  

**Explanation:**"
618,37997,2351,fora-2351-335,fora-2351-334,42276,0.0,True,0,False,"Yeah, it's so nice.",fora,"{'Express affirmation': 0, 'Specific invitation': 0, 'Provide example': 0, 'Open invitation': 0, 'Make connections': 0, 'Express appreciation': 0, 'Follow up question': 0}",True,"<CTX>Strong is when you're going to be cordial to your neighbor, or whatever, like people you know. [inaudible] see, that's what I'm talking about, that's what I said. Not everybody, but those that are negative. I guess they have their reason to be, but that's not going to get you anywhere in life. Like I said, to be cordial to one another. Treat one another as a human being and things like that.</CTX> <CTX>We need more outside community resources-</CTX> <CTX>Right now, this is Cynthia talking and Monique is entitled to-</CTX> <TGT>Yeah, it's so nice.</TGT>","Positive: 2  
Negative: 3  
No Reinforcement: 2"
1897,18002421,iran-diplomacy,iq2-iran-diplomacy-111,iq2-iran-diplomacy-110,John Donvan,1.0,True,0,False,"Ken, put yourself in the position of the Iranian government in a negotiation with the US, what do they want.",iq2,,False,"<CTX>Hi, I—I’ve heard Nick’s argument, and I think without getting in a more just round, in a circle, I’ve, from my perspective don’t see where the Iranians would give a lotta credibility to these threats of sanctions or war or anything else, so I would like to hear the panel kinda debate and address, what do you think the…make, make the arguments for what the Iranians have to gain, by giving up these nuclear weapons, and, what they have to lose. Ken started to touch on it. But it hasn’t really been explored.</CTX> <CTX>Ken, can you—</CTX> <CTX>And I would get into that to decide whether diplomacy can go anywhere.</CTX> <TGT>Ken, put yourself in the position of the Iranian government in a negotiation with the US, what do they want.</TGT>","Positive: 4  
Negative: 2  
No Reinforcement: 3

**Rationale"
1265,18021946,31_7457_Let_Anyone_Take_A_Job_Anywhere.xlsx,whow-31_7457_Let_Anyone_Take_A_Job_Anywhere.xlsx-269,whow-31_7457_Let_Anyone_Take_A_Job_Anywhere.xlsx-268,e31f6f9827c187e8aebdb0839a0c963a,0.0,True,0,False,I-- team of the side for.,whow,"{'probing': False, 'confronting': False, 'instruction': False, 'interpretation': False, 'supplement': False, 'utility': False}",False,"<CTX>There it is.</CTX> <CTX>You said that one of your main concerns is looking at the poor and acknowledging the poor and being right--</CTX> <CTX>Who are you addressing, which--</CTX> <TGT>I-- team of the side for.</TGT>","Positive: 2  
Negative: 4  
No Reinforcement: 3  

**Explanation:**"
78,17980943,fa2dd60fa4179b07536540804410d950,7_420,,bmorrow,0.0,True,0,False,"â€¢  As identified in the February 2013 GAO report entitled â€œHuman Services: Sustained and Coordinated Efforts Could Facilitate Data Sharing While Protecting Privacy,â€ many challenges exist to efforts to promote data sharing and interoperability across state and federal agencies.  The federal government can play a significant role in promoting cross-program integration â€“ by demanding agencies to think and build systems as part of an integrated enterprise (as has been done through the Medicaid Information Technology Architecture and related 7 Conditions and Standards), providing funding in a manner that supports such integration (such as in the revised cost allocation rules in the OMB A-87 Circular pursuant to the ACA), address concerns about when and how information sharing is allowed (such as through recent clarifications of FERPA through the Uninterrupted Scholarsâ€™ Act), and supporting the development of standards and requirements as well as specific tools that enable data sharing (as it has done with efforts like the Direct Project)._x000D_
â€¢  While HIPAA is in place to address provider data sharing, there is a need for federal level privacy rules that apply specifically to consumer sharing (and relevant tools, involved entitites).  Some states, like California, are beginning to look at this issue themselves, but a patchwork of state rules will not be as effective.  Thus, weâ€™d encourage ONC to tackle this challenge and provide guidance to federal lawmakers._x000D_
",ceri,,False,"<TGT>â€¢  As identified in the February 2013 GAO report entitled â€œHuman Services: Sustained and Coordinated Efforts Could Facilitate Data Sharing While Protecting Privacy,â€ many challenges exist to efforts to promote data sharing and interoperability across state and federal agencies.  The federal government can play a significant role in promoting cross-program integration â€“ by demanding agencies to think and build systems as part of an integrated enterprise (as has been done through the Medicaid Information Technology Architecture and related 7 Conditions and Standards), providing funding in a manner that supports such integration (such as in the revised cost allocation rules in the OMB A-87 Circular pursuant to the ACA), address concerns about when and how information sharing is allowed (such as through recent clarifications of FERPA through the Uninterrupted Scholarsâ€™ Act), and supporting the development of standards and requirements as well as specific tools that enable data sharing (as it has done with efforts like the Direct Project)._x000D_
â€¢  While HIPAA is in place to address provider data sharing, there is a need for federal level privacy rules that apply specifically to consumer sharing (and relevant tools, involved entitites).  Some states, like California, are beginning to look at this issue themselves, but a patchwork of state rules will not be as effective.  Thus, weâ€™d encourage ONC to tackle this challenge and provide guidance to federal lawmakers._x000D_
</TGT>","Positive: 3  
Negative: 2  
No Reinforcement: 2

**Rationale"
1911,18021047,28_6660_Its_Wrong_To_Pay_For_Sex.xlsx,whow-28_6660_Its_Wrong_To_Pay_For_Sex.xlsx-70,whow-28_6660_Its_Wrong_To_Pay_For_Sex.xlsx-69,111b3c8c2e55dc9c410d84716ac206d5,0.0,True,0,False,Not if the man were my husband.,whow,"{'probing': False, 'confronting': False, 'instruction': False, 'interpretation': False, 'supplement': False, 'utility': False}",False,"<CTX>We’re talking slippery slope here, I think.</CTX> <CTX>I can see it getting slippery.</CTX> <CTX>That’s, so that’s okay? All right, third question, if during that process—</CTX> <TGT>Not if the man were my husband.</TGT>","Positive: 2  
Negative: 4  
No Reinforcement: 3  

**Explanation:**"
32,17980176,60054d81daa9533c128b9d88eabf1613,6_1388,6_859,WLF,0.0,True,0,False,"I appreciate Mr. Bartmann's comments but they appear to be grounded in a collection agency perspective (there is always business and market share tension between collection agencies and law firms).   The reality is that (and this was voiced by other participants) many (not all but many) debtors simply won't/can't pay until they have to.  To get to the Moderator's question as to what the CFPB can do to make it easier for debt collectors and consumers to settle accounts before litigation, I make these comments:  The FDCPA and TCPA have truly made communications with debtor both difficult and hazardous for the collector.  For instance, the fact that you can't safely leave a voice message for a debtor should be very troubling.  At what point are privacy concerns (real and imagined) driven roughshod over basic communications with people in the 21st century?  Over the years, our firm has stopped initial outbound calling (responding only to inbound calls) and also limited our pre-suit letters to just two.  We send the required disclosure letter and (there being no response and the account reviewed for suit) then send a discounted payment offer that says we are going to file suit but would rather settle.  We offer reasonable terms to the debtors to avoid a costly suit but the response rate is absolutely miserable, probably in the single digits percentage wise.  Believe me, suits are time consuming and expensive, but they are often simply the only option.  Even when the debtors are served, few contact us, and even fewer when the court sends them the judgment.  Worse, a judgment doesn't guarantee payment on the account.  So, what can be done?  Clarification via Regulations as to what we can say and do  in communications would at least promote more communication between the parties.  With that, perhaps more points of contact could resolve debts before suit.  I strongly disagree that litigation should be ""discouraged"" as it is not only a simple reality in much of debt collection but a fundamental right of a creditor.  However, I think Regulations making it clear what can and cannot be done in communications that can shield the industry from the wild west of FDCPA and TCPA lawsuits would greatly encourage more communication.  I also think a reasonable, good faith attempt to resolve the case (offering a payment plan and/or lump sum) before suit is filed is still a good idea as well even though our own response rate has not been great.  Anything more will infringe on a creditor's rights and interfere with state law.  Perhaps the CFPB Portal could have a debt resolution aspect to it where a debtor could try to resolve an account in a ""safer"" more disarming manner.  Thank you for allowing me to make these comments.  ",ceri,,False,"<CTX>With increased and onerous liability for making calls and sending letters to debtors, creditors and debt buyers have had little option but to file suit rather than repeatedly attempt to contact an uncooperative or uncommunicative debtor.   Most complaints provide adequate and identifying information about the debt.  In my experience, most debtors don't feel taken advantage of by lawsuits, they simply understand they owe the debt so there is little point in filing an answer or taking time to appear in court.  In fact, the vast majority never respond to a Federal Law letter inviting them to dispute the debt.  Filing suits and appearing in court is expensive and time consuming for creditors and debt buyer, but there is little alternative, nor should there be as these matters have always been governed appropriately by State law and State judges.  As more credit is granted (and the US is a credit ecomony - over 70% of our economy is based on consumer spending which comes mainly from credit extensions and not consumers pay increases), there are simply more defaults, particularly in a Great Recession.  Any heavy handed Federal regulation will hamper and restrict credit granting and debt buying, both of which are needed by the economy and the credit industry.  While credit grantors should should make their documentation retention systems more accessible and share more documents upon a sale of accounts, a lack of documentation should not hamper State court lawsuits when a debtor offers no dispute so long as the account is adequately identified in a complaint.  In Michigan, efforts to ""make it more likely that consumers would defend themselves"" have fell very flat for the reasons mentioned above.  As it has always been, the protections are in place and are used by those debtors that wish to avail themselves of them.  Judges are there to listen.  However, most debtors (bless them) understand they simply owe the debt.  </CTX> <CTX>Thank you for joining us at RegulationRoom, WLF. What do you think about BillBartmann's comment ? Both of you seem to agree that consumers generally know that they owe the debt, but BillBartmann suggests that litigation should be discouraged since most consumers are willing to settle their accounts. What can CFPB do to address the problems you raised, and make it easier for debt collectors and consumers to settle accounts before litigation?</CTX> <TGT>I appreciate Mr. Bartmann's comments but they appear to be grounded in a collection agency perspective (there is always business and market share tension between collection agencies and law firms).   The reality is that (and this was voiced by other participants) many (not all but many) debtors simply won't/can't pay until they have to.  To get to the Moderator's question as to what the CFPB can do to make it easier for debt collectors and consumers to settle accounts before litigation, I make these comments:  The FDCPA and TCPA have truly made communications with debtor both difficult and hazardous for the collector.  For instance, the fact that you can't safely leave a voice message for a debtor should be very troubling.  At what point are privacy concerns (real and imagined) driven roughshod over basic communications with people in the 21st century?  Over the years, our firm has stopped initial outbound calling (responding only to inbound calls) and also limited our pre-suit letters to just two.  We send the required disclosure letter and (there being no response and the account reviewed for suit) then send a discounted payment offer that says we are going to file suit but would rather settle.  We offer reasonable terms to the debtors to avoid a costly suit but the response rate is absolutely miserable, probably in the single digits percentage wise.  Believe me, suits are time consuming and expensive, but they are often simply the only option.  Even when the debtors are served, few contact us, and even fewer when the court sends them the judgment.  Worse, a judgment doesn't guarantee payment on the account.  So, what can be done?  Clarification via Regulations as to what we can say and do  in communications would at least promote more communication between the parties.  With that, perhaps more points of contact could resolve debts before suit.  I strongly disagree that litigation should be ""discouraged"" as it is not only a simple reality in much of debt collection but a fundamental right of a creditor.  However, I think Regulations making it clear what can and cannot be done in communications that can shield the industry from the wild west of FDCPA and TCPA lawsuits would greatly encourage more communication.  I also think a reasonable, good faith attempt to resolve the case (offering a payment plan and/or lump sum) before suit is filed is still a good idea as well even though our own response rate has not been great.  Anything more will infringe on a creditor's rights and interfere with state law.  Perhaps the CFPB Portal could have a debt resolution aspect to it where a debtor could try to resolve an account in a ""safer"" more disarming manner.  Thank you for allowing me to make these comments.  </TGT>","Positive: 3  
Negative: 2  
No Reinforcement: 2

**Rationale"
1537,18020447,25_5977_Beware_the_Dragon_A_Booming_China_Spells_Trouble_for_America.xlsx,whow-25_5977_Beware_the_Dragon_A_Booming_China_Spells_Trouble_for_America.xlsx-32,whow-25_5977_Beware_the_Dragon_A_Booming_China_Spells_Trouble_for_America.xlsx-31,80d7ef08cebc5ca76f78283db1496a5f,0.0,True,0,False,"Yeah. You, you wanna let Daniel…",whow,"{'probing': False, 'confronting': False, 'instruction': False, 'interpretation': False, 'supplement': False, 'utility': False}",True,"<CTX>Thank you very much…</CTX> <CTX>…let me see if there’s….</CTX> <CTX>…We’ll come back in one moment. Just to John Mearsheimer, could you take on both of those questions, essentially the question of whether or not American hegemony should or can afford to continue forever?</CTX> <TGT>Yeah. You, you wanna let Daniel…</TGT>","Positive: 2  
Negative: 1  
No Reinforcement: 3"
1033,40500,cbbk88x,umod-cbbk88x-0,,user-umod-cbbk88x-0,0.0,True,0,False,Just like it's science that women are weaker than men? Therefore workers comp (or other occupational) insurance should cost more for women because they are more likely to hurt themselves?,umod,"{'softlabel_mace': 0.7740454559054896, 'subjectivity': 2.6666666666666665, 'aggressiveness': 2.4444444444444446, 'constructiveness': 3.4444444444444446, 'sentiment': 'neutral', 'relamountRole': 0.7777777777777778, 'countModFunctions': 7, 'annot_similarity_pre': 0.586, 'annot_similarity_post': 0.5275555, 'none': 0, 'social': 0, 'improveQuality': 0, 'organizing': 0, 'content': 1, 'broadening': 1, 'policing': 0, 'siteIssues': 0, 'offTopic': 0, 'agreeYes': 7, 'agreeNo': 2, 'opinionNotClear': 0, 'numAnnotators': 9, 'seedmodel': 'expert', 'flagged': 0}",False,<TGT>Just like it's science that women are weaker than men? Therefore workers comp (or other occupational) insurance should cost more for women because they are more likely to hurt themselves?</TGT>,"Positive: 1  
Negative: 5  
No Reinforcement: 0"
1562,42646,650500396.5864.5864,wikitactics-650500396.5864.5864-6,wikitactics-650500396.5864.5864-5,Guccisamsclubs,1.0,True,0,True,Have you read Getty? Can you cite where he says Stalin was not to blame? If so add it to the article.,wikitactics,,False,"<CTX>If you want to include more sourced materials that describe his work in a more ""positive"" light, you are very welcome. There is no any disagreement about it, and therefore no reason for NPOV tag.</CTX> <CTX>. I am not saying that Getty's work is not ""revisionist"". The problem is how the term is used in the article. First, ""American revisionist historian"" is used to ''define'' Getty in the lede sentence. ""Revisionist"" is not definitive in the same way that ""American historian"" is. But even worse than this, is how the term ""revisionism"" is itself defined further down. The article cites only attacks on Getty, which paint Getty's revisionism as: part of a ""gaggle""; analogous to holocaust denier David Irving; a ""rehabilitation of Stalin"". And as we both agree, the article takes his outdate ''Origins of the Great Purges'' as the point of departure to attack his revisionism, ignoring all later work. All in all, ""revisionist"" is used in the article as a slur that sets the tone for an attack piece, not as a neutral description of his work. This is why I recommended moving the term out of the lede sentence.
Other than that, I wholeheartedly agree with your points about neutrality. You don't need your institution to get the sources—you can get them all from sci(dash)hub(dot)cc.</CTX> <CTX>He ''is'' usually mentioned in sources as a ""revisionist sovietologist"", i.e. here. Others describe him as ""Stalin's apologist"" , and this is not based on any his individual book, but based on everything he published. No wonder, because he claims that Great Purge was not planned by Stalin, among other things.</CTX> <TGT>Have you read Getty? Can you cite where he says Stalin was not to blame? If so add it to the article.</TGT>","Positive: 3  
Negative: 4  
No Reinforcement: 2

**Rationale"
351,25959,1137,fora-1137-45,fora-1137-44,31337,0.0,True,0,False,Yeah. I'm so sorry.,fora,"{'Express affirmation': 0, 'Specific invitation': 0, 'Provide example': 0, 'Open invitation': 0, 'Make connections': 0, 'Express appreciation': 0, 'Follow up question': 0}",True,"<CTX>Yeah, absolutely. Thank you for sharing that story. Keetra, sorry that that happened. I can only imagine the extra energy you had to give the joy that takes away of being in a new development and how that... It takes away a bit of freedom and you have to do something like that so thank you for sharing that story.</CTX> <CTX>No problem.</CTX> <CTX>Efra, I see you. You have joined us.</CTX> <TGT>Yeah. I'm so sorry.</TGT>","Positive: 4  
Negative: 1  
No Reinforcement: 2"
163,17981297,571cb3744b206ad42c9ee87a2b26f15a,10_440,10_439,ConFed12,0.0,True,0,False,meant to say &#39;I will oppose&#39; in the previous statement.&nbsp;,ceri,,False,"<CTX>I don&#39;t this bill is worth the time or effort to even discuss.&nbsp; I came here only because a young earnest fella convinced me it was my duty to at least give my opinion.&nbsp; So, here it is.&nbsp; All of the numbers, the percentages, have to be garbage.&nbsp; There is no way to know what the drafters of this bill claim to know with any degree of certainty.&nbsp; But, assuming they are superstars who actually do know what they&#39;re talking about, then it still doesn&#39;t much matter still.&nbsp; I like the free Queensboro bridge.&nbsp; And whoever tries to toll it, that one will oppose. Simple.</CTX> <TGT>meant to say &#39;I will oppose&#39; in the previous statement.&nbsp;</TGT>","Positive: 2  
Negative: 4  
No Reinforcement: 3"
203,17980991,3a536a0bd83703c62c9a67015450255f,7_472,,csanders,0.0,True,0,False,"Health IT has the potential of decreasing disparities if appropriately leveraged.  For example, data demonstrates that African Americans and Latinos access the internet through their mobile phones at higher rates than other populations.  Accordingly, health IT directed at, or for use by, African Americans and Latinos should use text messaging and mobile applications as much as websites and email.  Similarly, there are online and mobile applications that are readily available and used in many languages other than English.  If these online and mobile communications and information technologies are not used for heath IT, then the digital divide and disparities will only INCREASE rather than decrease._x000D_
_x000D_
If health information can be accessed and used by diverse and underserved populations who experience the greatest health disparities, then they can be more informed, engaged, and empowered health consumers that become activated and more proactive partners in their own health care plan, and maintenance or improvement of their own health status._x000D_
_x000D_
Finally, at a population and public/community health level, having more data and health information about a population can identify specific local disparities and prioritize interventions to reduce those disparities.  However, it is essential that demographic information about patient race, ethnicity, language and other factors such as disability status, sexual orientation, and gender identity continue to be collected AND all quality data be stratified by each of those demographic characteristics to identify and reduce disparities. In terms of race and ethnicity, further granular disaggregation, as recommended by the Office of Minority Health under its Affordable Care Act section 4302 standards, and further recommended by the Institute of Medicine in its 2009 report â€œRace, Ethnicity, and Language Data: Standardization for Health Care Quality Improvementâ€ should be implemented through health IT, including all ONC-certified EHRs and all health information exchanges._x000D_
-California Pan-Ethnic Health Network",ceri,,False,"<TGT>Health IT has the potential of decreasing disparities if appropriately leveraged.  For example, data demonstrates that African Americans and Latinos access the internet through their mobile phones at higher rates than other populations.  Accordingly, health IT directed at, or for use by, African Americans and Latinos should use text messaging and mobile applications as much as websites and email.  Similarly, there are online and mobile applications that are readily available and used in many languages other than English.  If these online and mobile communications and information technologies are not used for heath IT, then the digital divide and disparities will only INCREASE rather than decrease._x000D_
_x000D_
If health information can be accessed and used by diverse and underserved populations who experience the greatest health disparities, then they can be more informed, engaged, and empowered health consumers that become activated and more proactive partners in their own health care plan, and maintenance or improvement of their own health status._x000D_
_x000D_
Finally, at a population and public/community health level, having more data and health information about a population can identify specific local disparities and prioritize interventions to reduce those disparities.  However, it is essential that demographic information about patient race, ethnicity, language and other factors such as disability status, sexual orientation, and gender identity continue to be collected AND all quality data be stratified by each of those demographic characteristics to identify and reduce disparities. In terms of race and ethnicity, further granular disaggregation, as recommended by the Office of Minority Health under its Affordable Care Act section 4302 standards, and further recommended by the Institute of Medicine in its 2009 report â€œRace, Ethnicity, and Language Data: Standardization for Health Care Quality Improvementâ€ should be implemented through health IT, including all ONC-certified EHRs and all health information exchanges._x000D_
-California Pan-Ethnic Health Network</TGT>","Positive: 5  
Negative: 1  
No Reinforcement: 2"
1053,39938,cbfh8m6,umod-cbfh8m6-0,,user-umod-cbfh8m6-0,0.0,True,0,False,Because a pie has nobody to advocate for them. A dead person has a family that doesn't want them being violated for something like that. ,umod,"{'softlabel_mace': 0.0120613812820894, 'subjectivity': 4.375, 'aggressiveness': 3.875, 'constructiveness': 1.875, 'sentiment': 'negative', 'relamountRole': 0.625, 'countModFunctions': 7, 'annot_similarity_pre': 0.449, 'annot_similarity_post': 0.50388885, 'none': 1, 'social': 0, 'improveQuality': 0, 'organizing': 0, 'content': 0, 'broadening': 0, 'policing': 0, 'siteIssues': 0, 'offTopic': 0, 'agreeYes': 2, 'agreeNo': 3, 'opinionNotClear': 3, 'numAnnotators': 9, 'seedmodel': 'negative', 'flagged': 1}",False,<TGT>Because a pie has nobody to advocate for them. A dead person has a family that doesn't want them being violated for something like that. </TGT>,"Positive: 2  
Negative: 4  
No Reinforcement: 3  

**Explanation of"
1364,18033955,84_21166_Men_Are_Finished.xlsx,whow-84_21166_Men_Are_Finished.xlsx-63,whow-84_21166_Men_Are_Finished.xlsx-62,6b0e4aec6a2e72eb4fdfee9319c6b70d,0.0,True,0,False,That's that there is an advantage that women have with estrogen and fat that provides them an advantage--,whow,"{'probing': False, 'confronting': False, 'instruction': False, 'interpretation': False, 'supplement': False, 'utility': False}",False,"<CTX>Endurance, physical endurance.</CTX> <CTX>Yeah.</CTX> <CTX>You think that women have better physical endurance.</CTX> <TGT>That's that there is an advantage that women have with estrogen and fat that provides them an advantage--</TGT>","Positive: 2  
Negative: 3  
No Reinforcement: 3"
1966,18016451,102_25160_Grandmas_Benefits_Imperil_Juniors_Future.xlsx,whow-102_25160_Grandmas_Benefits_Imperil_Juniors_Future.xlsx-54,whow-102_25160_Grandmas_Benefits_Imperil_Juniors_Future.xlsx-53,a6a1cb17a129167d7f5db8e187614aad,0.0,True,0,False,"All reforms you're talking about cutting-- all reforms are talking in some way or other about cutting benefits now. We've already raised the eligibility age to 67. That's going to be a 13 percent benefit cut. That's not somebody way down the road. That's a 13 percent benefit cut. Let us be honest about this. I watch television and people, supposedly forthright people, get up there and say, ""Why don't politicians tell us there won't be any Social Security for us?"" They don't get up there and say, ""Why don't they be honest and say we're only going to get about 80 percent of our Social Security?"" The words are inflammatory and sadly misleading. We can solve the problem with modest Social Security tax increases, by raising the cap, and let me talk a little bit about Medicare, Howard's forte, because Margaret brought up the fact that this is some kind of side issue. Why do we think Medicare is going to go off the rails? It's not the aging issue because if it were the aging issue they would by and large rise to the same proportion of GDP as Social Security did. It's that health care costs are rising very rapidly, and I guess we have to repeat this over and over again, rising health care costs can undue Medicare and Medicaid, down the road, not the next 10 years, but well down the road, unless we have very, very serious reform--",whow,"{'probing': False, 'confronting': False, 'instruction': False, 'interpretation': False, 'supplement': False, 'utility': False}",True,"<CTX>Did she get you on that?</CTX> <CTX>No. What I-- no. My opening statement was that we don't have a Medicare and social security problem in this country. We have a political and an economic problem in this country because of bad leadership in both the business sphere and the government. So if the argument here is Social Security and Medicare, Grandma's benefits are imperiling Junior's future, no. The political class is imperiling Junior's future because we have a lousy group of politicians that can't get their act together. I don't think we should take that out of Grandma's hide. What we need is new politicians, not new grandmas.</CTX> <CTX>Howard, I thought, though, that what I heard the other side saying is not-- they're not talking-- they're not talking about wanting to-- they're not talking about wanting to cut Grandma's benefits now. But they're talking about wanting to cut Junior's benefits when Junior is a grandpa, later on, they're talking about the future, are they not?</CTX> <TGT>All reforms you're talking about cutting-- all reforms are talking in some way or other about cutting benefits now. We've already raised the eligibility age to 67. That's going to be a 13 percent benefit cut. That's not somebody way down the road. That's a 13 percent benefit cut. Let us be honest about this. I watch television and people, supposedly forthright people, get up there and say, ""Why don't politicians tell us there won't be any Social Security for us?"" They don't get up there and say, ""Why don't they be honest and say we're only going to get about 80 percent of our Social Security?"" The words are inflammatory and sadly misleading. We can solve the problem with modest Social Security tax increases, by raising the cap, and let me talk a little bit about Medicare, Howard's forte, because Margaret brought up the fact that this is some kind of side issue. Why do we think Medicare is going to go off the rails? It's not the aging issue because if it were the aging issue they would by and large rise to the same proportion of GDP as Social Security did. It's that health care costs are rising very rapidly, and I guess we have to repeat this over and over again, rising health care costs can undue Medicare and Medicaid, down the road, not the next 10 years, but well down the road, unless we have very, very serious reform--</TGT>","Positive: 3  
Negative: 4  
No Reinforcement: 2"
495,37522,2243,fora-2243-108,fora-2243-107,40417,1.0,True,0,False,Thank you for that. Thank you for that.,fora,"{'Express affirmation': 0, 'Specific invitation': 0, 'Provide example': 0, 'Open invitation': 0, 'Make connections': 0, 'Express appreciation': 0, 'Follow up question': 0}",False,"<CTX>That was like a migraine.</CTX> <CTX>Yeah. It could be migraine. It could be tension. Sometimes when we put our barrettes on too tight. Take it off, it's like you do this.</CTX> <CTX>Yeah.</CTX> <TGT>Thank you for that. Thank you for that.</TGT>","Positive: 2  
Negative: 1  
No Reinforcement: 3"
1624,44288,685018975.9582.9582,wikitactics-685018975.9582.9582-19,wikitactics-685018975.9582.9582-18,Drcrazy102,1.0,True,1,True,"I have reviewed your logged edits and find them baffling and poorly worded in some cases, and lacking sources in others. This is not an attack, this is my personal observation. Moving forward from here, I would suggest any changes you wish to make, should use the format of ""I want to change this sentence (currently xxxxx) to this version (proposed xx'''yyyyy'''). This is based on (reason) and source (cite source). Please discuss."" I would also ask that other users involved in this dispute do the same until things have calmed down again. This makes it so much easier to discuss changing content that is contentious, and results in far less edit-wars and reverted article changes. Cheers,",wikitactics,,False,"<CTX>None of the sources even come close to backing up what you're trying to claim happened. None of the sources you give say anything about ""a chase"". The supposed ""threat"" was ""I said, 'No, he said, you keep it up I'm going to kick your ass. '''Better yet, just get out of here''',"" Hesebeck testified. (emphasis added). In other words ""if you don't leave, I'm going to kick your ass...so just leave"", no implication of immediately impending physical violence at all. Also, directly from your own source: ""Joey '''may''' have stepped '''somewhat''' in the way when Vang was trying to leave, '''but that there was plenty of room in a clearing there for Vang to go around'''."" (emphasis added). That statement was all predicated on the word ""may"" and even if it were true, there was still plenty of room for him to leave. This is an opinion piece, not a reliable source, I won't even read that. this and this have nothing to do with the subject of this article or his crimes. Bumper stickers sold by one small store ''after the fact'' have no bearing on the case, which was shooting people in the back and getting convicted of murder for it. A house the convicted murderer used to own burned down, the source doesn't even say it was arson...again not relevant to the case at all. You need to do a much better job of reading and analyzing the entirety of each source before bringing them here. The very sources you provide make the case for the ''exact opposite'' of what you are saying.</CTX> <CTX>The sources does ""back up"" what i claimed happened. You really are ignorant of the details in this case. Are you not aware that Chai Vang was chased by the victims to be confronted again? The first time was when Vang was confronted at the deer stand. Vang was showed the directions out and Vang walked away after apologizing for being on their land. The victims stated it themselves on the stand in court. The second confrontation happened when the victims pursed Vang on ATV's and caught up to him and surrounded him. If you think that me or the VICTIMS are lying now, please look it up or watch the documentary to see the recordings of the victims Lauren Hesebeck and Terry Willers saying it themselves.  But just in case if you don't look it up or watch the documentary, here's the proof for you.  I don't know why there's someone like you editing this article without knowledge of all the details of this case. You can even look at a small part of it in the article. This article made no mention of Vang being followed which it SHOULD have but it does say this in the shooting section. "" Upon receiving a response in the negative, he began to approach Vang and told him to leave the property. After asking for directions, Vang proceeded to walk away towards a trail through a forested area of the property. At that point five of the hunters from the cabin who had heard the radio message arrived on ATVs."" Seems like this article needs some serious editing to include all the information. This whole sentence should be rewritten to have a more detailed explanation that when the rest of the party arrived on ATV's, Robert Crotteau wanted to ""talk"" to Vang so they all decided to go intercept Vang. Now about Joey Crotteau blocking Vang from leaving, IT DID HAPPEN. Please look at the source above that i put for you in this paragraph.  I do agree with you that this source  is an opinion concerning the fact that it said "" There was plenty of more room for Vang to go around."" That's pretty biased. Now to your false ""claim"" that bumper stickers saying Save a Deer, Shoot a Hmong and Vang's house burning down was not relevant to the case. Sure it's not relevant that Vang shot people and is a murderer but it is RELEVANT to the reaction section in the article. By your logic since those reactions aren't relevant to Vang shooting people or him being a murderer, the rest of the article is irrelevant as well. All except for Vang shooting 8 people killing 6, injuring 2 and is a convicted murderer. It seems that you have failed to refute my ""claims"" which unfortunately for you was all TRUE. Anything else you would like to avert and refute William? } what is your opinion on this dispute? Everything i have stated was true and WilliamThweatt has just failed to refute the truth that i have stated here.</CTX> <CTX>, I do not like to review previous edits as editors may have decided to abandon certain portions of their edits. However, I will assume you refer to the edits you made on the 6th/October at 13:27 and 13:51 (UTC)? If you edited while logged out as , I would ask that you clarify this below my comment so that the edits can also be reviewed if applicable.
Now, as for this edit on the 6th/October, the language syntax (grammar, spelling, formatting of sentences, etc.) is rather odd and poorly applied. Reviews of each change in the article: ('''''bold emphasis''' used on changes'')
First change: ""''The events after the confrontation are disputed.  A violent altercation broke out and four of the eight victims were shot in the back, and three of these four were hit by multiple rounds.''"" is changed to ""''The '''second confrontation events are open to speculation and was''' disputed. '''Opposite from the first,''' a violent altercation broke out and four of the eight victims were shot in the back, and three of these four were hit by multiple rounds.''"" This is a more confusing structure and poorly worded. I would highly recommend using a text-editor such as Microsoft Word, or similar applications, before saving your edits if you are unsure about the wording in any way.
Second change: ""''Hesebeck also admitted that he told law enforcement that Robert Crotteau had problems with trespassers in the past, specifically citing Hmong hunters, who often travel to Wisconsin from Minnesota to hunt. The term ""Mud Duck"" is often used in Western Wisconsin to refer to Minnesota residents, similar to ""Cheesehead"" being used to describe Wisconsin residents. Willers used this term to describe Chai Vang when he radioed back to the cabin. The term has no racial connotation, although the defense claimed it did. While it is unknown how Willers and the others knew that Vang was from Minnesota, the state is well known for having the largest population of Hmong in the United States.''"" is changed to ""''Hesebeck admitted that he told law enforcement that Robert Crotteau had problems with trespassers in the past, specifically citing Hmong hunters. '''{paragraph break} Days after the shooting, Hesebeck told investigators that Robert Crotteau had called Vang deragotary  names tagged with Hmong along with threats that he was going to administer Vang a beating. Hesebeck also told investigators that Robert Crotteau's son Joey stepped in Vang's way blocking Vang from leaving.'''''"" You have removed related and notable information (the line: ""''specifically citing Hmong hunters, '''who often travel to Wisconsin from Minnesota to hunt.'''''"") though the rest of the original paragraph is debatable for notability reasons. However, your ""new paragraph"" added unsourced (read: ""unverified"") information. Who said Heseback said these things? You should have provided sources for something controversial like this.
Third change: {added paragraph} ""''Peg Lautenschlager the prosecuting attorney found i</CTX> <TGT>I have reviewed your logged edits and find them baffling and poorly worded in some cases, and lacking sources in others. This is not an attack, this is my personal observation. Moving forward from here, I would suggest any changes you wish to make, should use the format of ""I want to change this sentence (currently xxxxx) to this version (proposed xx'''yyyyy'''). This is based on (reason) and source (cite source). Please discuss."" I would also ask that other users involved in this dispute do the same until things have calmed down again. This makes it so much easier to discuss changing content that is contentious, and results in far less edit-wars and reverted article changes. Cheers,</TGT>","Positive: 5  
Negative: 5  
No Reinforcement: 1"
1965,18865,1994,fora-1994-541,fora-1994-540,36915,0.0,True,0,False,[inaudible],fora,"{'Express affirmation': 0, 'Specific invitation': 0, 'Provide example': 0, 'Open invitation': 0, 'Make connections': 0, 'Express appreciation': 0, 'Follow up question': 0}",False,<CTX>Right.</CTX> <CTX>Those jerks.</CTX> <CTX>[inaudible]</CTX> <TGT>[inaudible]</TGT>,"Positive: 1  
Negative: 4  
No Reinforcement: 0"
1962,18021156,29_6860_Science_Refutes_God.xlsx,whow-29_6860_Science_Refutes_God.xlsx-169,whow-29_6860_Science_Refutes_God.xlsx-168,0dea484e632166706bc679fb3f5c4c9e,0.0,True,0,False,--science is wrong. But the fact that we changed our minds makes science-- gives science progress. Different from religion.,whow,"{'probing': False, 'confronting': False, 'instruction': False, 'interpretation': False, 'supplement': False, 'utility': False}",True,"<CTX>You're right. And that's because science limits itself to asking questions of very particular type, to asking how questions rather than why questions and asking questions about the reproducible behavior of the world and so on and so forth. So yes, of course, science is universal, and that's one of the most attractive things about it, and that's why I'm a scientist. But that doesn't mean it has a grip on everything.</CTX> <CTX>But it's more than universal. It changes. And I think, you know, Dinesh pointed out that--</CTX> <CTX>Lawrence</CTX> <TGT>--science is wrong. But the fact that we changed our minds makes science-- gives science progress. Different from religion.</TGT>","Positive: 4  
Negative: 2  
No Reinforcement: 3"
610,21149,2209,fora-2209-163,fora-2209-162,39929,0.0,True,0,False,52 years.,fora,"{'Express affirmation': 0, 'Specific invitation': 0, 'Provide example': 0, 'Open invitation': 0, 'Make connections': 0, 'Express appreciation': 0, 'Follow up question': 0}",False,"<CTX>[inaudible] Unity Village and he had it for 20 years.</CTX> <CTX>My name is [inaudible]. We live in [inaudible] Avenue. If you know, I've been here for about almost 39 years, and my wife has been in a house there about, what, 50 years?</CTX> <CTX>52 years.</CTX> <TGT>52 years.</TGT>","Positive: 1  
Negative: 1  
No Reinforcement: 3"
432,20712,2157,fora-2157-58,fora-2157-57,39037,1.0,True,0,False,"I've experienced similar things with my own kids, so yeah, I can really....",fora,"{'Express affirmation': 0, 'Specific invitation': 0, 'Provide example': 0, 'Open invitation': 0, 'Make connections': 0, 'Express appreciation': 0, 'Follow up question': 0}",False,"<CTX>Right, right.</CTX> <CTX>Yeah. It's a very different way of being in the world than anyone's ever been before.</CTX> <CTX>I have kind of little antidote to build on that, yesterday, I was at lunch with my family, my great nephew who just turned one kept taking all the phones and he would... The phones weren't on, but he'd hold the phone up to his face and giggle and tap the screen, so it's like, so used to having pictures taken with that phone he knew okay, but he was seeing his reflection, so yeah, we are all sitting there, he has nine adults who are goo-ing and ga-ing at him, but he picked up the phone and interacted with the phone, it was... But yeah, that was a little scary.</CTX> <TGT>I've experienced similar things with my own kids, so yeah, I can really....</TGT>","Positive: 3  
Negative: 1  
No Reinforcement: 2"
1491,18028014,57_14427_The_GOP_Must_Seize_The_Center_Or_Die.xlsx,whow-57_14427_The_GOP_Must_Seize_The_Center_Or_Die.xlsx-209,whow-57_14427_The_GOP_Must_Seize_The_Center_Or_Die.xlsx-208,ec4ca0fb306a24a8a821c3df7c9a1ae6,1.0,True,0,False,"--closing remarks. So-- can you tell us your name, please? Thanks.",whow,"{'probing': True, 'confronting': False, 'instruction': False, 'interpretation': False, 'supplement': True, 'utility': True}",False,"<CTX>Okay. All right.</CTX> <CTX>And you can save a little bit for your--</CTX> <CTX>Right.</CTX> <TGT>--closing remarks. So-- can you tell us your name, please? Thanks.</TGT>","Positive: 2  
Negative: 1  
No Reinforcement: 3"
218,17979680,ea63f63059daca8d277933dc8fd5bceb,6_554,6_540,CG,0.0,True,0,False,"""But I can see them wanting to make sure they have the right number by verifying with a relative or neighbor. ""
Potential for abuse. Here comes your neighbor knocking telling you he's getting calls looking for you. The same with family members makes holiday gatherings fun since it's clear it's a debt collector doing some location acquisition. ",ceri,,False,"<CTX>I can understand 1 call. But thats it! And they better not talk a out my debt. But I can see them wanting to make sure they have the right number by verifying with a relative or neighbor. Especially with that ridiculous FOTI thing they say on my voicemail.</CTX> <TGT>""But I can see them wanting to make sure they have the right number by verifying with a relative or neighbor. ""
Potential for abuse. Here comes your neighbor knocking telling you he's getting calls looking for you. The same with family members makes holiday gatherings fun since it's clear it's a debt collector doing some location acquisition. </TGT>","Positive: 2  
Negative: 4  
No Reinforcement: 3"
1930,17999829,UndocumentedImmigrants-100907,iq2-UndocumentedImmigrants-100907-187,iq2-UndocumentedImmigrants-100907-186,Daniel T. Griswold,0.0,True,0,False,Yes.,iq2,,True,"<CTX>Give me a rational law.</CTX> <CTX>A rational law recognizes the reality of the U.S. economy. We need these workers. We are better off with these workers. The reason half a million come a year - and not two and a half million but just half a million - is that’s about the demand of our economy. If we had a law that reflected our needs as an economy, our values as a nation, you would not have, uh, people coming across the border just to work. So…</CTX> <CTX>So in that case, the regulation would be… If, if, if, you know, Burger King here in, uh, you know, uh, Austin, Texas can guarantee you a job, you get a visa.</CTX> <TGT>Yes.</TGT>","Positive: 3  
Negative: 2  
No Reinforcement: 2

**Explanation:**"
1465,18018812,17_4134_Abolish_the_Death_Penalty.xlsx,whow-17_4134_Abolish_the_Death_Penalty.xlsx-73,whow-17_4134_Abolish_the_Death_Penalty.xlsx-72,05a42199bf7544bd9a0e592ea914644f,0.0,True,0,False,--because --because,whow,"{'probing': False, 'confronting': False, 'instruction': False, 'interpretation': False, 'supplement': False, 'utility': False}",True,<CTX>And the data is there? And the data is there?</CTX> <CTX>And the data is there. And the reason-- And the data is there. And the reason--</CTX> <CTX>Okay. Okay.</CTX> <TGT>--because --because</TGT>,"Positive: 2  
Negative: 3  
No Reinforcement: 2"
630,12631,2138,fora-2138-42,fora-2138-41,38618,1.0,True,0,False,Yeah. Does anyone else have anything to add before I move? All right. How do you want to contribute to your community and how does work or career fit into that? If it fits into that?,fora,"{'Express affirmation': 0, 'Specific invitation': 0, 'Provide example': 0, 'Open invitation': 1, 'Make connections': 0, 'Express appreciation': 0, 'Follow up question': 0}",False,"<CTX>In 10 years I hope to be either in college or graduated college. Probably have somebody who loves me and I want to stay close to my family 'cause I'm really close with them especially my mother. I want a job that I like and [inaudible].</CTX> <CTX>Awesome. Okay. Cassandra.</CTX> <CTX>Yeah. I definitely hope to be in college and be taking whichever classes for forensics and CSI and all that stuff. I don't think I'm going to stay in Maine because I was already looking at college, [inaudible] Pennsylvania and stuff. So yeah, just, I hope I'm happy.</CTX> <TGT>Yeah. Does anyone else have anything to add before I move? All right. How do you want to contribute to your community and how does work or career fit into that? If it fits into that?</TGT>","Positive: 3  
Negative: 1  
No Reinforcement: 2"
1381,18027558,55_13878_Obamas_Iran_Deal_Is_Good_For_America.xlsx,whow-55_13878_Obamas_Iran_Deal_Is_Good_For_America.xlsx-177,whow-55_13878_Obamas_Iran_Deal_Is_Good_For_America.xlsx-176,6fccf66eee737fe6de093e0d1ed1dba8,0.0,True,0,False,"John, we’ve strayed a long way from that-- but I cannot help to ask--",whow,"{'probing': False, 'confronting': False, 'instruction': False, 'interpretation': False, 'supplement': False, 'utility': False}",True,"<CTX>--Middle East is bad for the United States.</CTX> <CTX>Yeah, and Phil, so is proliferation in the Middle East bad for America. I mean, the Saudis have made it very clear that they want the deal that Iran is going to get. So, the Saudis are going to have a one-year breakout capability, as are the Emiratis. The Turks are going to want that. A deal that was designed to stop proliferation is enabling proliferation. A nuclear armed Middle East with nuclear threshold states to turn the screw from a nuclear weapon is bad for America. That’s why Obama’s deal is bad for America.</CTX> <CTX>So, I want to remind you that we’re in the question and answer section of this Intelligence Squared U.S. debate. I’m John Donvan, your moderator. We have four debaters, two teams of two, arguing it out over this motion: Obama’s Iran deal is good for America. Tom Pickering.</CTX> <TGT>John, we’ve strayed a long way from that-- but I cannot help to ask--</TGT>","Positive: 2  
Negative: 4  
No Reinforcement: 1

**Rationale"
1301,18029771,65_16500_Dont_Blame_Teachers_Unions_For_Our_Failing_Schools.xlsx,whow-65_16500_Dont_Blame_Teachers_Unions_For_Our_Failing_Schools.xlsx-136,whow-65_16500_Dont_Blame_Teachers_Unions_For_Our_Failing_Schools.xlsx-135,ec4ca0fb306a24a8a821c3df7c9a1ae6,1.0,True,0,False,Randi Weingarten.,whow,"{'probing': True, 'confronting': False, 'instruction': False, 'interpretation': False, 'supplement': False, 'utility': False}",False,"<CTX>In addition, you're talking about choice. It's very interesting. In the big cities, 40 percent of public school teachers send their own children to private schools which are not unionized. What does that tell you?</CTX> <CTX>Randi Weingarten.</CTX> <CTX>In the United States Congress about 35 percent of United States Congress sent their children to private schools also.</CTX> <TGT>Randi Weingarten.</TGT>","Positive: 3  
Negative: 1  
No Reinforcement: 2

**Explanation:**"
59,17979181,502f2318553b8a48619d081d4c0d5c3b,4_288,4_284,Moderator,1.0,True,0,False,"Thanks for your comment, bigdaddy. DOT has asked â€œWould it be valuable and feasible for DOT to require that airlines work with the disability community (by, for example, establishing a committee on website accessibility) to assist carriers in maintaining accessibility through periodic site monitoring and feedback?â€ in Section 3 of this post. Is this similar to what you are suggesting?",ceri,,False,"<CTX>Carriers should be required to encorporate disability teams ( from the community and their staff)to by annually asses the entire travel ribon for accessibility barriers. These reports should be sent to DOT to help deconstruct the multiple enforcement agency responsibilities. DOT should rely on the access board airport technical guidline sheet.</CTX> <TGT>Thanks for your comment, bigdaddy. DOT has asked â€œWould it be valuable and feasible for DOT to require that airlines work with the disability community (by, for example, establishing a committee on website accessibility) to assist carriers in maintaining accessibility through periodic site monitoring and feedback?â€ in Section 3 of this post. Is this similar to what you are suggesting?</TGT>","Positive: 4  
Negative: 1  
No Reinforcement: 2

**Rationale"
298,17980461,60054d81daa9533c128b9d88eabf1613,6_217,,RBell,0.0,True,0,False,"Allow the States and/or local courts administer lawsuits. Regardless of any added rules, documents, etc. none will help increase debtors attending hearings. Since 1964 I have seen no significant increase of consumers attending hearings. I have, however, seen the major reason being attributed to not understanding due process by consumers.",ceri,,False,"<TGT>Allow the States and/or local courts administer lawsuits. Regardless of any added rules, documents, etc. none will help increase debtors attending hearings. Since 1964 I have seen no significant increase of consumers attending hearings. I have, however, seen the major reason being attributed to not understanding due process by consumers.</TGT>","Positive: 2  
Negative: 3  
No Reinforcement: 2

**Explanation:**"
1710,44598,426385551.1069.1053,wikitactics-426385551.1069.1053-6,wikitactics-426385551.1069.1053-5,Mathieugp,0.0,True,0,True,"I think the reason for the bias is that the 300th anniversary of the ''Grande paix de Montréal'' was celebrated in Quebec in 2001. There were numerous events, several books were published, historians were interviewed, etc. The article (and the French one is more or less the same) presents the perspective our media underlined at the time.",wikitactics,,False,"<CTX>You are correct, the article is missing alot of information. Your caricaturization of bias is a little incorrect though. THe English are mentioned as more than traders, but as allies of the Iroquois, and the results impacted the French much more than the English, so its only fitting to discuss that more. I think its best to look at this article in the context of the Beaver Wars - another article needing work. Please feel free to improve them both. I disagree with the downgrading to start class, it is a weak C according the assessment scale. —  | </CTX> <CTX>Since I don't keep track of which projects use C and which don't, I tend to ignore it as an assessment.  Feel free to rate up those that use it.</CTX> <CTX>As far as the English as allies: the problem is that Iroquois politics isn't that simple.  While the Covenant Chain existed as a formal alliance, there were significant factions that were either neutral or pro-French within the league, and all of this is absent here.  I only came to this article because I've been working on Richard Coote, 1st Earl of Bellomont, the governor of MA/NH/NY 1698-1701, and was exposed to this in researching his role in frontier negotiations.  Agreed that the impact of this treaty was of greatest importance to the French and the Iroquois, but the English (in particular Bellomont) tried to stop the negotiations.  (One major reason for their failure in this was, as far as I've read, their inability to actually protect the Iroquois as promised in the Covenant Chain.)
Significantly improving the article would require more research into Iroquois politics than I'm presently prepared to do. ''''</CTX> <TGT>I think the reason for the bias is that the 300th anniversary of the ''Grande paix de Montréal'' was celebrated in Quebec in 2001. There were numerous events, several books were published, historians were interviewed, etc. The article (and the French one is more or less the same) presents the perspective our media underlined at the time.</TGT>","Positive: 3  
Negative: 4  
No Reinforcement: 2

**Rationale"
73,17979840,dfb03937422c4aff04343e3c58acf011,6_865,,Csramesh,0.0,True,0,False,"E mail is good alternative but majority of the time it will go to junk or spam mail and the purpose not served.
Regular mail with follow up on e mail be better",ceri,,False,"<TGT>E mail is good alternative but majority of the time it will go to junk or spam mail and the purpose not served.
Regular mail with follow up on e mail be better</TGT>","Positive: 2  
Negative: 3  
No Reinforcement: 2

**Explanation:**"
162,17978927,a836e43ccfd7618fecba48e13f5ffc95,3_127,,Moderator,1.0,True,0,False,"Under this proposed rule, FMCSA says that their investigators will only be able to use the electronic data to make sure drivers are following the hours of service rules.  Does this reassure you and other drivers that the investigators won't actually get a lot more information?  Why or why not?",ceri,,True,"<TGT>Under this proposed rule, FMCSA says that their investigators will only be able to use the electronic data to make sure drivers are following the hours of service rules.  Does this reassure you and other drivers that the investigators won't actually get a lot more information?  Why or why not?</TGT>","Positive: 3  
Negative: 2  
No Reinforcement: 4

**Explanation of"
1274,18035597,93_23312_America_Cannot_And_Will_Not_Succeed_In_AfghanistanPakistan.xlsx,whow-93_23312_America_Cannot_And_Will_Not_Succeed_In_AfghanistanPakistan.xlsx-112,whow-93_23312_America_Cannot_And_Will_Not_Succeed_In_AfghanistanPakistan.xlsx-111,ec4ca0fb306a24a8a821c3df7c9a1ae6,1.0,True,0,False,"Okay, thank you—",whow,"{'probing': False, 'confronting': False, 'instruction': False, 'interpretation': False, 'supplement': False, 'utility': True}",False,"<CTX>—topics and so forth.</CTX> <CTX>I’m going to go—Patrick, I’m going to go to some audience questions, now remember my rules about questions. I need them to have question marks at the end. We really want Will Not Succeed in Afghanistan and Pakistan” (10/6/09) them to be questions. And we would like them to be as close as possible to relevant to our topic tonight, ma’am?</CTX> <CTX>My name is Michele Steinberg, I’m from Washington, D.C., with EIR News Service. First to Mr. Nagl and Cole, I have a two-part question, one…at a recent counterinsurgency conference at the National Press Club and also at the Kerry Committee, I think it was Mr. Biddle, they were talking about figures of 400,000 or 600,000 troops to carry out this counterinsurgency. On closer examination it was, a large part of those would be Afghanistan soldiers. But that is enormous, and we need a comment for this audience about that, secondly, Mr. Coll, what you defined as success, I’m rather stunned about. To prevent a government of the Taliban in Afghanistan…and to prevent nuclear weapons from falling into the hands of Taliban or al-Qaeda or Mumbai terrorists in Pakistan being the definition of success, is so minimal… that there must be many paths to that other than four to six—400 to 600,000 troops.</CTX> <TGT>Okay, thank you—</TGT>","Positive: 3  
Negative: 2  
No Reinforcement: 2

**Explanation of"
1593,44205,698788348.6960.6960,wikitactics-698788348.6960.6960-16,wikitactics-698788348.6960.6960-15,Rusted AutoParts,0.0,True,1,True,"And finally, again, where's your evidence both those sites visited Wikipedia and got the date here? Answer a fucking question. Please.",wikitactics,,False,"<CTX>Also, if you're going to use NYDN as your reliable source, which article are you going to use? The one that says he died on Dec 22, or the one that says he died in ""early january""?</CTX> <CTX>Where's your evidence that I made that statement?</CTX> <CTX>Where's your evidence Legacy took it's information from NYDN?</CTX> <TGT>And finally, again, where's your evidence both those sites visited Wikipedia and got the date here? Answer a fucking question. Please.</TGT>","Positive: 2  
Negative: 4  
No Reinforcement: 3

**Rationale"
1433,18036629,99_24565_The_President_Has_Exceeded_His_Constitutional_Authority_by_Waging_War_Without_Congressional_Authorization.xlsx,whow-99_24565_The_President_Has_Exceeded_His_Constitutional_Authority_by_Waging_War_Without_Congressional_Authorization.xlsx-147,whow-99_24565_The_President_Has_Exceeded_His_Constitutional_Authority_by_Waging_War_Without_Congressional_Authorization.xlsx-146,0999ccb1a0868f886d8ed01cb3d1cf5f,0.0,True,0,False,"True. And I am quite happy to take it on that stand. If you find that the president has exceeded congressional authorization, that he needs a declaration of war-- that the congressional authorization was ill-considered, that he is going to them now because he thinks he doesn't have the authority-- a charge that was just made, which is not the way I read the president's statements-- he's been quite clear--",whow,"{'probing': False, 'confronting': False, 'instruction': False, 'interpretation': False, 'supplement': False, 'utility': False}",False,"<CTX>Philip Bobbitt.</CTX> <CTX>--you want to talk about Libya. I could understand why you want talk about the president. But this debate is not about Libya, and the president is not here debating with Professor Amar and I.</CTX> <CTX>Actually, this debate is about whether the president has exceeded his constitutional authority by waging war without Congressional authorization.</CTX> <TGT>True. And I am quite happy to take it on that stand. If you find that the president has exceeded congressional authorization, that he needs a declaration of war-- that the congressional authorization was ill-considered, that he is going to them now because he thinks he doesn't have the authority-- a charge that was just made, which is not the way I read the president's statements-- he's been quite clear--</TGT>","Positive: 3  
Negative: 2  
No Reinforcement: 2

**Rationale"
1612,45511,836525871.28791.28791,wikitactics-836525871.28791.28791-12,wikitactics-836525871.28791.28791-11,Wingwraith,1.0,True,0,True,"2) I concur with your recommendation to leave that part of the infobox out. Alternatively we can go with what  wrote here (which is to describe the result of the battle as ""Disputed"") but FTR I think that it's one of those rare cases where it's better to not mention the result so as to keep the wording as neutral as possible and just let the reader decide. Some of the sources describe the outcome of the battle specifically as a ""UN tactical victory"" or ""Chinese strategic victory"" but like you said they don't represent the consensus position on the issue. Either way calling it just a ""Chinese victory"" (or some form of that) is a complete misrepresentation of what happened during the battle.",wikitactics,,False,"<CTX>Thanks for your changes! And indeed your concerns. There's a frustration with Korean War history that North Korean and Chinese sources tend to be unreliable, and so the western historians tend to rely on the US Army's own research on the events. I think you've set it on a good path. —</CTX> <CTX>Most of my reasoning on how to described the victory condition has been described in the section Talk:Battle_of_Chosin_Reservoir#Chinese_Pyrrhic_victory. In summary, my thoughts are:
Is it a strategic victory for the Chinese? IMO it is not per citation 1, if the one of the main result of this battle is Chinese got defeated and chased out of South Korea after Jan 1951.
Is it a operational/tactical victory for the Chinese? IMO it is a bit half and half...to play devil's advocate, does it count as a win if your entire army turned into a ""field hospital"" for three months and the enemy only yield ground due to situations on the other side of Korean peninsula?
if it is not a clear cut strategic or tactical win for the Chinese side, then what is this victory should be called?
Although I do agree with one point with , I definitely think it is grossly inaccurate to describe this battle as some kind of ""UN victory"".</CTX> <CTX>1) You'll want to lay off the histrionics. Describing it as a ""shambolic retreat"" when the infobox says that ""40% of Chinese combat forces in Korea disabled until March 1951"" and calling for neutrality when you described the prior version of the article as a ""jingoistic American propaganda piece"" doesn't prove anything except the fact that you don't know what the hell you are even writing about.</CTX> <TGT>2) I concur with your recommendation to leave that part of the infobox out. Alternatively we can go with what  wrote here (which is to describe the result of the battle as ""Disputed"") but FTR I think that it's one of those rare cases where it's better to not mention the result so as to keep the wording as neutral as possible and just let the reader decide. Some of the sources describe the outcome of the battle specifically as a ""UN tactical victory"" or ""Chinese strategic victory"" but like you said they don't represent the consensus position on the issue. Either way calling it just a ""Chinese victory"" (or some form of that) is a complete misrepresentation of what happened during the battle.</TGT>","Positive: 3  
Negative: 4  
No Reinforcement: 2

**Rationale"
591,30500,2719,fora-2719-67,fora-2719-66,47823,1.0,True,0,False,"Yeah. All right. Turning to a new topic, can you create a picture for us of where you imagine your children might be when they grow up? Sometimes we say in 10 years, but if your children are very young, that doesn't apply.",fora,"{'Express affirmation': 0, 'Specific invitation': 0, 'Provide example': 0, 'Open invitation': 1, 'Make connections': 0, 'Express appreciation': 0, 'Follow up question': 0}",False,"<CTX>Yeah, again, I'll just echo and certainly know we'll just keep going with that. I think trying to engage the younger generation, I can say that too because I'm 44 and I see what's down there and a lot of good things are happening. Johnson Hall, they put a lot of time into it. Trying to revitalize that and bring it back is really going to be helpful. Trying to create things that will bring those young, younger generations too. It's a competition. Hallowell is always a competition with the younger generation just is, because they create these environments where those younger generations are apt to go. That's good, Bateau. The gentleman that was here earlier was talking about, I think he plays in the band or something, and then doing those things will attract kids. Like the Commons, making events there consistently and coordinating that, people have done that, continuing to do that and I think will maintain that. The younger generations, they don't do things they shouldn't be doing and try to keep that community. I think that'll be helpful. Because it's hard. We're competing with this every day, in my opinion. We're keeping without the phone and online. It's hard to do that. Somehow you have to spark that.</CTX> <CTX>I think we also compete with places like Portland or Boston. I was one of those people that I was like, ""I am not staying in Maine for college."" I am was really determined to get out out. I think it served me well to live elsewhere. But the value in that too is seeing that there's something to come back for. That's what I wanted to do. Sorry.</CTX> <CTX>No, please. I agree. Obviously, you're right. But yeah, I think Johnson Hall going to be huge. I'm so excited to see that theater be what it's meant to be. I do think it'll be a destination. I wonder about space and what's going to happen to the surrounding towns. West Gardiner already maxing out, which is wild to think about. We sold our house because our road is too busy and it's the road I grew up on, which is crazy. Moved to the other side, we're it's slower. But I wonder how the surrounding communities will be impacted by the draw that Gardiner now has. Because we get all the benefit of the services. The library is one of our favorite places to be as a family. There's just great things happening. I do wonder what that means for Pittston, Randolph and West [Surname] in those communities.</CTX> <TGT>Yeah. All right. Turning to a new topic, can you create a picture for us of where you imagine your children might be when they grow up? Sometimes we say in 10 years, but if your children are very young, that doesn't apply.</TGT>","Positive: 4  
Negative: 1  
No Reinforcement: 2"
316,17980025,ea63f63059daca8d277933dc8fd5bceb,6_1152,6_355,stopwithspoofedcallerID,0.0,True,0,False,"Reply to Dazed and Abused:

This is an awesome suggestion! Your suggestion ""I don't think they should be allowed to call ANY number for more than 3 months without successful contact with the debtor"" is spot on!  And I can't believe that no one else has ever suggested this before.  3 months (or whatever an appropriate time limit is) would reduce the constant harassment that I and many other innocent parties receive.  This morning I received an illegal phone call from a collector at 6:17 AM with a spoofed phone number for a person that I have never known and I have told these collectors this several times already.  They have the wrong number.  And I am tired of this.  The CFPB should absolutely implement a rule that forces unsuccessful contact to 3 months.",ceri,,False,"<CTX>Thanks for your suggestion, anonymousme.  Does anybody else have the same issue that anonymousme mentioned?  Does anybody agree or disagree with this suggestion and why?</CTX> <TGT>Reply to Dazed and Abused:

This is an awesome suggestion! Your suggestion ""I don't think they should be allowed to call ANY number for more than 3 months without successful contact with the debtor"" is spot on!  And I can't believe that no one else has ever suggested this before.  3 months (or whatever an appropriate time limit is) would reduce the constant harassment that I and many other innocent parties receive.  This morning I received an illegal phone call from a collector at 6:17 AM with a spoofed phone number for a person that I have never known and I have told these collectors this several times already.  They have the wrong number.  And I am tired of this.  The CFPB should absolutely implement a rule that forces unsuccessful contact to 3 months.</TGT>","Positive: 5  
Negative: 0  
No Reinforcement: 1"
45,17978664,abb2ed36f3a387867a522bd2501aee9d,2_885,2_436,SofieM,0.0,True,0,False,"Here is an incentive: if a customer is dissatisfied with flight notifications, they ought to take their business elsewhere. Wouldn't that be an appropriate message to airlines that don't notify their passengers?",ceri,,False,"<CTX>The notification isn't so much a problem at most airports.  The electronic boards are usually updated minute by minute.  The problem is that the airlines will say ""Flight 100, delayed till 7:00pm."" then ""Flight 100, delayed till 7:05pm"".  And so on and so forth.  They're notifying everyone...with completely useless information.  Forcing them to do so more frequently isn't going to fix a thing.  Forcing them to come up with an accurate estimate is what is needed.</CTX> <CTX>Thank you for your comment.  Do you have any suggestions for how to enforce/provide incentive for airlines to give accurate estimates?  Would you for example support certain penalties?</CTX> <TGT>Here is an incentive: if a customer is dissatisfied with flight notifications, they ought to take their business elsewhere. Wouldn't that be an appropriate message to airlines that don't notify their passengers?</TGT>","Positive: 3  
Negative: 2  
No Reinforcement: 2

**Rationale"
1719,45638,758131586.40771.40771,wikitactics-758131586.40771.40771-4,wikitactics-758131586.40771.40771-3,Danielkueh,1.0,True,0,True,"Perhaps a better term is ""multidisciplinary"" rather than ""interdisciplinary,"" as described by the following sources: [], [], [], [], []. My two cents.",wikitactics,,True,"<CTX>Leading issue</CTX> <CTX>The lead (lede) paragraph of the aricle ends with the unreferenced statement:
The term neurobiology is often used interchangeably with the term neuroscience, although the former refers specifically to the biology of the nervous system.
It rests on the prior statement that neuroscience collaborates, in a way that is inferred as somehow unique, with other fields within science and elsewhere.  The statement:
it is currently an interdisciplinary science
which does not fit well with the wiki entry for the adjective interdisciplinary it is linked to
Interdisciplinarity involves the combining of two or more academic disciplines into one activity (e.g., a research project). ''et seq''
While the silos of individual disciplines is often noted, it is hard to imagine a modern field of inquiry that holds itself apart from ""collaboration"".  Easier to accept would be a statement that neuroscience is pursued in certain establishments from the outset as a joint inquiry staffed by various disciplines that work co-operatively on projects.  If the claim is that it is an
interdiscipline or an interdisciplinary field, which is an organizational unit that crosses traditional boundaries between academic disciplines or schools of thought, as new needs and professions emerge.
then should be stated and references for the claim provided.  However the biggest issue for me in the last sentence of the lead paragraph is its inference of the omitted word ""only"".  Biology is a vast area of enquiry.  In its most elementary sense being simply the study of life.  Innate to it is the study of biological functioning, and within this its centrality to medical science.  Mollecular biology embraces chemistry and the origin of life concerns the physics of our inert planet.  Functioning in respect of neurological inquiry concerns itself with messaging processes, transmission and receipt mechanisms and their agents of operation - chemical and physical.  IMO the sentence should simply be deleted and the lead paragraph altered to set neuroscience out as a monicker for collaborative interdisciplinary projects, with neurobiology as its natural (as opposed to artificial) academic home.  At the very least a suitably august reference is required.</CTX> <CTX>Yes, that sentence has bothered me for a long time, as it borders on being WP:OR. I just made an edit that removed the sentence entirely, and relocated ""'''neurobiology'''"" to the lead sentence. Better, I think, to keep it simple.</CTX> <TGT>Perhaps a better term is ""multidisciplinary"" rather than ""interdisciplinary,"" as described by the following sources: [], [], [], [], []. My two cents.</TGT>","Positive: 3  
Negative: 4  
No Reinforcement: 2

**Rationale"
1831,42170,646242742.20.20,wikitactics-646242742.20.20-7,wikitactics-646242742.20.20-6,Tomica,0.0,True,1,True,"I meant a Wikipedia stalker, not a person/child/woman stalker. Wherever you from it's easy to understand the context [duh!]. As per the other part of the comment, I can express my opinion wherever I want, and I still think WP:REVENGE applies here. —",wikitactics,,False,"<CTX>Please don't bring personal issues into this. The nominator was advised by another editor to open this discussion after the AfD was closed rather quickly. No revenge playing into this, unless you'd like to assume bad faith. ''''''</CTX> <CTX>Excuse me? I assume bad faith? You are the one acting like his stalker going around his ""comments"" on other user pages how they shouldn't have closed/opened etc. discussions and supporting him. For anyone who wants to see that just let them check your ""Contributions"". —</CTX> <CTX>I'm not sure where you're from, but in the U.S. calling someone a ""stalker"" is a very serious accusation, and not a word you should be throwing around so lightly. You've now used it twice. Lucky for you, I have very few feelings and a little punk who has his panties in a bunch because his article might be merged won't bother me anytime soon. But I'd suggest you refrain from using that kind of word around anyone else before you come across somebody who will put in the effort to have you blocked for it. Back to the point, this is a discussion about merging two articles, not about how much you don't like the person who proposed the merge. WP:ANI is that way if you think the nominator is out for ""revenge"". ''''''</CTX> <TGT>I meant a Wikipedia stalker, not a person/child/woman stalker. Wherever you from it's easy to understand the context [duh!]. As per the other part of the comment, I can express my opinion wherever I want, and I still think WP:REVENGE applies here. —</TGT>","Positive: 1  
Negative: 4  
No Reinforcement: 2"
427,16210,1062,fora-1062-76,fora-1062-75,30853,1.0,True,0,False,"Bradley, can you answer that same question please? Thank you.",fora,"{'Express affirmation': 0, 'Specific invitation': 0, 'Provide example': 0, 'Open invitation': 0, 'Make connections': 0, 'Express appreciation': 0, 'Follow up question': 0}",False,"<CTX>Like I mentioned, we don't have in terms of other like the immigrants that I'm talking about, African or Nigerian communities, not much ethnic media specific to them. But one of the things that I have, I wanted to mention that Dr. Rogers mentioned is getting that information from a trusted source. One of the things that I've seen at some of these events to promote positive information, like sharing of positive information, is that the IDPH director, Ngozi [Surname] has been in some of these Nigerian and African community and cultural events, and talking about COVID and preventive measures and vaccine promoting that in that area. I think that, that having someone in a higher position coming to some of these events and on Zoom, or in different places, virtually mostly because nothing has happened in-person, I feel like has been positive, is in the positive direction and has been helpful.</CTX> <CTX>I'm going to read this real quickly because our time is gone. Given the conversation today, what one thing would you want the people running community and ethnic media outlets to hear? What would you like for let's say Ms. Clara, for the Austin newspaper, what would you like for them to hear? Because you said it needs to be more. If you had that opportunity to give it to them, what would you like to say?</CTX> <CTX>I would just like to say that we do have the Austin Voice papers in different places. I feel as though if we had those Austin Voice papers or any neighborhood papers, if we could have that to go through the mail system so that a lot of our people can understand that. Some cases that's helped out here. If you're able to reach out to someone and get the connection that you need, that would be a lot better for a lot of our families out here that needs the help and the support, the senior citizens that needs the help and the support. We would find these Austin papers in the libraries or the stores, but a lot of our elderly people do not get out to the stores and the library.</CTX> <TGT>Bradley, can you answer that same question please? Thank you.</TGT>","Positive: 4  
Negative: 1  
No Reinforcement: 2

**Rationale"
581,23158,666,fora-666-95,fora-666-94,28392,0.0,True,0,False,Awesome. Happy to have you here.,fora,"{'Express affirmation': 0, 'Specific invitation': 0, 'Provide example': 0, 'Open invitation': 0, 'Make connections': 0, 'Express appreciation': 0, 'Follow up question': 0}",False,"<CTX>Cool. Hey I'm-</CTX> <CTX>Hi Dorothy. I got to read some consent language for you to be able to participate in our conversation tonight. One sec, I call it up here. So this conversation is being recorded, transcribed and added to a growing collection of similar conversations. Will be making the recordings available to journalists, public officials, researchers, and other participants and partners in the project at Cortico's discretion with the goal of eventually making them accessible to the general public. As a participant in this conversation, you are providing consent to Cortico. The operator of the Local Voices Network to use the recording in accordance with its mission of fostering conversations in communities and in the media that improve our understanding of one another. This is a public conversation and portions of it may appear in a local newspaper or website or be broadcast on a local radio station or appear elsewhere, including other forms of media. So please share only what you're comfortable with being heard by the general public. If you understand and agree to this, please say I agree.</CTX> <CTX>I agree.</CTX> <TGT>Awesome. Happy to have you here.</TGT>","Positive: 4  
Negative: 1  
No Reinforcement: 3"
76,17979310,86a44fce6591699ca55bf45706183a01,5_128,,hotblazer,0.0,True,0,False,"Coupon books should only be for borrowers who request them, at their own peril I might add. If a small servicer wants to only provide coupon books, then they should at least OFFER online access as well so the borrower can track when payments were posted and if any fees are being tacked on. Personally I think coupn books are an outdated tool for the mortgage servicing industry. Why would anyone TRUST a servicer after all of this?!?! ",ceri,,True,"<TGT>Coupon books should only be for borrowers who request them, at their own peril I might add. If a small servicer wants to only provide coupon books, then they should at least OFFER online access as well so the borrower can track when payments were posted and if any fees are being tacked on. Personally I think coupn books are an outdated tool for the mortgage servicing industry. Why would anyone TRUST a servicer after all of this?!?! </TGT>","Positive: 2  
Negative: 4  
No Reinforcement: 3

**Rationale"
1916,17986219,031214%20Russia,iq2-031214%20Russia-230,iq2-031214%20Russia-229,Amb. Robert D. Blackwill,0.0,True,0,False,"And how we talk about them and the degree of arrogance we often-- we Americans demonstrate about them is quite separate than what we think of their policies. And so my own judgment is, for what it's worth, is that we should be talking about Russian policies and not be ad homonym critics of Vladimir Putin's personal bathroom habits.",iq2,,True,"<CTX>All right. Let's go to Robert Blackwill on that question.</CTX> <CTX>I think that's a terrific question. The Russian economy mismanaged, though it is, is the sixth largest economy in the world. If our opponents believe that's marginal, it must mean that they think that only the top five economies-- or maybe they think only the American economy matters.</CTX> <CTX>I want to say one other thing, as we-- as we proceed toward the finish line. I think that Americans in particular have a penchant to satirize and demonstrate contempt for foreign leaders. And we've seen that. We've taken them into the bathroom during our discussion here. It matters because these are homo sapiens too.</CTX> <TGT>And how we talk about them and the degree of arrogance we often-- we Americans demonstrate about them is quite separate than what we think of their policies. And so my own judgment is, for what it's worth, is that we should be talking about Russian policies and not be ad homonym critics of Vladimir Putin's personal bathroom habits.</TGT>","Positive: 4  
Negative: 2  
No Reinforcement: 3"
1414,18024357,41_10331_Liberals_Are_Stifling_Intellectual_Diversity_On_Campus.xlsx,whow-41_10331_Liberals_Are_Stifling_Intellectual_Diversity_On_Campus.xlsx-118,whow-41_10331_Liberals_Are_Stifling_Intellectual_Diversity_On_Campus.xlsx-117,47c86e9371e9c8bf6595403b4e970af0,0.0,True,0,False,I think it's pretty clear that Wendy Kaminer is not afraid of saying what she thinks because she said it in The Washington Post again.,whow,"{'probing': False, 'confronting': False, 'instruction': False, 'interpretation': False, 'supplement': False, 'utility': False}",False,"<CTX>Or are you also talking about a social milieu that it's peer pressure as well?</CTX> <CTX>Right. I think-- I mean, we haven't talked about a lot of cases where it actually doesn't have anything to do with the administrators. It has the-- the Kaminer, that was derived completely from students. In fact, the administrator that the president of Smith was there when it happened and-- and it really wasn't that much of an incident. It was something that came from students, and students who then started protesting and demanding, you know, that the president of Smith condemn this and all these other things. So, I think you see it with Bill Maher, same thing. You know, it was a student-led revolt against him for his comments about Islam. These were, again, from the left. But it all has the same effect of making people feel that they can't-- they cannot say how they think because they don't know what kind of retribution</CTX> <CTX>Angus Johnston.</CTX> <TGT>I think it's pretty clear that Wendy Kaminer is not afraid of saying what she thinks because she said it in The Washington Post again.</TGT>","Positive: 3  
Negative: 2  
No Reinforcement: 2

**Rationale"
780,18008223,111314%20Assisted%20Suicide,iq2-111314%20Assisted%20Suicide-322,iq2-111314%20Assisted%20Suicide-321,John Donvan,1.0,True,0,False,"Thank you, Ilora Finlay.",iq2,,True,"<CTX>Our motion is ""Legalize Assisted Suicide."" And here to summarize her position against this motion, Ilora Finlay, a palliative care physician and president of the British Medical Association.</CTX> <CTX>It's all too easy to be swayed by emotion and fear. But human beings are uniquely interconnected. If I accede to the request to provide lethal drugs, I actually give the message, ""Yeah, I think you're right. You'd be better off dead."" I don't give the message that you are of worth. I've been there myself. My own mum was in hospice dying, angry, terribly angry that I was opposing the assisted suicide that she wanted. She thought it was the answer. This fiercely independent lady dreaded dependence. It broke my heart, and I was torn apart by it. An argument about philosophy with a member of staff let her see that her mind still worked, and she still had something to offer.</CTX> <CTX>So, she battled with us, all of us, and then went home, to everyone's surprise. She didn't die. She lived four more years. And in those four years, she saw her two great grandsons born. And she said they were the richest years of her life. They were important to her. They were important to us all, everyone, in the family. I beg you, it's not like in the movie. Assisted suicide isn't straightforward and clean and quick. Some people awake. Six did in Oregon. Some people take a long time to die, up to 104 hours. That's not dignified. Don't vote for this dangerous, dangerous law that actually deprives people of the possibility of having their dignity and having doctors who have to work to improve their quality of life. This law allows them to throw the towel in.</CTX> <TGT>Thank you, Ilora Finlay.</TGT>","Positive: 4  
Negative: 2  
No Reinforcement: 3"
1919,18000647,college,iq2-college-252,iq2-college-251,Henry Bienen,0.0,True,0,False,"Different strokes for different folks. I think it's what you make of it. I think it can be sometimes very focused. It can be, as Vivek has said, people don't know what they want to do until they get there. You learn, how do I know what I want to be until I grow up. I don't have a handy dandy formula. I think it's a good question, but I don't think there's an answer to it that it should be this or that because people are so diverse. They come with different interests, different experiences, different backgrounds. And they grow presumably in those-- in those years in college. And many of them find themselves. They get sparked by different things. I don't know what's going to spark somebody's interest. I mentioned for Steve Jobs it was a calligraphy course he stepped into. For somebody, it may be reading Shakespeare. It may be looking at beautiful paintings. It may be listening to beautiful music.",iq2,,False,"<CTX>Hi. I'm exploration and a graduation of the University of Chicago. We've heard lots of reasons to go to college. Most of it has been about work and economics, a little bit about the need to meet diverse people, be exposed to things we might not see before.</CTX> <CTX>In the spirit of the debate, could you clarify what it is you think college is actually for? What's the end or purpose of college?</CTX> <CTX>What a great question. Thank you. Henry Bienen or Vivek, if you want to take that.</CTX> <TGT>Different strokes for different folks. I think it's what you make of it. I think it can be sometimes very focused. It can be, as Vivek has said, people don't know what they want to do until they get there. You learn, how do I know what I want to be until I grow up. I don't have a handy dandy formula. I think it's a good question, but I don't think there's an answer to it that it should be this or that because people are so diverse. They come with different interests, different experiences, different backgrounds. And they grow presumably in those-- in those years in college. And many of them find themselves. They get sparked by different things. I don't know what's going to spark somebody's interest. I mentioned for Steve Jobs it was a calligraphy course he stepped into. For somebody, it may be reading Shakespeare. It may be looking at beautiful paintings. It may be listening to beautiful music.</TGT>","Positive: 4  
Negative: 1  
No Reinforcement: 2"
1173,40620,chtqb1c,umod-chtqb1c-0,,user-umod-chtqb1c-0,0.0,True,0,False,"&>>First off, some people just don't deserve to live. who has the right or moral authority to decide who deserves to live and who dies? &>>If a man killed his entire family in the most brutal way imaginable, would it be better to let him live where he could kill again? then why not kill anybody who commits a crime, so that they don't have the chance to commit crime again? &>>Second off, IMO, it's more of a mercy to kill someone than force them into a box for 24/7 365 days a year. that's not for you to decide for other people &>>Third, the cost is huge. California has the highest prisoner population in the States, and uses a legal loophole to get out of executing people who really deserve to die. Because of this, California has almost gone bankrupt building and expanding prisons to accomodate the population. sounds like California is quite simply imprisoning too many people, less crimes should result in imprisonment. ",umod,"{'softlabel_mace': 0.1399645260722559, 'subjectivity': 3.125, 'aggressiveness': 1.875, 'constructiveness': 2.75, 'sentiment': 'neutral', 'relamountRole': 0.75, 'countModFunctions': 7, 'annot_similarity_pre': 0.367125, 'annot_similarity_post': 0.413375, 'none': 0, 'social': 0, 'improveQuality': 0, 'organizing': 0, 'content': 0, 'broadening': 1, 'policing': 0, 'siteIssues': 0, 'offTopic': 0, 'agreeYes': 3, 'agreeNo': 4, 'opinionNotClear': 1, 'numAnnotators': 8, 'seedmodel': 'expert', 'flagged': 0}",False,"<TGT>&>>First off, some people just don't deserve to live. who has the right or moral authority to decide who deserves to live and who dies? &>>If a man killed his entire family in the most brutal way imaginable, would it be better to let him live where he could kill again? then why not kill anybody who commits a crime, so that they don't have the chance to commit crime again? &>>Second off, IMO, it's more of a mercy to kill someone than force them into a box for 24/7 365 days a year. that's not for you to decide for other people &>>Third, the cost is huge. California has the highest prisoner population in the States, and uses a legal loophole to get out of executing people who really deserve to die. Because of this, California has almost gone bankrupt building and expanding prisons to accomodate the population. sounds like California is quite simply imprisoning too many people, less crimes should result in imprisonment. </TGT>","Positive: 1  
Negative: 5  
No Reinforcement: 2"
1319,18040464,_R _Kelly_Cleared.xlsx,whow-_R _Kelly_Cleared.xlsx-18,whow-_R _Kelly_Cleared.xlsx-17,7a1f0d1108ef263bc37f311643af6164,1.0,True,0,False,"Jay, was he channeling Bill Cosby? Now, what I mean by that is that he is someone who's known for a certain type of oratory, and this was a different, slightly different kind of oratory. What do you make of it?",whow,"{'probing': True, 'confronting': False, 'instruction': False, 'interpretation': True, 'supplement': False, 'utility': False}",False,"<CTX>Thank you.</CTX> <CTX>Alright. Yesterday was Fathers' Day, and Barack Obama took absentee black fathers to task Sunday during an address at Chicago's popular South Side Church. He said the government has to do more to help struggling American families, but he also said that fathers must do more to raise their children. Here's a Soundbite from his speech.</CTX> <CTX>If we're honest with ourselves, we'll admit that too many fathers are also missing. Too many fathers are MIA. Too many fathers are AWOL. Missing from too many lives, and too many homes. They've abandoned their responsibilities, they're acting like boys instead of men.</CTX> <TGT>Jay, was he channeling Bill Cosby? Now, what I mean by that is that he is someone who's known for a certain type of oratory, and this was a different, slightly different kind of oratory. What do you make of it?</TGT>","Positive: 3  
Negative: 2  
No Reinforcement: 2

**Rationale"
937,17999848,UndocumentedImmigrants-100907,iq2-UndocumentedImmigrants-100907-206,iq2-UndocumentedImmigrants-100907-205,Enrique Morones,0.0,True,0,False,"These, these are…",iq2,,False,"<CTX>Your view requires massive roundups. And I’d actually like to know, from Enrique and Karen, do they support…?</CTX> <CTX>We do.</CTX> <CTX>…another Bracero program? Because that’s what he is talking about.</CTX> <TGT>These, these are…</TGT>","Positive: 4  
Negative: 2  
No Reinforcement: 3  

**Explanation:**"
30,17978919,ffb2866b56986d9fffb5fd80a2aa723d,3_199,3_191,Moderator,1.0,True,0,False,"Could you elaborate on your view that EOBR requirements are overly costly and skewed toward the tech providers?  You should head over to the What will this cost? post and let others know what you think._x000D_
_x000D_
Also, you may interested in the DOT's proposed rule specifically dealing with HOS policies:_x000D_
http://www.regulations.gov/#%21documentDetail;D=FMCSA-2004-19608-4095",ceri,,True,"<CTX>Chronic HOS violations are almost always instigated from the corporate office and dispatch/operations personnel. Penalizing the repeat offenders is a good common-sense policy. However, requiring ALL carriers to install EOBR devices is costly and unnecessary. The cost/benefit statements are overstated, and obviously favor the sellers/administrators of the technology. The current system , with appropriate enforcement, works very well for the majority of carriers who believe in observing the law. Want a good idea that would generate revenue and enhance enforcement?  Wipe out the so-called ""OWNER OPERATOR"" , or ""LEASE OPERATOR"" who is a de-facto employee,and make the ""LESSEES"" pay their fair share of employment taxes, and insurances.  Re-regulate the brokers and freight forwarders. There are billions of dollars in potential tax revenues each year that are not being paid as a result of the aforementioned dodgers-most of whom do very little work and have very little risk in return for a handsome profit margin. A small portion of that money would go a long way towards corralling scofflaw carriers, with more attendant benefits for the country as a whole than the proposed EOBR rule. </CTX> <TGT>Could you elaborate on your view that EOBR requirements are overly costly and skewed toward the tech providers?  You should head over to the What will this cost? post and let others know what you think._x000D_
_x000D_
Also, you may interested in the DOT's proposed rule specifically dealing with HOS policies:_x000D_
http://www.regulations.gov/#%21documentDetail;D=FMCSA-2004-19608-4095</TGT>","Positive: 2  
Negative: 4  
No Reinforcement: 3

**Rationale"
1091,40065,copor8o,umod-copor8o-0,,user-umod-copor8o-0,0.0,True,0,False,Oh ok. So presuppose behavior based on prior interactions with a particular group until an individual of that group proves otherwise?,umod,"{'softlabel_mace': 0.0716521480861339, 'subjectivity': 4.142857142857143, 'aggressiveness': 2.142857142857143, 'constructiveness': 3.4285714285714284, 'sentiment': 'neutral', 'relamountRole': 0.7142857142857143, 'countModFunctions': 5, 'annot_similarity_pre': 0.4817143, 'annot_similarity_post': 0.5402857, 'none': 1, 'social': 0, 'improveQuality': 0, 'organizing': 0, 'content': 0, 'broadening': 0, 'policing': 0, 'siteIssues': 0, 'offTopic': 0, 'agreeYes': 3, 'agreeNo': 3, 'opinionNotClear': 1, 'numAnnotators': 7, 'seedmodel': 'GPT', 'flagged': 0}",False,<TGT>Oh ok. So presuppose behavior based on prior interactions with a particular group until an individual of that group proves otherwise?</TGT>,"Positive: 3  
Negative: 2  
No Reinforcement: 2

**Explanation:**"
1615,42091,643726758.97008.97008,wikitactics-643726758.97008.97008-24,wikitactics-643726758.97008.97008-23,Farsight001,0.0,True,1,True,Due is also clear that fringe ideas should not be included at all.  These people are clearly fringe.,wikitactics,,True,"<CTX>What you just said is incorrect. Google the term including the quotation marks, ""expert on Pope Joan"", with both quotation marks at the beginning and at the end, and you'll see that every and all results that exist in Google refer to Peter Stanford. The customization only regards the order of the results, not what results show up, in such a case when there is such a limited number of results. Anyway, your statement will only be helpful - I ask all users who come here to try googling the phrase including quotation marks and see which statement is true.</CTX> <CTX>I agree that the IP has caused an amount of disruption, and I appreciate that hackles have been raised as a result. But let's remember that he or she is a newbie. We do have to allow a certain amount of latitude, while at the same time getting the message across that edit-warring is unacceptable. We also have to ask ourselves, is there any merit in his or her case? Having read the article, and looked at some of the edits that were reverted, I believe it does have some merit. The question that is being answered in the article – and it is reflected in the title of this thread – is whether there is today a ''scholarly consensus'' in favour of her existence, but it is reasonable and right also to ask the question, are there people in the 21st century that give the idea credence? Thus, we have Peter Stanford, a reputable writer, Donna Cross, a novelist notable enough to be reported by ABC News, and the ''Daily Mail'', a well-known British tabloid, all saying they believe she existed, at least on some level. Stanford is included in the ""Modern analysis and critique"" section, Cross's opinion is not mentioned and she is relegated to the ""In fiction"" section, and the ''Mail'' is rejected out of hand. I think that both WP:NPOV and WP:DUE are consistent with including all three in the article, and I think there would be no harm in reflecting that in the lead. For instance, the last sentence might be re-written to say something like, ""Pope Joan is now widely accepted to be fictional. Nonetheless, the legend remains influential in art, literature, drama, and film, [Rustici, 2006] and a small number of 21st-century writers and journalists have expressed the belief that the legend is at least partially true.""</CTX> <CTX>But none of those people are actually reliable sources for the subject.  None of them are scholars of history.  We don't typically cite non-experts as sources for information on a subject.  And a tabloid?  Almost NEVER useful.
Also, regarding NPOV and DUE - I would point to those policies as evidence that these sources should NOT be included.  NPOV does not mean that we have no point of view, but that the article reflects the point of view of the RELEVANT experts.  These people listed here saying Joan was real are NOT relevant experts.  The idea is fringe, and as policy states, fringe ideas should NOT be included because they are fringe - even if a relevant scholar or two espouses them.</CTX> <TGT>Due is also clear that fringe ideas should not be included at all.  These people are clearly fringe.</TGT>","Positive: 2  
Negative: 4  
No Reinforcement: 3

**Rationale"
1229,18018638,17_4134_Abolish_the_Death_Penalty.xlsx,whow-17_4134_Abolish_the_Death_Penalty.xlsx-109,whow-17_4134_Abolish_the_Death_Penalty.xlsx-108,ec4ca0fb306a24a8a821c3df7c9a1ae6,1.0,True,0,False,Robert Blecker. Robert Blecker.,whow,"{'probing': True, 'confronting': False, 'instruction': False, 'interpretation': False, 'supplement': True, 'utility': False}",False,"<CTX>Hi. I'm D.C. If you-- this is for the against side. If you are sort of talk so strongly about justice and deterrents, would you then be willing for deterrents in justice to have other ways rather than the death penalty such as caning or cutting off the hand that, you know, may work as a deterrent and maybe bring some kind of justice. Hi. I'm D.C. If you-- this is for the against side. If you are sort of talk so strongly about justice and deterrents, would you then be willing for deterrents in justice to have other ways rather than the death penalty such as caning or cutting off the hand that, you know, may work as a deterrent and maybe bring some kind of justice.</CTX> <CTX>An eye for an eye. Thank you. So, that's-- that question is put to the side that's arguing against the motion-- I just want to be clear. That means they are arguing against abolition of the death penalty. Would you like to take the question Robert? An eye for an eye. Thank you. So, that's-- that question is put to the side that's arguing against the motion-- I just want to be clear. That means they are arguing against abolition of the death penalty. Would you like to take the question Robert?</CTX> <CTX>Sure. Sure.</CTX> <TGT>Robert Blecker. Robert Blecker.</TGT>","Positive: 3  
Negative: 2  
No Reinforcement: 2

**Explanation:"
974,18013653,china-transcript,iq2-china-transcript-73,iq2-china-transcript-72,Peter Schiff,0.0,True,0,False,"And I think what’s dragging the Chinese down is their currency peg. They’re loaning America all this money, so American can keep buying the products that Americans really can’t afford. And so, as a result, the Chinese are debasing their currency and they’re creating a lot of inflation, which is destabilizing their economy and, I think, undermining the standard of living of their own citizens, which would be rising even faster if the Chinese government simply let the RMB rise in value, let the dollar tank. If the Chinese government didn’t take so much of the Chinese production and just loan it to America so that it could be squandered on big government and consumption, but I think eventually--",iq2,,True,"<CTX>It is not pure capitalism and they’re not arguing that, but they’re saying that it’s more pure than the U.S. has had in the last 100 years. China’s amazing growth rate really seals the argument for them, but they also make the point that possibly an economy operating under the apparatus of what we call a democracy in this country has its downside. And they suggest that maybe a little planning is not such a bad thing. The team arguing against the motion, Ian Bremmer and Minxin Pei. They’re making the argument that what China’s doing, even if it could be called capitalism, is something that’s probably cruising for a crash, that when the government is the biggest player in the market, as they argue that it is, point out that it is, this tends to lead to corruption and to cronyism and ultimately to exposure of the lack of real innovation.</CTX> <CTX>They basically are also making something of a hare and hedgehog argument and pointing out that China is the hare and it’s in a good dash right now, but that the U.S. is the hedgehog, plodding along steadily and more reliably. So, I want to take a question from this side’s argument to that side, and that’s that argument that what we’re seeing from China, this enormous growth rate, your opponents have pointed out, number one, is the result of China coming off a much lower baseline. And when things get really volatile, things can really fall apart there. And they’re essentially saying that what’s happening in China over the long haul is a blip. Is it a blip? Peter Schiff.</CTX> <CTX>Well, first of all, there are a lot of countries that are starting on low baselines that are not having any kind of economic growth at all. So, the difference is you do have more capitalism now in China, and it’s that freedom, it’s that-- those market forces that are responsible for the growth, not that because they’re poor, because there were plenty of people that were poor and that didn’t grow at all. As far as whether the trajectory is sustainable, I think not only is it just sustainable, but I think it’s going to get better because the real country that’s headed for a crisis is America.</CTX> <TGT>And I think what’s dragging the Chinese down is their currency peg. They’re loaning America all this money, so American can keep buying the products that Americans really can’t afford. And so, as a result, the Chinese are debasing their currency and they’re creating a lot of inflation, which is destabilizing their economy and, I think, undermining the standard of living of their own citizens, which would be rising even faster if the Chinese government simply let the RMB rise in value, let the dollar tank. If the Chinese government didn’t take so much of the Chinese production and just loan it to America so that it could be squandered on big government and consumption, but I think eventually--</TGT>","Positive: 3  
Negative: 2  
No Reinforcement: 2

**Rationale"
1084,40234,chct6bq,umod-chct6bq-0,,user-umod-chct6bq-0,0.0,True,0,False,"I think black people have their rights protected. The state gives them the same rights as others. And don't give me examples. It won't change my view. I am aware that probably their education rates are lower and their poverty rates are higher, but it doesn't matter. That's probably affected by the discrimination that happened in the past or it's just their fault for not being successfully integrated into society. As I said I don't want to see statistic about poverty, education levels, criminal levels, how many of them are living in ghettos or what % of them are in the higher positons of the state hierarchy. I want facts about how are they actually discriminated. PS. Sorry for grammar",umod,"{'softlabel_mace': 0.3442519997741173, 'subjectivity': 3.333333333333333, 'aggressiveness': 1.7777777777777777, 'constructiveness': 3.333333333333333, 'sentiment': 'neutral', 'relamountRole': 0.7777777777777778, 'countModFunctions': 7, 'annot_similarity_pre': 0.47577778, 'annot_similarity_post': 0.3932222, 'none': 0, 'social': 0, 'improveQuality': 0, 'organizing': 0, 'content': 0, 'broadening': 0, 'policing': 1, 'siteIssues': 0, 'offTopic': 0, 'agreeYes': 7, 'agreeNo': 1, 'opinionNotClear': 1, 'numAnnotators': 9, 'seedmodel': 'GPT', 'flagged': 0}",False,"<TGT>I think black people have their rights protected. The state gives them the same rights as others. And don't give me examples. It won't change my view. I am aware that probably their education rates are lower and their poverty rates are higher, but it doesn't matter. That's probably affected by the discrimination that happened in the past or it's just their fault for not being successfully integrated into society. As I said I don't want to see statistic about poverty, education levels, criminal levels, how many of them are living in ghettos or what % of them are in the higher positons of the state hierarchy. I want facts about how are they actually discriminated. PS. Sorry for grammar</TGT>","Positive: 1  
Negative: 4  
No Reinforcement: 2

**Rationale"
514,22402,719,fora-719-59,fora-719-58,28744,1.0,True,0,False,"No question. Oh, go ahead.",fora,"{'Express affirmation': 0, 'Specific invitation': 0, 'Provide example': 0, 'Open invitation': 0, 'Make connections': 0, 'Express appreciation': 0, 'Follow up question': 0}",False,"<CTX>I've heard some really good educational pieces from you today Payne. Thank you so much. So those are all the questions that we've got. I know we got off to a little bit of a slow, so again, thank you everybody for your patience and persistence and hanging in there and joining us. Because this has been a great conversation. Mathias, do you have any other final words?</CTX> <CTX>No. Like you said Ruthanne, thank you again for everything. The only thing I will say, if you have any questions for LVN side of the thing or anything, next steps, feel free to ask them right now. Happy to provide that space.</CTX> <CTX>Go ahead.</CTX> <TGT>No question. Oh, go ahead.</TGT>","Positive: 4  
Negative: 1  
No Reinforcement: 2"
1550,44868,681881231.77266.77266,wikitactics-681881231.77266.77266-5,wikitactics-681881231.77266.77266-4,Prokaryotes,1.0,True,1,True,Removed!,wikitactics,,True,"<CTX>Hello, I am a late comer in this discussion but I am somewhat literate in the subject. My impression is that the section ""Origins of Earth system science"" now accurately reflects the origin of ESS by acknowledging its foundations in the Gaia hypothesis. Where I see a hornet's nest with fuel to last is the section entitled ""Relationship to Gaia theory"". The POV, assessments and editorials shown there are simply not needed in Wikipedia; the statement has already been made in the section ""Origins of Earth system science"" that the Gaia theory was used for its foundation. The Gaia concept also evolved with time to conform 100% with the scientific terminology, so comparing them in parallel is a pissing match —evidenced in the talk page— not likely to stop any time soon. I strongly suggest to delete that section -while being aware of the hard work it took to reference those arguments.  Cheers,</CTX> <CTX>Hi, BatteryIncluded - Well, I certainly wasn't the first person to put material about Gaia into the entry. Note that for a year or two the entry had a section called ""Inspiration in the Gaia Hypothesis"" or something like that. It was then removed by Toby Tyrrell, of all people, with a note calling it irrelevant! Note above Prokaryote's talk about my recent edits adding back in material about the relationship with Gaia theory, as being ""against consensus,"" which is pure rubbish. Indeed, it is because of folks like himself, who have rendered the obvious into something to be considered ""controversial,"" that the entry demands a longer section to substantiate the facts in this ""controversy."" Keep in mind that if you look above you will note that Prokaryotes himself wrote that I should find citations from ""academic textbooks"" verifying the origins of ESS in Gaia theory, the importance of Gaia to ESS, etc, if I was to include this material. That's exactly what I did in the section ""Relationship to Gaia theory,"" and now that I went through the work, and given that the material is obviously accurate and clearly pertinent, I have asked for protection of the article, and will keep asking for it if editors keep removing good work of another editor instead of adding their own material that expresses some ""other side"" of this ""controversy"", if they feel that there are some points missing that need to be in there.</CTX> <CTX>BI, I agree. I propose to save the citations to source material, but otherwise remove the section Relationship to Gaia theory.</CTX> <TGT>Removed!</TGT>","Positive: 3  
Negative: 4  
No Reinforcement: 2

**Rationale"
1567,44367,448492774.93471.93471,wikitactics-448492774.93471.93471-13,wikitactics-448492774.93471.93471-12,Cimmerian praetor,0.0,True,0,True,"There is actually larger proportion of people living in Silesia, who come from Poland and Slovakia/Upper Hungary, than from Moravia/Bohemia.",wikitactics,,True,"<CTX>Maybe you are right but a great part that ""Silesians"" still comes from Moravia and Bohemia due to the industrial revolution and the rapid growth of the cities there, not to mention that the major part of the current Czech Silesia is former Moravian territory. But I still respect the Czech Silesia I just said that it's not so important as Moravia, naturally as well as Moravia is now not so important part of the republic as Bohemia. And I think that you missing the point here, the crucial difference between Moravia and Silesia in the relation to the Czech Republic is that the entire Moravia is in CR but Silesia is mostly in Poland. What exactly are you trying to say, that I am a chauvinist or what? ) No offence, but if I am then I am obviously not the only one here, as you said: ""For Bohemians, Moravia is supposed to be in article about Moravia and should not be here, because it is simply far too east from Prague"". I agree and I take it as your confession. D</CTX> <CTX>Oh yes, it was, I know, and the Great Moravia once was the most powerful empire in the Central Europe, and what does it mean now?</CTX> <CTX>I don't know, you are the one who introduced this line of thought into the debate.</CTX> <TGT>There is actually larger proportion of people living in Silesia, who come from Poland and Slovakia/Upper Hungary, than from Moravia/Bohemia.</TGT>","Positive: 2  
Negative: 3  
No Reinforcement: 2

**Rationale"
1810,43393,603979295.5525.5525,wikitactics-603979295.5525.5525-8,wikitactics-603979295.5525.5525-7,Herbxue,0.0,True,1,True,"Yes, there is. Its fine to include as long as you clearly identify, in the body of the text, who is expressing that it is irrational pseudoscience. As it is written, it implies that WP editors have come to consensus that TCM is irrational pseudoscience. We have not, but even if we did it would be Original Research to express it in this way, thus a violation of guidelines. If the statement is changed to clearly assign ownership of that opinion / conclusion, then I have no problem with it. As it is, it is inappropriate.",wikitactics,,False,"<CTX>Best to avoid ranting and personal attacks: you're pulling quite a few of the tactics outlined in WP:FLAT. TCM is ''obviously'' based on pseudoscience (meridians, anybody?) and that fringeiness needs to be abundantly clear in the lede according to our policy.  ||</CTX> <CTX>The only thing that's obvious is that using pejorative labels is controversial, as seen in the lengthy dialogue about use of the term pseudoscience in previous talk page conversations (of which I was not the main person arguing against using the term). So, to say its obvious the article should conclude with a value judgement about an entire medical system is nonsense. This is an encyclopedia, not ""Consumer Reports"". Show, don't tell.</CTX> <CTX>Are you referring to the category discussion? Whether we use the pseudoscience ''category'' is a different question (on which I have no firm view). However, saying TCM is ""largely irrational pseudoscience"" (which the ''Nature'' piece says is ""obvious"") is fine - and not the least bit controversial, I'd have thought. Is there any serious dispute over the statement?  ||</CTX> <TGT>Yes, there is. Its fine to include as long as you clearly identify, in the body of the text, who is expressing that it is irrational pseudoscience. As it is written, it implies that WP editors have come to consensus that TCM is irrational pseudoscience. We have not, but even if we did it would be Original Research to express it in this way, thus a violation of guidelines. If the statement is changed to clearly assign ownership of that opinion / conclusion, then I have no problem with it. As it is, it is inappropriate.</TGT>","Positive: 2  
Negative: 4  
No Reinforcement: 1

**Explanation of"
1573,42718,711908494.101927.101927,wikitactics-711908494.101927.101927-15,wikitactics-711908494.101927.101927-14,Yagasi,0.0,True,1,True,It is a lost cause. You will not find even 3 righteous Wikipedians to break the consensus established by NPGuy and Neutrality.,wikitactics,,True,"<CTX>You are fully delusional and should be blocked for bad-faith editing.  You know that the policy does not support that edit and you have had it explained to you in clear terms.  Reverted.</CTX> <CTX>The patrol boat incident is irrelevant to criticism of the nuclear deal because although many sources (''The Telegraph'', ''Business Insider'', etc.) have written about it in conjunction with the deal, it has nothing to do with criticism, so it belongs elsewhere in the article. The ballistic missile test is relevant because sources have commented on whether it should have been covered under the deal, but and Israel's response to it is not (unless you can find a source that says Israel specifically mentioned the deal in relation to the test). I suggest you take a look at WP:SYN to help you determine what is relevant and what is not. And if you find someone, say, Shahi Hamid, opining that ""JCPOA is bad"", that does not belong in the article, because he is not notable, but if he writes ""Secretary of State Jane Doe says the JCPOA is bad"", then it belongs here because Jane Doe's opinion is notable in relation to foreign policy. Also, it is not helpful to insult editors (WP:CIVIL) or to divert the discussion topic (""That idiotic fake reality is binding on Obama's negotiating team"", etc.; this page is for discussing the article's content and sources, not for discussing whether the nuclear deal is good or bad; see WP:TALK#USE).</CTX> <CTX>I agree with NPguy and with Joshua, above, that you should be civil (and not to accuse others, like NPGuy, of ""bad faith"" editing). I would also caution you against re-adding this material (i.e., the long, meandering extract at the patrol-boat incident), because there is a firm consensus on this talk page (at least 3-1) against including it.:
The ''NY Post'' material is also problematic, and you've been informed of this. The ''Post'' is a lousy tabloid, and ought not to be used, particularly on complex and important subjects.</CTX> <TGT>It is a lost cause. You will not find even 3 righteous Wikipedians to break the consensus established by NPGuy and Neutrality.</TGT>","Positive: 1  
Negative: 5  
No Reinforcement: 1"
44,17980075,ecbde863c8e5e60636ce9262a8e15ded,6_1235,,emmacollector,0.0,True,0,False,"Honest, respectful and open communication between consumers and collectors should be the goal.  If there are too many roadblocks to making contact with a debtor, more consumers will find negative information on their credit reports and have more lawsuits filed against them.  Rule number 1 strikes the right balance.  If the consumer responds, the consumer will receive the mini-miranda disclosure and information about the debt.  If the named person is not at the number, is it really so awful to call the collector and let them know?  If calls contiue after that point from the same collector, then there should be penalties.  Professional collectors do not want to waste time calling a wrong number.  ",ceri,,True,"<TGT>Honest, respectful and open communication between consumers and collectors should be the goal.  If there are too many roadblocks to making contact with a debtor, more consumers will find negative information on their credit reports and have more lawsuits filed against them.  Rule number 1 strikes the right balance.  If the consumer responds, the consumer will receive the mini-miranda disclosure and information about the debt.  If the named person is not at the number, is it really so awful to call the collector and let them know?  If calls contiue after that point from the same collector, then there should be penalties.  Professional collectors do not want to waste time calling a wrong number.  </TGT>","Positive: 4  
Negative: 1  
No Reinforcement: 2

**Rationale"
1686,45451,348799607.58689.58689,wikitactics-348799607.58689.58689-5,wikitactics-348799607.58689.58689-4,Lucky to be me,1.0,True,0,True,"Of course. Firstly, Barry Cannon is a post-doctoral fellow at the school of law and government, Dublin City University, Ireland. His book ''Hugo Chávez and the Bolivarian Revolution: Populism and Democracy in a Globalised Age'' is published by Manchester University Press, an academic publishing company (hence the name). So, 1). The book is written by a professional academic. 2). It is published by an academic publishing house.
Secondly, you ask for academic reviews:
Amid often polemical and ideological discussion of the person and project of Hugo Chávez, Cannon's book offers a careful and broadranging examination of the context, causes and characteristics and consequences of Chavismo that provides a firm basis for a balanced assessment. Of particular significance is its excellent overview of Latin American populism and its clarification of the various dialogical hues it can adopt, thereby cutting through the dense fog that so often clouds discussion of this enduring political phenomenon. This book is a major contribution to the burgeoning literature on the ‘new left’ in Latin America.’  Professor Peadar Kirby, University of Limerick. (From back cover).''Cannon, Barry. ''Hugo Chávez and the Bolivarian Revolution: Populism and Democracy in a Globalised Age'' (Manchester and New York 2010)",wikitactics,,False,"<CTX>Cannon sourcing</CTX> <CTX>In addition to general credentials and scholarly reviews of his book, we will need to gain access to this journal article to determine if he is a neutral writer.</CTX> <CTX>Cannon is an academic at Dublin City University. The book is published by Manchester University Press.</CTX> <TGT>Of course. Firstly, Barry Cannon is a post-doctoral fellow at the school of law and government, Dublin City University, Ireland. His book ''Hugo Chávez and the Bolivarian Revolution: Populism and Democracy in a Globalised Age'' is published by Manchester University Press, an academic publishing company (hence the name). So, 1). The book is written by a professional academic. 2). It is published by an academic publishing house.
Secondly, you ask for academic reviews:
Amid often polemical and ideological discussion of the person and project of Hugo Chávez, Cannon's book offers a careful and broadranging examination of the context, causes and characteristics and consequences of Chavismo that provides a firm basis for a balanced assessment. Of particular significance is its excellent overview of Latin American populism and its clarification of the various dialogical hues it can adopt, thereby cutting through the dense fog that so often clouds discussion of this enduring political phenomenon. This book is a major contribution to the burgeoning literature on the ‘new left’ in Latin America.’  Professor Peadar Kirby, University of Limerick. (From back cover).''Cannon, Barry. ''Hugo Chávez and the Bolivarian Revolution: Populism and Democracy in a Globalised Age'' (Manchester and New York 2010)</TGT>","Positive: 4  
Negative: 1  
No Reinforcement: 2"
168,17980372,38530da917a43ce73a7a9f66748cc89f,6_1062,6_1058,stopwithspoofedcallerID,0.0,True,0,False,"I also don't think that they should be able to call on Sundays. I understand that weekends are probably a good time to call people, but I think that weekend calling should be restricted to less hours (like maybe noon - 5pm) and only on Saturdays.  No Sunday phone calls.",ceri,,False,"<TGT>I also don't think that they should be able to call on Sundays. I understand that weekends are probably a good time to call people, but I think that weekend calling should be restricted to less hours (like maybe noon - 5pm) and only on Saturdays.  No Sunday phone calls.</TGT>","Positive: 2  
Negative: 3  
No Reinforcement: 4"
303,17980833,967106da7ef321e7d1f1ac8319607297,7_296,7_292,broadthinking,0.0,True,0,False,"VA, United, Aetna, Kaiser, TriCare are supporting the platform - I would look to those folks for feedback on what marketing and outreach efforts have resulted in their members using the app.  Clearly interoperability is not an issue since all of those organizations run on different platforms. Then ask what data (inputs or extracts) have been problematic. I'm not close to the project, but it appears the adoption of BlueButton is taking off. If so, focusing ONC resources on increasing that adoption sounds like a good plan.  ",ceri,,False,"<CTX>I'm worried that we still haven't solved the larger question of standardization (EHR platforms, etc.). Still too many unresolved issues around MU. PGHD is key, but only if there is wide adoption of standards (think API) that allow developers to build apps that most EHR platforms can accept. Then, depending upon the need between patient and consumer, care plans could be as simple as deciding upon which data fields to pull from._x000D_
_x000D_
The Quantified Self movement is growing and it's important. I would be interested in seeing draft policy where we can see some guidelines about a) who owns the data and b) how it's shared.  Right now many QS apps do NOT provide the data back to consumers once the consumer no longer wants to subscribe to the app. Or they only allow certain pieces of data back to the consumer in a ASCI type of exchange (not helpful)._x000D_
_x000D_
I think Blue Button is a great place to start with this discussion in terms of looking at it as a possible framework for interoperability and ease of use.</CTX> <CTX>Thank you for your comment, broadthinking. Do you have any suggestions for what ONC can do to promote standardization? Can you elaborate on how Blue Button could enhance the discussion as a possible framework for interoperability and ease of use?</CTX> <TGT>VA, United, Aetna, Kaiser, TriCare are supporting the platform - I would look to those folks for feedback on what marketing and outreach efforts have resulted in their members using the app.  Clearly interoperability is not an issue since all of those organizations run on different platforms. Then ask what data (inputs or extracts) have been problematic. I'm not close to the project, but it appears the adoption of BlueButton is taking off. If so, focusing ONC resources on increasing that adoption sounds like a good plan.  </TGT>","Positive: 4  
Negative: 2  
No Reinforcement: 3

**Rationale"
990,17985228,afghanistan-lost-cause,iq2-afghanistan-lost-cause-175,iq2-afghanistan-lost-cause-174,John Donvan,1.0,True,0,False,Peter Bergen.,iq2,,False,"<CTX>Hi. I'm Dina Temple Raston with National Public Radio. And I wonder if you could discuss a little bit something that you touched on but really didn't dive into, and that is the nascent peace talks between the Taliban and the Karzai government. And for Matthew, for you, and for Peter Bergen, for you, could you please explain how these peace talks fit into your view of the motion, Afghanistan is a lost cause, and whether or not they are at all meaningful?</CTX> <CTX>Thank you. And that was a question.</CTX> <CTX>Okay.</CTX> <TGT>Peter Bergen.</TGT>","Positive: 3  
Negative: 1  
No Reinforcement: 2

**Rationale"
555,20437,914,fora-914-4,fora-914-3,30075,0.0,True,0,False,"And I am Jason [Surname] he, him, his. I like learning. I like to learn.",fora,"{'Express affirmation': 0, 'Specific invitation': 0, 'Provide example': 0, 'Open invitation': 0, 'Make connections': 0, 'Express appreciation': 0, 'Follow up question': 0}",True,"<CTX>Well, welcome to this special Martin Luther King Jr. holiday conversation hosted by Cortico's Local Voices Network and United Way of Dane County. Thanks for agreeing to participate in this conversation. I've begun recording at this time. And I'll just refresh everybody on kind of the guidelines that we went over as a large group, but we can discuss as a small group here. So first, speak for yourself and out of your own experiences. Allow others to speak for themselves. Share the time, allow others to finish speaking, take turns and challenge yourself to share if you're inclined to be more quiet. Stay curious, ask honest questions, pause, take time for reflection, listen generously, assume good intentions while recognizing that your words have an impact. Stay present, when possible close unnecessary programs, applications and notifications, and put your phone on silent. Is everybody on board with the guidelines that were just shared? Anything you'd like to add or change? Alright, seeing everyone, everyone sounds, sounds good. Continue on here. All right. So to begin we're just going to do a quick round of introductions. So if you could share your first name, please also share your gender pronouns, if you're comfortable doing so. In addition to your first name, please share a little bit of background information of who you are? And a value that is important to you. And how it relates to your life in the community? So I'll go first just to kind of provide an example. My name is Steve, pronouns are he, him, his. I really value being genuine. I think that especially in conversations like this you need to bring your genuine self in order to get anywhere and that's kind of how it relates to the community. So why don't we go around, we're going to do things in a circle as best we can here. So I'm seeing I'm going to put it the order in the chat. We'll go Victor, then Jason [Surname] I would love to know how to pronounce that. Jason [Surname], Jessie and then Diane. So in the chat is kind of the order that will ensue the conversation, but let's start with introductions.</CTX> <CTX>Hi, I'm Victor. My pronouns are he, him, his. I think a value that I really appreciate is listening. Just really taking that time to listen and I think this will be a great conversation to practice that.</CTX> <CTX>Okay. I'm Jason he, him, his and it's Huibreg not quite as scary as it looks. And I guess the value that I would say is just honesty.</CTX> <TGT>And I am Jason [Surname] he, him, his. I like learning. I like to learn.</TGT>","Positive: 4  
Negative: 1  
No Reinforcement: 2"
1924,17989084,China-051607,iq2-China-051607-111,iq2-China-051607-110,Panelist,0.0,True,0,False,You’re not allowed to answer that.,iq2,,True,"<CTX>Thank you very much. Uh, f-, a couple more questions, the lady up here, on the right hand side, middle of, down the, down here. And there’s a gentleman, uh, mauve shirt in the middle.</CTX> <CTX>Hi, my name is Jolie Hunt This is for James McGregor.</CTX> <CTX>Rosenkranz Foundation - Intelligence Squared U.S. - Beware the Dragon: A booming China spells trouble for America Speaking of commercial realities, I’m very surprised that censorship hasn’t come up, uh, especially as we’re against this motion. And it doesn’t seem like we’re, we’re comparing apples to apples here, it’s more like bullets to grenades. And if we have to act like responsible citizens, how can we not, uh, pay attention when China doesn’t. So, so the question comes to censorship and the notion that, uh, companies like Google and Yahoo, uh, have to, uh, make restrictions in news and information there and, and how can we compete with them in, in saying that America can take it? It seems to be rather naïve.</CTX> <TGT>You’re not allowed to answer that.</TGT>","Positive: 3  
Negative: 2  
No Reinforcement: 2

**Explanation of"
607,11829,2180,fora-2180-18,fora-2180-17,39531,1.0,True,0,False,Yeah.,fora,"{'Express affirmation': 0, 'Specific invitation': 0, 'Provide example': 0, 'Open invitation': 0, 'Make connections': 0, 'Express appreciation': 0, 'Follow up question': 0}",False,"<CTX>I think for me one of the... I'm fairly new to my community, just living there six years now, so I'm still getting to learn a lot about it. And when I think of my community, I have a town, but I actually tend to think my community like, Rita, it kind of revolves around our school. And we have a collaborative district in two towns, and so I tend to think of my community as that extended district as well. And I think for me, that's what I've been really impressed about is the collaboration between the towns around education, and now how we're actually strengthening a bond around early childhood education to include down to our childcare programs, and focus on that birth to five as well, and how that's bridged with our public schools. So I'm really happy to be part of that as well. But I think that's been a positive change in the last couple of years of understanding how our public school is that connector, and that's including our libraries as well and anyone who might affect young children in their programming and resources. So I'm hoping that is the change I continue to see evolve over the next decade, that when we think of education, we're thinking of it as these children coming in at birth, that families need these supports and resources all the way through their child's development.</CTX> <CTX>Yeah.</CTX> <CTX>I can jump in. My community is 30 miles from Portland, 30 miles from Augusta, and about 20 miles from Lewiston, Auburn, and a lot of people that live here work in Bath. So we have a community for which a lot of the folks don't have a sense for the community really because most of their work day is spent somewhere else. I think we have really great local elementary schools that have that sense of community, but when you get to the middle school and high school level, then it's a combined SAD with kids from four or five towns, and you lose some of that. It's a very large school board. There's a lot of process. There's a lot of division. It's not as nurturing and as focused because of the disparities between the communities, I think, as I'd like to see it.</CTX> <TGT>Yeah.</TGT>","Positive: 4  
Negative: 2  
No Reinforcement: 3"
1618,44294,707171483.21147.21147,wikitactics-707171483.21147.21147-4,wikitactics-707171483.21147.21147-3,Ianmacm,0.0,True,1,True,"A photo of somebody else's Carcano rifle has no relevance to the assassination of President Kennedy. Here is what the actual gun looks like. WP:PERTINENCE says ""Images should have significance and direct relevance to the topic, and not be primarily decorative. Finding good replacements is encouraged when removing poor or inappropriate images, but in some articles images may not be necessary."" This is clearly the case here, as Bushmaster XM15-E2S is wikilinked and shows what a Bushmaster looks like. None of the images in this article pretends to be the gun used in the Sandy Hook shooting, and the article should be careful about not giving this impression. I wasn't trying to say that you are a lazy journalist, but when a lazy journalist cannot find an image of something, they often go to the library and find and image of something similar. Wikipedia articles should not do this. Here is a photo of Lanza's Bushmaster, taken from the documents released by investigators. This is what the actual gun looked like; note the considerable amount of wear on the barrel. I'm not sure that this image needs to be in the article as it is non free.''''' '''''",wikitactics,,False,"<CTX>Photo of gun</CTX> <CTX>Re this edit:  is currently engaged in a spree of adding photos of guns lifted from Commons to articles about mass shootings. This isn't necessary or desirable. The guns are wikilinked, and the photos are not the actual guns used in the shooting. This gives a misleading impression. ""File photo"" is OK for lazy journalists, but Wikipedia articles should be made of sterner stuff.''''' '''''</CTX> <CTX>If the photos in the Commons aren't there, in part at least, to illustrate articles, what ARE they there for? Most editors don't have the time to search out and secure available photos. If you're moralizing (""lazy"") wasn't an uncalled-for personal attack, it would be amusing. The suggestion that the '''only''' suitable illustration for the type of weapon used is the actual murder weapon is ''reductio ad absurdum'': absurd by definition.</CTX> <TGT>A photo of somebody else's Carcano rifle has no relevance to the assassination of President Kennedy. Here is what the actual gun looks like. WP:PERTINENCE says ""Images should have significance and direct relevance to the topic, and not be primarily decorative. Finding good replacements is encouraged when removing poor or inappropriate images, but in some articles images may not be necessary."" This is clearly the case here, as Bushmaster XM15-E2S is wikilinked and shows what a Bushmaster looks like. None of the images in this article pretends to be the gun used in the Sandy Hook shooting, and the article should be careful about not giving this impression. I wasn't trying to say that you are a lazy journalist, but when a lazy journalist cannot find an image of something, they often go to the library and find and image of something similar. Wikipedia articles should not do this. Here is a photo of Lanza's Bushmaster, taken from the documents released by investigators. This is what the actual gun looked like; note the considerable amount of wear on the barrel. I'm not sure that this image needs to be in the article as it is non free.''''' '''''</TGT>","Positive: 2  
Negative: 4  
No Reinforcement: 3

**Explanation of"
757,17990094,sex-debate,iq2-sex-debate-230,iq2-sex-debate-229,Melissa Farley,0.0,True,0,False,"I think it’s wrong to pay for sex, there’s no mutuality of sexual pleasure or any other kind of power in prostitution, where one person has the social, legal, and economic power to buy another person, and to use them as a sexualized puppet. By the way one of the kinds of damages we haven’t talked about today, is the damage to women’s sexuality after being in prostitution for a long time. They usually are not capable of any kind of sexual intimacy, that reflects the years of selling that act in prostitution. They say, that’s stolen from them. Men who are sold in prostitution experience exactly the same kinds of damage to their sexuality, and the similar symptoms of traumatic stress. Maybe the primates we should take a lesson from, are the bonobos, who, when female bonobos are co-dominant, males are less aggressive and females are more sexual. There’s a lot of sexuality in bonobo society, everyone’s having sex. But it’s used for mutual pleasure, it’s used to cement social bonds. And by the way the first time a male—adolescent male gets sexually aggressive, the female elder bonobos get together and kick his ass. He— He learns from that one experience that that’s not what sex is. So, one other comment about legalization of prostitution, it really is a failed experiment, the same numbers of women in legal prostitution in Nevada want to escape it, the same numbers are homeless, as in other kinds of prostitution. The institution of prostitution is built on the exploitation and abuse of women, it can’t be fixed, only abolished. I’m relentlessly optimistic about men’s capacity for change. It’s wrong to buy sex.",iq2,,True,"<CTX>Thank you. Summarizing against the motion, Tyler Cowen, economics professor at George Mason University.</CTX> <CTX>Rather than repeat my major points, I’d like to focus on one small answer. The issue came up, what if a man is a quadriplegic, and wants to buy sex. The opposition still hasn’t answered this question, in my opinion, their responses were, to put it bluntly, lame. Women will come around, let’s teach women disability should not be a problem, that’s fine, no one will disagree with that. But what about, dot, dot, dot. There simply was no answer. The other side would’ve been much better simply saying look, that’s an exception to the principle, in that case it’s fine. But they cannot bring themselves to give that humane answer. I think when push comes to shove, there’s something about the notion of informed, consenting adults, which is what’s at stake here…making an exchange that they simply do not like. If you’re in any doubt, just consider different parts of the world, and where they would line up in this debate. The notion that there are real abuses, but that buying sex is something that we should tolerate, is extremely common in western Europe. The kinds of arguments you’re hearing on the other side. If you look at the debates over prostitution in the country of Iran, you hear exactly, and I mean exactly the same arguments in Iran, that you have heard from the people on the other side of this debate. If you look at what some aspects of what the religious right push for, the arguments they make, it is very similar to what you have heard on the other side of this debate. If you’re in any doubt, ask yourself, in which set of societies with which set of attitudes would you rather live. Western Europe, or the kinds of places and cultures, where the attitude toward prostitution is that which you find to my right. Think about that, and then please vote accordingly. Thank you.</CTX> <CTX>Thank you, Tyler Cowen. Summarizing her position for the motion, “It is wrong to pay for sex,” Melissa Farley, a psychologist and Prostitution Research and Education.</CTX> <TGT>I think it’s wrong to pay for sex, there’s no mutuality of sexual pleasure or any other kind of power in prostitution, where one person has the social, legal, and economic power to buy another person, and to use them as a sexualized puppet. By the way one of the kinds of damages we haven’t talked about today, is the damage to women’s sexuality after being in prostitution for a long time. They usually are not capable of any kind of sexual intimacy, that reflects the years of selling that act in prostitution. They say, that’s stolen from them. Men who are sold in prostitution experience exactly the same kinds of damage to their sexuality, and the similar symptoms of traumatic stress. Maybe the primates we should take a lesson from, are the bonobos, who, when female bonobos are co-dominant, males are less aggressive and females are more sexual. There’s a lot of sexuality in bonobo society, everyone’s having sex. But it’s used for mutual pleasure, it’s used to cement social bonds. And by the way the first time a male—adolescent male gets sexually aggressive, the female elder bonobos get together and kick his ass. He— He learns from that one experience that that’s not what sex is. So, one other comment about legalization of prostitution, it really is a failed experiment, the same numbers of women in legal prostitution in Nevada want to escape it, the same numbers are homeless, as in other kinds of prostitution. The institution of prostitution is built on the exploitation and abuse of women, it can’t be fixed, only abolished. I’m relentlessly optimistic about men’s capacity for change. It’s wrong to buy sex.</TGT>","Positive: 4  
Negative: 3  
No Reinforcement: 2"
438,10671,812,fora-812-42,fora-812-41,29402,0.0,True,0,False,Gentrification.,fora,"{'Express affirmation': 0, 'Specific invitation': 0, 'Provide example': 0, 'Open invitation': 0, 'Make connections': 0, 'Express appreciation': 0, 'Follow up question': 0}",True,"<CTX>You don't mind me sharing... Go ahead, Stephanie.</CTX> <CTX>No, go ahead.</CTX> <CTX>Having lived in Madison for 18 years. I just recently moved to Verona, but I grew up in the south side for the majority of my first couple of years here when we first moved to the United States. I'm originally from Holdaway. And definitely it's really interesting seeing the shift. Because I do know exactly where you guys started talking about in the area. And having grown up in Madison and primarily the south side is really interesting now seeing all these new buildings going up. And all these new developments, you got Madison College. What's it called? Definitely that building that's not into the south side of Madison, but getting in the borderline. And my concern is essentially, hopefully as these new developments come, they make it more accessible for the folks that are already there and drive them out. I think looking at... What's it called? Politics will sprawl and that sort of stuff. You'll see that a lot of those developments when they start building, they push people away.</CTX> <TGT>Gentrification.</TGT>","Positive: 3  
Negative: 2  
No Reinforcement: 2"
582,2661,659,fora-659-136,fora-659-135,28342,1.0,True,0,False,"Ursery, maybe. No. Well you know what? We're going to find out, that's no worries. Hold that thought. So, okay let's go to ...",fora,"{'Express affirmation': 0, 'Specific invitation': 0, 'Provide example': 0, 'Open invitation': 0, 'Make connections': 0, 'Express appreciation': 0, 'Follow up question': 0}",False,"<CTX>Servitude.</CTX> <CTX>Yep, they are also in the chat. And, ""Usery,"" I don't know how to say that word. Usery, usery.</CTX> <CTX>Ursery.</CTX> <TGT>Ursery, maybe. No. Well you know what? We're going to find out, that's no worries. Hold that thought. So, okay let's go to ...</TGT>","Positive: 2  
Negative: 3  
No Reinforcement: 2

**Explanation:**"
1518,18017632,11_2807_Aid_to_Africa_is_Doing_More_Harm_Than_Good.xlsx,whow-11_2807_Aid_to_Africa_is_Doing_More_Harm_Than_Good.xlsx-29,whow-11_2807_Aid_to_Africa_is_Doing_More_Harm_Than_Good.xlsx-28,7dadcd33cf45f78b42e0b60c7bd18c48,0.0,True,0,False,"My question is actually, to the other side, is saying, for thirty dollars per capita per year, compared to, and I just use the past few years as a reference point, one point three million people on “Aid to Africa is Doing More Harm Than Good” anti-retrovirals, twenty percentage point increase in primary enrollment, three hundred and sixty thousand children a year’s lives saved from measles, and all the other practical programs we’ve heard of, what would be success, what would be, we’ve already heard that’s good, not harm, what would be satisfactory for thirty bucks per capita, because I don’t know how much you can buy with that money.",whow,"{'probing': False, 'confronting': False, 'instruction': False, 'interpretation': False, 'supplement': False, 'utility': False}",True,"<CTX>Yeah, I’d like, I think, I hope I'm right that it was John, that you said this, that, that you’re here to debate the present, not the past of aid. And I worry, just as a historical reading, and would ask you at least to consider the possibility that the argument you're making is the argument that the justifiers of aid have made pretty much every ten years since basically the fifties, since “Aid to Africa is Doing More Harm Than Good” the, the era of de-colonization. And I, I mean, this is actually not a polemical question, I’d like to know why you think this time it’s not simply a, as George says, a question of interest, but that one can actually legitimately say that the present of aid is, is different from all experience past?</CTX> <CTX>It’s a great question, I'm glad you raised it, David. I think, uh, the point I was trying to make is that it’s probably not a good use of our time to talk about something that happened in 1975, when our premise, our question is, is aid doing more harm than good. So that’s my basic point. We can sit here and play armchair quarterback over 1980, 1984, any year, 1962, there’s all sorts of stories, and when we turn on the news every night we’ll hear about the latest car crash. I mean, that’s the way these story tellings work. The reason I wanted to focus on the numbers is because I think the numbers tell a very different story. Professor Ayittey asked the question, well, what do Africans want? Well, in my conversations, quite sincerely, with Africans in rural areas where, of course, you have to keep in mind just how poor rural Africa is, these are places where they're lucky to see fifty dollars of cash in a year in a family, they're living, you know, the imputed value of the economy is, uh, estimated as many two hundred dollars per capita, in the poorest countries, they want, when I talk to them, fertilizer, bed nets, clean water, functioning “Aid to Africa is Doing More Harm Than Good” clinics. They want very practical things. And actually, George Soros is supporting work to provide that, quite specifically. So, I think it’s important that we keep in mind what the amount of resources is that’s put into this. The US, or all time US foreign aid, because we’ve talked a little bit about the US, is about forty- eight billion dollars to Africa all time since 1961. If you take out the food aid, of course, which is paying American farmers and shipping companies. You know, that’s about two dollars and fifty cents per African per year, it’s a very small amount of money, and I don’t know what you expect to buy from that. And just for, for context, forty-eight billion is, of course, about half of what is spend in one year in Afghanistan and Iraq. Politics aside, to me that’s the comparison of a priority and not a priority in broad political terms. So, I’d be all too elated if we were sitting here talking about fertilizer, bed nets, anti-retrovirals, which programs worked, which ones didn't. I think we’re seeing that for thirty bucks per person, from all the rich countries all around the world, to Africa, we’re getting about what we pay for.</CTX> <CTX>And John McArthur, you get the next question.</CTX> <TGT>My question is actually, to the other side, is saying, for thirty dollars per capita per year, compared to, and I just use the past few years as a reference point, one point three million people on “Aid to Africa is Doing More Harm Than Good” anti-retrovirals, twenty percentage point increase in primary enrollment, three hundred and sixty thousand children a year’s lives saved from measles, and all the other practical programs we’ve heard of, what would be success, what would be, we’ve already heard that’s good, not harm, what would be satisfactory for thirty bucks per capita, because I don’t know how much you can buy with that money.</TGT>","Positive: 4  
Negative: 2  
No Reinforcement: 3"
527,20149,2182,fora-2182-5,fora-2182-4,39548,0.0,True,0,False,I agree.,fora,"{'Express affirmation': 0, 'Specific invitation': 0, 'Provide example': 0, 'Open invitation': 0, 'Make connections': 0, 'Express appreciation': 0, 'Follow up question': 0}",True,<CTX>I agree.</CTX> <CTX>I agree.</CTX> <CTX>I agree.</CTX> <TGT>I agree.</TGT>,"Positive: 1  
Negative: 1  
No Reinforcement: 1"
342,7524,665,fora-665-21,fora-665-20,28382,0.0,True,0,False,Yes.,fora,"{'Express affirmation': 0, 'Specific invitation': 0, 'Provide example': 0, 'Open invitation': 0, 'Make connections': 0, 'Express appreciation': 0, 'Follow up question': 0}",True,"<CTX>It's whatever name that... Is it the name that they register under or the name that they have on the screen?</CTX> <CTX>The name they have on the screen.</CTX> <CTX>Okay, got it. Thank you. Thanks for that question, Ann. Any other questions, Ann? You understand and agree?</CTX> <TGT>Yes.</TGT>","Positive: 2  
Negative: 1  
No Reinforcement: 3"
1736,44683,705165964.4706.4706,wikitactics-705165964.4706.4706-9,wikitactics-705165964.4706.4706-8,GliderMaven,0.0,True,0,True,"OK, then I will add crony capitalism.",wikitactics,,True,"<CTX>I am not saying that it cannot happen, but that doesn't mean that it should be included.</CTX> <CTX>Crony capitalism shouldn't be mentioned in an article on capitalism?</CTX> <CTX>The material that you added made no mention of capitalism, it was a general look at political corruption, not specific to one economic system.</CTX> <TGT>OK, then I will add crony capitalism.</TGT>","Positive: 3  
Negative: 2  
No Reinforcement: 2

**Explanation:**"
367,11668,2246,fora-2246-239,fora-2246-238,40456,0.0,True,0,False,"For summer camp, or some of the money can come here and that will help.",fora,"{'Express affirmation': 0, 'Specific invitation': 0, 'Provide example': 0, 'Open invitation': 0, 'Make connections': 0, 'Express appreciation': 0, 'Follow up question': 0}",False,"<CTX>Suggestions.</CTX> <CTX>Maybe we could give some of the money to this Campus Hill place, and reduce some of the cost for some of those kids. That would help.</CTX> <CTX>For summer camp.</CTX> <TGT>For summer camp, or some of the money can come here and that will help.</TGT>","Positive: 3  
Negative: 2  
No Reinforcement: 2

**Explanation:**"
185,17978266,abb2ed36f3a387867a522bd2501aee9d,2_178,2_141,Moderator,1.0,True,0,False,"Thanks for your thoughts Keiserrgx.

One question DOT asks is what method carriers should use for their updates. Since it seems you fly often, how would you like to receive information updates? Do you think all carriers should use a single method?

What do others think? Are Keiserrgx's problems faced by others?   ",ceri,,True,"<CTX>Hello and thank you for the opportunity to provide input on air travel procedures.  As someone that once logged 100+ flights per year for many years, I have experienced both the best and the worst of what air travel can provide.

I would like to offer some insights that hopefully will expand the scope of the regulation you are considering vis-Ã -vis airline-passenger communication.  From a passenger perspective, I believe there are actually three deficiencies that drive the current communication problem, and resulting shortcomings in the system:  (1) There is a major disconnect in information between gate agents and reservation agents; (2) There is no prompt communication between the airline and the passenger (as you correctly note here); and (3) There is no way to guarantee re-booking or re-routing, without penalty, without going to the airport.  As a result, even when there is a high likelihood that a flight will be canceled, passengers go to the airport, often at significant expense, then must wait in long lines, causing havoc inside the airport, and creating the inefficient system that we are all familiar with.  I believe these three together are the source of the problem and would like to illustrate this with a brief example:

This winter, I had a vacation booked to Colorado to ski.  On the day of travel there was heavy snow in New York City.  To me it was obvious that my flight would be canceled.  However, despite repeated calls to the airline, I was assured that the flight was showing to depart on-time (Problems 1 and 2).  However, knowing that if the flight did leave, even if that were 5 hours later, I would face a steep re-booking expense (change fee plus fare difference!), I went to the airport regardless (Problem 3).  Upon arrival at the airport, and after checking my skis curbside, my fears were of course confirmed, the flight had been canceled, and there were long lines at all of the agent counters and the gates.  I then waited in line for an hour, re-booked, waited another hour to collect my bag, and returned home.  The monetary expense for me was $150 in cab rides and tips, and 5 hours in time, and one day of lost skiing.  None of which was claimable/reimbursable.

So, I would like to suggest oversight/regulation of the following:  (1) Airlines should be required to invest in systems that streamline information so that information among their reservations agents is as current as it is at the gate; (2) In addition to notifying passengers about their flight promptly (30 minutes sounds reasonable), there should be earlier, and more frequent communication about overall â€œAirport Healthâ€ on the day of travel.  For example, just letting a passenger know about his/her flight in advance does not necessarily help at all.  If that communication comes less than 90 minutes before departure, it is outside of the window in which a passenger can react:  he/she is already on the way to the airport.  However, if an earlier communication were:  â</CTX> <TGT>Thanks for your thoughts Keiserrgx.

One question DOT asks is what method carriers should use for their updates. Since it seems you fly often, how would you like to receive information updates? Do you think all carriers should use a single method?

What do others think? Are Keiserrgx's problems faced by others?   </TGT>","Positive: 4  
Negative: 3  
No Reinforcement: 2

**Rationale"
1116,39952,c9pxofj,umod-c9pxofj-0,,user-umod-c9pxofj-0,0.0,True,0,False,"I have seen numerous posts lately along the lines of ""I don't like bacon, CMV"" or ""XYZ musical act is not good at music, CMV"". These posts are based on personal taste, and there is no logical argument that could make the poster change their taste. These posts seem to be more of a statement, rather than a call to change their view. The obvious rebuttal to this would be how do we define a removable post, since there would be some grey area.",umod,"{'softlabel_mace': 0.8459492534155773, 'subjectivity': 2.7777777777777777, 'aggressiveness': 1.0, 'constructiveness': 4.222222222222222, 'sentiment': 'neutral', 'relamountRole': 0.6666666666666666, 'countModFunctions': 9, 'annot_similarity_pre': 0.449, 'annot_similarity_post': 0.50388885, 'none': 0, 'social': 0, 'improveQuality': 0, 'organizing': 0, 'content': 0, 'broadening': 1, 'policing': 0, 'siteIssues': 0, 'offTopic': 1, 'agreeYes': 8, 'agreeNo': 0, 'opinionNotClear': 1, 'numAnnotators': 9, 'seedmodel': 'GPT', 'flagged': 0}",True,"<TGT>I have seen numerous posts lately along the lines of ""I don't like bacon, CMV"" or ""XYZ musical act is not good at music, CMV"". These posts are based on personal taste, and there is no logical argument that could make the poster change their taste. These posts seem to be more of a statement, rather than a call to change their view. The obvious rebuttal to this would be how do we define a removable post, since there would be some grey area.</TGT>","Positive: 3  
Negative: 2  
No Reinforcement: 2

**Explanation of"
1754,43653,56523791.3241.3241,wikitactics-56523791.3241.3241-13,wikitactics-56523791.3241.3241-12,Bobanny,0.0,True,0,True,"The point here seems to be relevance; that the point of agreement that a consensus could be arrived at here is that her racism in itself is not relevant and not the reason she deserves an encyclopedic entry. But nor should it be clouded over, which is what the Cashman quote does now. He claims to be making the point that her racism does not negate her positive accomplishments. It's used as a red herring in this context, but is nonetheless true, as is the reverse: her positive accomplishments should not negate her racism.
My suggestion is, and I'm willing to give it a shot, is to edit this so that it neither states ""Emily Murphy was a racist,"" nor, like it does now, defend her against charges of racism, that we shouldn't ""make fun of her"" because she is a racist or judge her as racist. That's the problem with this section for me, and what makes it non-encyclopedic and non-NPOV. If the debate over her racism is to be kept, it should be described rather than argued, as it is now. Frankly, I don't see the need to include the debate at all and that instead the article should stick to Murphy, not focus on us and our debates.  I can't do it right now, but I'll put it on my to do list, and will try and be as precise and descriptive as I can and stick close to the evidence (and not be offended if its gets reverted).",wikitactics,,False,"<CTX>BTW, it doesn't matter whether we hold the same point of view, but we (users) do need to agree on how we will address this in the article.</CTX> <CTX>None of the arguments here that Murphy was not a racist are in the least bit convincing. I'm not on expert on her, but have read the Black Candle and other bits about her and am somewhat familiar with the context in which she is writing. Certainly, definitions do very, and the fact that the label ""racist"" is perjorative may make it seem that the subject is being insulted rather than described in an encyclopedic sort of way, i.e., not in a NPOV. There is, however, enough of a consensus in the world we live in that racism is a fairly clearly-defined phenomenon, and her racism does not detract from her role in the first wave feminist movement: saying she subscribed to a racist worldview is not the same as saying she was a jerk. Maybe she was a jerk, maybe she wasn't, but that's not the issue here. Some of the arguments here sound like the validity of the concept itself is in dispute. The controversial notion here, in light of established Canadian history, is that Murphy was NOT racist. For this reason, I think those making that claim are required to produce the evidence to the contrary, and I believe that would constitute original research.
Some reasons why I don't find these arguments credible:
-one does not have to be a simplistic ""knee jerk"" racist to be a racist.  Racists have gone to great pains to develop sophisticated analyses. Murphy was addressing an educated audience, and was trying to present a sophisticated worldview, which happened to be racist. No one's saying her racism was vulgar.
-context has little to do with it unless someone's views are being distorted by not accounting for the context in which they lived. Just because it was normal for educated, middle class women in positions of influence to subscribe to the view that, for example, the white race was threatened, does not mean that they were not racist (what exactly was posing the danger to the white race if not other races?). The term is ""presentism"" when you import a modern notion back to an era when that notion did not exist, and consequently misrepresent that era. That is not the case here, because the concept ""race"" did exist and people like Murphy subscribed to it and propagated it. It was also normal for Chinese and other non-whites to complain about racial discrimination, and occasionally, engage in acts of resistance.
-There is no question that Emily Murphy believed a) that race was a natural, biologically determined category, and b)that racial categories existed in a hierarchy and ought to be treated as such, i.e., white people were superior to non-whites, etc. This understanding is no longer accepted as valid by credible authorities on the subject - and is racist.
These issues are important because Emily Murphy was influential in the legal establishment, and therefore had a role in laws that people were forced to live under. The early war on drugs absolutely was racist and racially targeted people for discrimation. White women being lured into the drug scene by scary</CTX> <CTX>Colonial society, as it existed in Western Canada at that time was indeed racist ''by today's standards.'' Why then would we call Murphy racist when we don't do the same for other public figures of that era from Alberta?  The answer is that unless we are a respected theorist, such as Edward Said or a researcher who has carefully analysed the question, we simply cannot make such an assertion here.  What I am saying is that we cannot state ''in an encyclopeda article'' that ""Murphy was a racist"" unless we have a citation from a reputable source who is basing his or her comment on analysis of proven facts rather than merely stating an opinion.  In short, we need a reliable source for any such statement.</CTX> <TGT>The point here seems to be relevance; that the point of agreement that a consensus could be arrived at here is that her racism in itself is not relevant and not the reason she deserves an encyclopedic entry. But nor should it be clouded over, which is what the Cashman quote does now. He claims to be making the point that her racism does not negate her positive accomplishments. It's used as a red herring in this context, but is nonetheless true, as is the reverse: her positive accomplishments should not negate her racism.
My suggestion is, and I'm willing to give it a shot, is to edit this so that it neither states ""Emily Murphy was a racist,"" nor, like it does now, defend her against charges of racism, that we shouldn't ""make fun of her"" because she is a racist or judge her as racist. That's the problem with this section for me, and what makes it non-encyclopedic and non-NPOV. If the debate over her racism is to be kept, it should be described rather than argued, as it is now. Frankly, I don't see the need to include the debate at all and that instead the article should stick to Murphy, not focus on us and our debates.  I can't do it right now, but I'll put it on my to do list, and will try and be as precise and descriptive as I can and stick close to the evidence (and not be offended if its gets reverted).</TGT>","Positive: 3  
Negative: 4  
No Reinforcement: 2

**Rationale"
1425,18027992,57_14427_The_GOP_Must_Seize_The_Center_Or_Die.xlsx,whow-57_14427_The_GOP_Must_Seize_The_Center_Or_Die.xlsx-19,whow-57_14427_The_GOP_Must_Seize_The_Center_Or_Die.xlsx-18,774ac5601920d0d2090829a480e3da83,0.0,True,0,False,Let me think about the--,whow,"{'probing': False, 'confronting': False, 'instruction': False, 'interpretation': False, 'supplement': False, 'utility': False}",True,"<CTX>I want to add to that. I mean, the argument that Mickey and David are making-- and that I would say it's not a substantive argument. I would say American greatness conservatism, which was at the crux of much of what David Brooks argued for during the Bush years, supporting a larger, more energetic federal government, supporting not only the war in Iraq, but the war in Afghanistan. It was an utter failure. It grew the deficit. It ended up losing the Republicans, their hard- fought gains in the Senate and the House of Representatives. And by the end of this moving to the center of the Bush administration, the Republicans had lost the House, the Senate and turned the White House over to the most liberal president ever to step foot in 1600 Pennsylvania Avenue. So the Republican Party moved to the center, David Brooks-- I like you very much-- and it got clobbered. And only when it moved away from the--</CTX> <CTX>All right. David Brooks.</CTX> <CTX>--center did it win in 2010.</CTX> <TGT>Let me think about the--</TGT>","Positive: 3  
Negative: 2  
No Reinforcement: 2

**Rationale"
300,17980353,f6d3edf15738793bb509cee6d914eb27,6_958,6_423,JClark53,0.0,True,0,False,"The burden of proof should be on the creditor. If you make the debtor responsible for following up with a request, it gives the creditor an opportunity to say they never received anything from the debtor...  If they had to send the documents to start with, there would not be any question.",ceri,,False,"<CTX>More information to the consumer with the initial notification would be more confusing and intimidating than it already is for them.  Simplifying the initial notification while including information about how to contact someone if you do not recognized this obligation is the way to go.  Then the CFPB can design and require everyone to send a separate Summary of Consumer Rights to a consumer.  It could also be available in the exact same form on the CFPB website and on informed professionals websites within the industry.

I would maintain the consumer's right to ask for a cease communication, but I would suggest that the CFPB would serve everyone better by including that the CFPB would suggest that the consumer may be better served by keeping this communication available except as a last resort.

This solution also bears the added advantage of making sure the public is aware of the assistance available through the CFPB.</CTX> <TGT>The burden of proof should be on the creditor. If you make the debtor responsible for following up with a request, it gives the creditor an opportunity to say they never received anything from the debtor...  If they had to send the documents to start with, there would not be any question.</TGT>","Positive: 3  
Negative: 4  
No Reinforcement: 2

**Rationale"
1903,18021799,31_7457_Let_Anyone_Take_A_Job_Anywhere.xlsx,whow-31_7457_Let_Anyone_Take_A_Job_Anywhere.xlsx-136,whow-31_7457_Let_Anyone_Take_A_Job_Anywhere.xlsx-135,e31f6f9827c187e8aebdb0839a0c963a,0.0,True,0,False,So I,whow,"{'probing': False, 'confronting': False, 'instruction': False, 'interpretation': False, 'supplement': False, 'utility': False}",False,<CTX>But we all agree on the minimum wage. Okay.</CTX> <CTX>nan</CTX> <CTX>I just want us to move to new ground.</CTX> <TGT>So I</TGT>,"Positive: 2  
Negative: 3  
No Reinforcement: 2"
832,17991763,tired-poor,iq2-tired-poor-98,iq2-tired-poor-97,Tamar Jacoby,0.0,True,0,False,"Growth, 11 billion.",iq2,,True,"<CTX>Okay.</CTX> <CTX>And let me just give you a couple numbers. So in the State of North Carolina, they measured over the '90s, what an immigrants-- what was the fiscal cost and what was the growth made possible in consumption and adding to businesses. Fiscal costs over 10 years, $61 million. Now, that's real money, that's those costs by Latinos coming to the States-- growth, growth, 11 billion--</CTX> <CTX>All right. Tamar, I-- we see where you're going with the growth</CTX> <TGT>Growth, 11 billion.</TGT>","Positive: 2  
Negative: 1  
No Reinforcement: 3"
543,32090,2759,fora-2759-95,fora-2759-94,48250,0.0,True,0,False,"I have been quoted in my classroom, ""I hope you guys swing the pendulum the other way because right now my generation is not doing well."" And working with the group that I do, particularly around elections and politics and we have civil conversations and debates in here. I've had the principal walk in before and go, ""What class is this?"" And I said, ""It's lunch and we're debating this today, and I'm the moderator."" And he's like, ""Okay."" But promoting and teaching them to have those, even though if you are 180 degrees different from the other person, then you can hear each other out even if you disagree wholeheartedly with each other, you can at least say, ""Okay, this is why I think this way, how you think this way,"" and be able to go out, so we don't have the unrest that we've had. Conversations that I've overheard from kids is they want to do things differently. I have students that are going to college that want to move on out of their households because they don't want to be their parents. They don't want to be their families. They want different, and they're willing to work to get there. So I think if they've got that drive in them and they succeed at it, that it will look different economically and culturally. I know we have a contingency here of young people that want to go into the trades. Maine is a trade state and we need them. And that's where they are best. Four walls is not for them. They need to be hands on and they need to be outdoors, or working somewhere there and that will boost our economy with a dedicated workforce out there.",fora,"{'Express affirmation': 0, 'Specific invitation': 0, 'Provide example': 0, 'Open invitation': 0, 'Make connections': 0, 'Express appreciation': 0, 'Follow up question': 0}",True,"<CTX>Yep. Okay. So in the first kind of set of questions, we were asking about your sense of a good life and the answer were clearly around family, community, a lot of you wanted to leave, you've come back, you grew up, presuming then that Gardiner is a pretty nice place for people to live out their lives. I've always used the phrase that teachers are like the artisans of humanity. So you're working now with these kids. You've seen the good, you've seen the bad. We've talked about some of their values. So this is about May, 2050, which is a kind of random number, but it's about the future. So the next question here is about community, about Maine, about the country. But how do you see students that you're educating now impacting the culture and/or the economy of your community or of Maine in the decades to come? As much as you can envision that. And knowing what you're seeing now, how do you think maybe the community might be looking a little bit differently from what you've known in the past based on what you're seeing in your classrooms now? Is that clear or should I repeat it one more time? Let me go through it. So considering how do you see your students impacting the culture of the economy of your community or Maine in the decades to come? And how might your community look different in the future once your students are adults? You optimistic, pessimistic? What do you think?</CTX> <CTX>I always try to go to the optimistic side.</CTX> <CTX>There we go. Let's go, let's go optimistic. Let's go for the Okay.</CTX> <TGT>I have been quoted in my classroom, ""I hope you guys swing the pendulum the other way because right now my generation is not doing well."" And working with the group that I do, particularly around elections and politics and we have civil conversations and debates in here. I've had the principal walk in before and go, ""What class is this?"" And I said, ""It's lunch and we're debating this today, and I'm the moderator."" And he's like, ""Okay."" But promoting and teaching them to have those, even though if you are 180 degrees different from the other person, then you can hear each other out even if you disagree wholeheartedly with each other, you can at least say, ""Okay, this is why I think this way, how you think this way,"" and be able to go out, so we don't have the unrest that we've had. Conversations that I've overheard from kids is they want to do things differently. I have students that are going to college that want to move on out of their households because they don't want to be their parents. They don't want to be their families. They want different, and they're willing to work to get there. So I think if they've got that drive in them and they succeed at it, that it will look different economically and culturally. I know we have a contingency here of young people that want to go into the trades. Maine is a trade state and we need them. And that's where they are best. Four walls is not for them. They need to be hands on and they need to be outdoors, or working somewhere there and that will boost our economy with a dedicated workforce out there.</TGT>","Positive: 4  
Negative: 2  
No Reinforcement: 3

**Rationale"
1600,42338,819794522.18674.18674,wikitactics-819794522.18674.18674-10,wikitactics-819794522.18674.18674-9,WoodChopper,0.0,True,1,True,"Other recent news articles that mention Toby Young and Emil Kirkegaard. ,",wikitactics,,False,"<CTX>I state the issue above. Another source. Incidentally, he ''was'' actively involved in the related conference in Toronto, which it would be best to concentrate on here, a few months after the University College London event, as well as the coverage of Young's ''Quadrant'' article. The UCL article does not yet have a passage on the the secret conference controversy.</CTX> <CTX>Since the information has been added to the lede again, I thought I'd mention that I think there should be a section on this within the article. It does seem odd to include this content in the lede and not the main text. This controversy is definitely notable enough for it to merit mention within the article text and ought not to be removed.</CTX> <CTX>There are three other sources about the racist Eugenics conference in London.  , and . All three of these articles point out that a pedo called Emil O. W. Kirkegaard who has neo-Nazi views had attended this conference.</CTX> <TGT>Other recent news articles that mention Toby Young and Emil Kirkegaard. ,</TGT>","Positive: 3  
Negative: 2  
No Reinforcement: 2

**Rationale"
350,185,1093,fora-1093-75,fora-1093-74,31067,0.0,True,0,False,"Yeah. I've never been to the Twin City, so I can't speak from experience. So I'll take her word for how diverse it is. But the shock of hearing her say that the police officer was like, ""You can either go that way, that way or in the car."" And I was like, are you serious? I don't know. It was just really frustrated me that, that police officer didn't even try to help her at all.",fora,"{'Express affirmation': 0, 'Specific invitation': 0, 'Provide example': 0, 'Open invitation': 0, 'Make connections': 0, 'Express appreciation': 0, 'Follow up question': 0}",True,"<CTX>Sharing the sound. Okay. Let me check. Unless I stopped sharing for a second. Okay. I don't know. Maybe it couldn't because I have Airpods. Yeah, let me try it one more time. Let me know if you guys can hear it.</CTX> <CTX>No.</CTX> <CTX>Okay. Maybe if I put the link in the chat, you could go and possibly listen to it. Would that work for you guys? And it's not very long. Just a couple seconds or a minute or so max. Are you guys able to play it? Okay. I'll give you a couple... I'll let you listen to it.(silence). And just let me know when you watched it. Oh, yours done. Sorry. Okay. So let's pause to collect reflections. Would anyone like to share what insights, reactions or memories came to mind from listening to that audio clip? And I forgot which way we started for the last rotation, but Maggie, would you like to go at all?</CTX> <TGT>Yeah. I've never been to the Twin City, so I can't speak from experience. So I'll take her word for how diverse it is. But the shock of hearing her say that the police officer was like, ""You can either go that way, that way or in the car."" And I was like, are you serious? I don't know. It was just really frustrated me that, that police officer didn't even try to help her at all.</TGT>","Positive: 4  
Negative: 3  
No Reinforcement: 2"
1932,17984914,Africa-Transcript-120407,iq2-Africa-Transcript-120407-22,iq2-Africa-Transcript-120407-21,Gayle Smith,0.0,True,0,False,"—let me finish, please let me finish— “Aid to Africa is Doing More Harm Than Good”",iq2,,False,"<CTX>So, Gayle Smith, maybe there is a seed of common ground. Maybe we each agree that the aid system that we have now is not the perfect aid system, that there are successes, that there are “Aid to Africa is Doing More Harm Than Good” failures, and there are things that perhaps all of you could agree on, to make things much better. Might that be the case?</CTX> <CTX>Well, I—I think aid systems can be, uh… improved, no question, I think that one of the problems though with this argument is that it suggests that none of that is happening. I think there are other successes out there, uh, John didn’t mention, uh, HIV—or did mention, excuse me, HIV and AIDS which I think is significant and the fact that, success in measles is later than it should’ve been, uh— I—I don’t think therefore writes it off as a success, but I think we’ve also got a problem with terms here and I think this is a bit too important, uh, to be slipshod with. For example, when you talk about $600 billion in aid, that conflates development aid and a lot of aid that was given for reasons having nothing to do with development, let’s not pretend for a minute that the aid the United States gave to Zaire during the Cold War was given for development. Everybody knows it wasn’t, so to hold it accountable for achieving development aims, I think is—</CTX> <CTX>And the U—US has no—</CTX> <TGT>—let me finish, please let me finish— “Aid to Africa is Doing More Harm Than Good”</TGT>","Positive: 3  
Negative: 4  
No Reinforcement: 2

**Explanation of"
1510,18028329,58_14787_Too_Many_Kids_Go_To_College.xlsx,whow-58_14787_Too_Many_Kids_Go_To_College.xlsx-69,whow-58_14787_Too_Many_Kids_Go_To_College.xlsx-68,ec4ca0fb306a24a8a821c3df7c9a1ae6,1.0,True,0,False,Charles Murray.,whow,"{'probing': False, 'confronting': True, 'instruction': False, 'interpretation': False, 'supplement': False, 'utility': False}",True,"<CTX>And Charles is also talking about a variety of forms of education, it sounds to me as though there’s common grounds on this or you’re just coming at it from different--</CTX> <CTX>Some common ground. I’m not so willing to consign the B.A. four-year to the dustbin of history, as Charles is. But I don’t think everything will or should stay the same. I don’t disagree with that. I don’t believe-- for example, take distance learning. I suspect we’re probably on the same page. I think you’re going to see more distance learning, even at the major four-year universities. It’s going to happen. People can take a statistics course online. I’m chairman of the board of a company called Ithaca Harbors where we’re doing research on how people learn online. Maybe they learn statistics online as well as being in a classroom. Maybe they can even do Econ 101 like that. I don’t know. We’ll see. I’m for experimenting. Our law school went from everybody in a three-year law school program to some people in a two-year program. I think the great universities will change. They should change. Not everybody has to be in a bricks-and- mortar place. Online, for-profits, can be solely online or 70 percent online courses. So we ought to think about this in a flexible way. I don’t disagree with Charles and Peter on that.</CTX> <CTX>I think we can close down the discussion.</CTX> <TGT>Charles Murray.</TGT>","Positive: 3  
Negative: 1  
No Reinforcement: 2"
978,17998336,ban-college-football,iq2-ban-college-football-498,iq2-ban-college-football-497,Buzz Bissinger,0.0,True,0,False,"No, you get a rich benefactor, and there are plenty out there who will pay for the program because frankly that's what's happening now. The next phase of college football will be Boone Pickens. Why is Oklahoma State so good? Because he's given $300 million to the football program. The University of Oregon, it came out of nowhere to be a football power. Why? Because of the hundreds of millions given by Phil Knight. If you want to have women's swimming, you have a benefactor pay for it.",iq2,,False,"<CTX>So the question is this, now, it is also true that Division 1 programs without football, no one makes money. Football programs pay for all the other sports. So once you ban football, how do you pay for women's swimming, how do you pay for every other sport there is because there is a correlation between athletics and academics.</CTX> <CTX>How do you pay for women's swimming? The way you pay for a lot of things.</CTX> <CTX>Taxes?</CTX> <TGT>No, you get a rich benefactor, and there are plenty out there who will pay for the program because frankly that's what's happening now. The next phase of college football will be Boone Pickens. Why is Oklahoma State so good? Because he's given $300 million to the football program. The University of Oregon, it came out of nowhere to be a football power. Why? Because of the hundreds of millions given by Phil Knight. If you want to have women's swimming, you have a benefactor pay for it.</TGT>","Positive: 3  
Negative: 4  
No Reinforcement: 2

**Rationale"
175,17978228,8c240d8c621438a9d86a4e38d69ff324,2_653,2_234,midimagic,0.0,True,0,False,"I have the same kind of allergy trouble, but with chewing gum, new latex rubber products, new tires, pencil erasers, and burning rubber. I am not allergic to peanuts.",ceri,,False,"<CTX>As a frequent traveler and the mom of a 23 year old with multiple food allergies, I understand how complicated this type of rule making can be.  The ""rights"" of the peanut allergy sufferer are in direct conflict with the ""rights"" of the passengers that want to eat peanuts.  For many years we avoided the conflict by traveling throughout the U.S. via motorhome.  This is not a reasonalbe option for everyone since it can be very time consuming vs. flying. 
Now that my son is older and interested in traveling to Europe, we can't reasonably get there via motorhome.  We choose our airlines carefully, carry multiple Epi-pens, pack his food from home, and I pray.
It's a very scary propostion being 35,000 feet in the air over the open ocean, knowing that each Epi-pen is effective for approximately 10-15 minutes.  My son tries to sleep most of the flight and fortunately has a much larger bladder than I do.  He gets a window seat and one of us acts as his buffer to the food cart.
This is a scary and risky proposition with a 23 year old who can quickly determine his own symptoms. It would be even scarier with a young child.
The problem with peanuts and tree nuts is that they are dry and flaky so can readily become airborne.  Their oils are sticky and stubborn so can endure through a vigorous scrub with soap and water.
My son is also allergic to milk and eggs. Nobody talks about banning them because they don't have the above mentioned properties of peanuts and tree nuts.
Traveling the world is an envigorating and enlightening experience that many would argue is as important as the structured education that we experience from 12-16+ years. Many people have to travel for work and others are required to relocate to keep their employment.
Back to the question of your rights or mine.  I prefer to live in an educated, enlightened, fulfilled, and respectful society. 
If my donut is going to set off your diabetes, I will gladly forgo the donut for six to twelve to twenty four hours.  I can live without it.
Everyone can live without peanuts and tree nuts.  So let's be reasonable and let all safely travel.  Ban the nuts and see how many more families get onboard.  Airline revenues will probably go up and that's a good thing.
BTW, I've been in 6 countries in the last 6 months, so I consider myself a frequent flyer.
Check www.FoodAllergiesToGo.com for my more airline specific opinions regarding food allergies and food allergy friendly restaurants in many corners of the world.  You have to eat once you get there!
Ann@FoodAllergiesToGo.com</CTX> <TGT>I have the same kind of allergy trouble, but with chewing gum, new latex rubber products, new tires, pencil erasers, and burning rubber. I am not allergic to peanuts.</TGT>","Positive: 4  
Negative: 2  
No Reinforcement: 3

**Rationale"
482,14143,721,fora-721-52,fora-721-51,28759,0.0,True,0,False,Yeah. Agree.,fora,"{'Express affirmation': 0, 'Specific invitation': 0, 'Provide example': 0, 'Open invitation': 0, 'Make connections': 0, 'Express appreciation': 0, 'Follow up question': 0}",True,"<CTX>Rachel?</CTX> <CTX>I can't really point to one particular organization or one particular cause that I've aligned myself to or have made a difference. I mean, I really try to make a difference every day. I don't sign up for things that I don't believe in. I'm sort of past saying ""yes"" to everything at this point in my life. I say ""no"" a lot. I am more selective about what I participate in, so that when I do sign up for something I can really give 100%. And I think when I was younger, maybe right out of college, I wanted to do and be everything. And I've learned, as I've moved into my 30s, that I would rather be good at a few things than average at a bunch. So for me, I'm a feminist, I make that known in the workplace, that I believe in equality, that I believe in having a strong sense of self, and when I declare that, my actions have to match what I say. And so, I make sure that when I'm in meetings in that when I'm agreeing or disagreeing policy, when it comes to corporate policy, or who I vote for, I mean, every aspect of my life is sort of driven by the north star of female equality and empowerment.</CTX> <CTX>Thank you, Rachel. I think those are all important things that we're doing, and this is an important time in our lives. And it sounds to me like we're all engaged, which is a good thing.</CTX> <TGT>Yeah. Agree.</TGT>","Positive: 4  
Negative: 1  
No Reinforcement: 2"
1412,18038909,_Hillary_Rallies_Faithful_For_Barack.xlsx,whow-_Hillary_Rallies_Faithful_For_Barack.xlsx-45,whow-_Hillary_Rallies_Faithful_For_Barack.xlsx-44,b3382d48f3e18e45b69652436c730132,0.0,True,0,False,"I got to say, out of everyone that's coming up, you probably expect the big show from Barack. I think Bill Clinton tonight is probably going to be the one that tries to take the show. He knows his reputation is at stake. He feels that it's been damaged somewhat by the Obama campaign. And I think you can expect him to come out and talk about how great he was for eight years, and how - that he was in office and all of a sudden, you know, we've got President Bush. And I expect him to just go down the line and rip on President Bush. That is something that Barack Obama has not learned how to do. That is why he put Joe Biden on the ticket. That's why they're both speaking on the same night.",whow,"{'probing': False, 'confronting': False, 'instruction': False, 'interpretation': False, 'supplement': False, 'utility': False}",False,"<CTX>If you're just tuning in, let me just tell the audience who we are, what we're doing, and I'll get right back to you. This is NPR's News & Notes. I'm Tony Cox sitting in for Farai, who is at the convention. With me on today's Bloggers Roundtable are Faye Anderson, who blogs at Anderson at Large, and for NPR's election blog Sunday Soapbox, Baratunde Thurston, whom you've just heard, a blogger for the Huffington Post. He also writes for Jack and Jill Politics under the pseudonym Jack Turner. And Princella Smith joined us late but joined us nonetheless, blogs at American Solutions and is a guest blogger for our News and Views blog.</CTX> <CTX>Princella, I want to direct this part to you because you are Republican and a blogger, and you were - actually, you are going to be at both conventions. Of the speeches that you have heard so far at the Democratic Convention, and anticipating the speeches of Bill Clinton and Barack Obama on Thursday night, which if any gives the Republicans pause or concern?</CTX> <CTX>Well, I'll tell you, I haven't really heard any great speeches at the DNC, and I'm not just hating on them. I think you've got to give it to Senator Clinton if you're looking at giving a grade. I think Senator Clinton got the best one, and obviously having had the experience of spoken enough times on the national stage, she had it. I was talking to my father this morning and I said, look, that address was inaugural almost. It sounded as if she was getting an inaugural - getting inducted, as if she had already won, and that was the speech that she was trying to give to attempt at unifying America.</CTX> <TGT>I got to say, out of everyone that's coming up, you probably expect the big show from Barack. I think Bill Clinton tonight is probably going to be the one that tries to take the show. He knows his reputation is at stake. He feels that it's been damaged somewhat by the Obama campaign. And I think you can expect him to come out and talk about how great he was for eight years, and how - that he was in office and all of a sudden, you know, we've got President Bush. And I expect him to just go down the line and rip on President Bush. That is something that Barack Obama has not learned how to do. That is why he put Joe Biden on the ticket. That's why they're both speaking on the same night.</TGT>","Positive: 3  
Negative: 2  
No Reinforcement: 2"
1610,45133,505376637.108690.108690,wikitactics-505376637.108690.108690-8,wikitactics-505376637.108690.108690-7,Naturalistic,1.0,True,1,True,"Okay, I agree to removing the symbols and hope that you agree to removing your panegyric of Spinoza. I would suggest a lineup of famous pantheist faces instead: Marcus Aurelius, Girodano Bruno, Spinoza, Wordsworth, Whitman, Emerson, DH Lawrence, Frank Lloyd Wright, Einstein, Margaret Atwood.
See Determinism entry for agendas.",wikitactics,,False,"<CTX>By attacking the WPM in the way you do, you blatantly reveal your own biassed agenda.</CTX> <CTX>Certain groups of Hinduism, Taoism, Wicca, and Kabbalah, among others, are the largest pantheist groups on the planet, not an internet website soliciting donations for environmental causes.  Determinism and Classical Pantheism are not my agenda.  I happen to be an environmentalist as well and donate to environmental causes.  That doesn't mean I try to twist around a deep word born out of Spinoza's philosophy on wikipedia to promote environmental politics.  That would be what you're doing and that is unacceptable.  Wikipedia is not for self promotion.  In fact, members of the Church of Scientology were recently banned from Wikipedia for trying to control the page on Scientology.  You're taking it a step further beyond the ""World Pantheist Movement"" wikipedia page and are trying to control the ""Pantheism"" page to suit your purposes.  Your ""spiral"" is a symbol of a donation based organization used to promote itself.  That symbol does not belong on the wikipedia page on pantheism. (  )</CTX> <CTX>http://en.wikipedia.org/wiki/Wikipedia:Conflict_of_interest  (  )</CTX> <TGT>Okay, I agree to removing the symbols and hope that you agree to removing your panegyric of Spinoza. I would suggest a lineup of famous pantheist faces instead: Marcus Aurelius, Girodano Bruno, Spinoza, Wordsworth, Whitman, Emerson, DH Lawrence, Frank Lloyd Wright, Einstein, Margaret Atwood.
See Determinism entry for agendas.</TGT>","Positive: 2  
Negative: 4  
No Reinforcement: 3

**Rationale"
123,17978408,f33d6d53180f2ef1702d6a1293f30d55,2_1014,2_1006,Moderator,1.0,True,0,False,"Thank you for the comment, kkpingle.  If the DOT does change the way airlines structure their fees, what type of disclosure procedures will be needed?  Is displaying fare change information on the carriers website enough?",ceri,,True,"<CTX>I normally fly Southwest, which does not have baggage fees. However, I do think lines that charge should have to include it in the fee shown (possibly having to ask how many bags will be checked. Also, purchases should always be able to pay the fees with the ticket instead of waiting until they are at the airport.

I have no real problem if some airlines want to charge for baggage, although I would prefer a charge only  for more than one bag (most people will need one).  I would prefer there be charges (even on Southwest) for people who try to bring full-size bags into the cabin.  I have come close to having bags dropped on me several times by people attempting to lift bags that were too heavy for them.</CTX> <TGT>Thank you for the comment, kkpingle.  If the DOT does change the way airlines structure their fees, what type of disclosure procedures will be needed?  Is displaying fare change information on the carriers website enough?</TGT>","Positive: 3  
Negative: 2  
No Reinforcement: 2

**Rationale"
599,39724,2278,fora-2278-135,fora-2278-134,40998,0.0,True,0,False,And they didn't limit what you could take. They will let you take whatever you want.,fora,"{'Express affirmation': 0, 'Specific invitation': 0, 'Provide example': 0, 'Open invitation': 0, 'Make connections': 0, 'Express appreciation': 0, 'Follow up question': 0}",False,"<CTX>They had so many schools open. I said, ""So nobody should go hungry right now.""</CTX> <CTX>[inaudible] lunch.</CTX> <CTX>I said, ""Every school out here giving out food."" That's why I didn't understand why these guys would be out here, the homeless guy, ""Can you give me change?"" And I always say, ""Go right here to the school."" I said, ""They're giving out food all day."" And then-</CTX> <TGT>And they didn't limit what you could take. They will let you take whatever you want.</TGT>","Positive: 3  
Negative: 2  
No Reinforcement: 2

**Explanation:**"
1794,45007,682879033.22755.22755,wikitactics-682879033.22755.22755-5,wikitactics-682879033.22755.22755-4,Nblund,0.0,True,1,True,"Regarding point 1: I missed this. I self-reverted, but reworded a little to attribute the statement to researchers, and to avoid too closely paraphrasing the source.",wikitactics,,True,"<CTX>There have been some reverts to eliminate some of the nuance of the recent studies:</CTX> <CTX>Well, here's the quote from the Washington Post that supports that, ""Researchers acknowledged the possibility of an overstated victimization rate because there was evidence that hundreds of thousands of students who ignored the electronic questionnaire were less likely to have suffered an assault.""  I'd be interested in how what was written is not supported by the source.  If it is not, then how?  We can edit accordingly rather than eliminate it.</CTX> <CTX>This change was made because an editor didn't like the source, arguing it's editorial.  So here's the same information from the study itself.  On page 110, which itemized why someone did not report an incident, 58.6% indicated, ""I did not think it was serious enough to report"".  It's not an editorial statement.  It's right from the study.  I can provide a citation for that and will if that will satisfy, but Wikipedia does not have a prohibition on article or editorials just because an editor doesn't like the source.  What we require for is verifiability.  Unless someone can say it's not verifiable, then it's POV to exclude.
removes a concurrent 2015 survey.  It was presented as a different survey, and if the editor had looked at the title of the section, it falls under that section nicely (2015 Campus Surveys.  If he or she wants to qualify it with more information, that's fine, but anyone who does survey work knows that low sample rates can lead to reporting bias and that highlights the differences.  Removing it because it's different is not supportable given the topic.</CTX> <TGT>Regarding point 1: I missed this. I self-reverted, but reworded a little to attribute the statement to researchers, and to avoid too closely paraphrasing the source.</TGT>","Positive: 3  
Negative: 4  
No Reinforcement: 2

**Rationale"
1745,43643,56523791.3241.3241,wikitactics-56523791.3241.3241-3,wikitactics-56523791.3241.3241-2,Themightyquill,1.0,True,0,True,"Wow, I can't believe I missed the link to the book. Thanks for pointing it out. I definitely think you're right that the article unfairly portrays her thinking as simplistic. She clearly doesn't fit into the yellow peril, Asiatic Exclusion League hysteria of the day, but I certainly don't think it's ''way'' off the mark to call her a racist:
One becomes especially disquieted—almost terrified—in face of these things, for it sometimes seems as if the white race lacks both the physical and moral stamina to protect itself, and that maybe the black and yellow races may yet obtain the ascendancy. Indeed, this seems possible—even probable—unless the enslavement which comes from these abhorrent and debasing narcotics can be strongly and speedily dealt with.
She's not ''blaming'' asians or blacks for the decline of ""whites,"" (though she says later that they seem to enjoy watching white men fall) but her anti-drug politics are couched eugenics, her framework is racial, and she is clearly determined to ""preserve the white race."" Certainly, definitions of racism vary, but by my definition, ""white pride"" qualifies.—The preceding unsigned comment was added by .",wikitactics,,False,"<CTX>Was Murphy a racist?</CTX> <CTX>I'm reading the ''Black Candle'' and note that her thinking is much more sophisticated than this article gives her credit for.  I think it would make sense to use direct quotes from her for issues relating to eugenics, immigration and race.  It is ''way'' off the mark to call her a racist.  She was actually fairly innovative in her thinking, counselled against knee-jerk racism, and developed some fairly enlightened approaches to dealing with drugs.</CTX> <TGT>Wow, I can't believe I missed the link to the book. Thanks for pointing it out. I definitely think you're right that the article unfairly portrays her thinking as simplistic. She clearly doesn't fit into the yellow peril, Asiatic Exclusion League hysteria of the day, but I certainly don't think it's ''way'' off the mark to call her a racist:
One becomes especially disquieted—almost terrified—in face of these things, for it sometimes seems as if the white race lacks both the physical and moral stamina to protect itself, and that maybe the black and yellow races may yet obtain the ascendancy. Indeed, this seems possible—even probable—unless the enslavement which comes from these abhorrent and debasing narcotics can be strongly and speedily dealt with.
She's not ''blaming'' asians or blacks for the decline of ""whites,"" (though she says later that they seem to enjoy watching white men fall) but her anti-drug politics are couched eugenics, her framework is racial, and she is clearly determined to ""preserve the white race."" Certainly, definitions of racism vary, but by my definition, ""white pride"" qualifies.—The preceding unsigned comment was added by .</TGT>","Positive: 3  
Negative: 2  
No Reinforcement: 2

**Rationale"
1378,18017205,"106_26062_When_It_Comes_To_Politics,_The_Internet_Is_Closing_Our_Minds.xlsx","whow-106_26062_When_It_Comes_To_Politics,_The_Internet_Is_Closing_Our_Minds.xlsx-48","whow-106_26062_When_It_Comes_To_Politics,_The_Internet_Is_Closing_Our_Minds.xlsx-47",85c99b41ac10f7e5a509b5b08fd356f8,0.0,True,0,False,"You know, it closes by saying, ""It's not unreasonable to think that the denialists of global warning or benefits of vaccination are online friends with other denialists. As such, finding information that contradicts one's views would be even harder. This is a reason for Google to atone for its sins and ensure that the subject dominated by pseudoscience and conspiracy theories are given a socially responsible curated treatment."" So can you talk about-- I was just curious about that because I can't make it square with your position.",whow,"{'probing': False, 'confronting': False, 'instruction': False, 'interpretation': False, 'supplement': False, 'utility': False}",True,"<CTX>That still doesn't solve the filtering problem, come on, we'll still be as close minded if you buy into a paradigm with the Important button, it's just that now in addition to being close minded, three people in the audience will care about Darfur.</CTX> <CTX>Well, it's better than none, but I think the interesting thing here that I kind of want to get to is-- I wanted to ask you about this, Evgeny, because you wrote a Slate piece recently in which closed with a call that was actually kind of more paternalistic than where I would go.</CTX> <CTX>True.</CTX> <TGT>You know, it closes by saying, ""It's not unreasonable to think that the denialists of global warning or benefits of vaccination are online friends with other denialists. As such, finding information that contradicts one's views would be even harder. This is a reason for Google to atone for its sins and ensure that the subject dominated by pseudoscience and conspiracy theories are given a socially responsible curated treatment."" So can you talk about-- I was just curious about that because I can't make it square with your position.</TGT>","Positive: 3  
Negative: 2  
No Reinforcement: 2

**Rationale"
1185,40848,cg8tro3,umod-cg8tro3-0,,user-umod-cg8tro3-0,0.0,True,0,False,"Can you provide a study of single mothers who planned to have children while single and the effects on the child? Most studies I have seen have primarily been focusing on women who accidentally became pregnant or whose spouses left them afterward, leaving them in the position of being an unplanned primary caregiver with insufficient resources. I'm curious as to where your proof that going into single parenthood with adequate and planned out resources is harmful is coming from, and I'd love to see it. This is a pretty specific subset of single parents we're discussing, and most studies seem to look at a much broader category.",umod,"{'softlabel_mace': 0.9839619210646534, 'subjectivity': 3.2, 'aggressiveness': 2.0, 'constructiveness': 2.0, 'sentiment': 'negative', 'relamountRole': 1.0, 'countModFunctions': 5, 'annot_similarity_pre': 0.44950002, 'annot_similarity_post': 0.4532, 'none': 1, 'social': 0, 'improveQuality': 0, 'organizing': 0, 'content': 0, 'broadening': 0, 'policing': 0, 'siteIssues': 0, 'offTopic': 0, 'agreeYes': 3, 'agreeNo': 5, 'opinionNotClear': 2, 'numAnnotators': 10, 'seedmodel': 'expert', 'flagged': 0}",False,"<TGT>Can you provide a study of single mothers who planned to have children while single and the effects on the child? Most studies I have seen have primarily been focusing on women who accidentally became pregnant or whose spouses left them afterward, leaving them in the position of being an unplanned primary caregiver with insufficient resources. I'm curious as to where your proof that going into single parenthood with adequate and planned out resources is harmful is coming from, and I'd love to see it. This is a pretty specific subset of single parents we're discussing, and most studies seem to look at a much broader category.</TGT>","**Positive: 4**  
The user is engaging in a nuanced and thoughtful discussion, demonstrating critical"
485,24736,1750,fora-1750-43,fora-1750-42,35330,0.0,True,0,False,"Yes. I haven't met the city manager personally. But I've interacted with other departments and other councillors and people who have been in positions to run for councillor and others. I've not heard one positive thing about the gentleman who currently holds the position. I've not seen or heard any positive things coming out of that office. Quite the opposite. And I think that's one of the reasons we're looking for a new city manager, which is an optimistic viewpoint for the future. What I would like to see a city manager do city managers have their own strengths and weaknesses that they bring.",fora,"{'Express affirmation': 0, 'Specific invitation': 0, 'Provide example': 0, 'Open invitation': 0, 'Make connections': 0, 'Express appreciation': 0, 'Follow up question': 0}",True,"<CTX>Well, I just want to say, I really don't see one single thing that the city manager is doing that positively affects me or low income tenants or actually most residents at all. I see the city manager as totally in the last century, and working with developers and rich people. I don't see anything the city manager has done. And they'll pass city manager since Bobby [Surname]. It's just the old boys network. And I'm sorry, I don't see anything positive. I hate to be negative about this. But that's how I feel.</CTX> <CTX>Annamay, I saw you raising your hand.</CTX> <CTX>Go ahead.</CTX> <TGT>Yes. I haven't met the city manager personally. But I've interacted with other departments and other councillors and people who have been in positions to run for councillor and others. I've not heard one positive thing about the gentleman who currently holds the position. I've not seen or heard any positive things coming out of that office. Quite the opposite. And I think that's one of the reasons we're looking for a new city manager, which is an optimistic viewpoint for the future. What I would like to see a city manager do city managers have their own strengths and weaknesses that they bring.</TGT>","Positive: 1  
Negative: 5  
No Reinforcement: 2"
331,17981287,290837d37c885a1791c8f1fd289ece09,10_430,,PhillipBeer34,0.0,True,0,False,What&#39;s stop community boards or politicians from claiming they have a transit gap when they don&#39;t.&nbsp; everybody&#39;ll want that money.&nbsp; Maybe&nbsp;you could put down some criteria for a transit gap.,ceri,,False,<TGT>What&#39;s stop community boards or politicians from claiming they have a transit gap when they don&#39;t.&nbsp; everybody&#39;ll want that money.&nbsp; Maybe&nbsp;you could put down some criteria for a transit gap.</TGT>,"Positive: 3  
Negative: 2  
No Reinforcement: 2

**Explanation:**"
788,17994967,040914%20Millennials,iq2-040914%20Millennials-2,iq2-040914%20Millennials-1,Robert Rosenkranz,1.0,True,0,False,"Hi, John.",iq2,,True,"<CTX>Hey, Bob.</CTX> <TGT>Hi, John.</TGT>","Positive: 1  
Negative: 1  
No Reinforcement: 3"
194,17979012,19e309e925d3e250f520032a27ef7e66,3_151,,virgil tatro,0.0,True,0,False,"I must say that if everyone always followed the HOS and were always in compliance there would be tired truckers all over..The HOS Force drivers to stop when they are not even close to tired and if they have no common cence will force them to start up and drive when they are not rested!! (EXAMPLE) If I start my day at 5:30am Drive 7 hours stop for my PROPOSED 30 minute break, then finish out my last 4 hours I will be done for the day at 5:00pm! I can not go to bed at 5:00pm especially if I started my day at 5:30am.. So now I am done for the day at 5:00pm who knows where.. so now I sit here for hours and I can not go to sleep it is far to early.. I cal my Children and wife every night at 8:00pm but now by 10:00pm im tired enough to go to sleep.. at 3:00am my alarm goes off after my 10 hour break is complete.. Now if I have no common cence i will be driving tired! The HOS and My EOBR said I can now drive.. My COMMON SENCE Tel me to sleep a while longer.. The HOS and EOBR have done nothing for me...Also I have ran out of hours 40 miles from home a couple of times due to weather conditions.(I live in Montana) Why in the world would any sane person shut down for 10 hours 40 miles from home? Would you? No eobrs and leave the hos alone (EXCEPTION) ELIMINATE THE 14 HOUR RULE..Thank you Virgil Tatro...",ceri,,False,"<TGT>I must say that if everyone always followed the HOS and were always in compliance there would be tired truckers all over..The HOS Force drivers to stop when they are not even close to tired and if they have no common cence will force them to start up and drive when they are not rested!! (EXAMPLE) If I start my day at 5:30am Drive 7 hours stop for my PROPOSED 30 minute break, then finish out my last 4 hours I will be done for the day at 5:00pm! I can not go to bed at 5:00pm especially if I started my day at 5:30am.. So now I am done for the day at 5:00pm who knows where.. so now I sit here for hours and I can not go to sleep it is far to early.. I cal my Children and wife every night at 8:00pm but now by 10:00pm im tired enough to go to sleep.. at 3:00am my alarm goes off after my 10 hour break is complete.. Now if I have no common cence i will be driving tired! The HOS and My EOBR said I can now drive.. My COMMON SENCE Tel me to sleep a while longer.. The HOS and EOBR have done nothing for me...Also I have ran out of hours 40 miles from home a couple of times due to weather conditions.(I live in Montana) Why in the world would any sane person shut down for 10 hours 40 miles from home? Would you? No eobrs and leave the hos alone (EXCEPTION) ELIMINATE THE 14 HOUR RULE..Thank you Virgil Tatro...</TGT>","Positive: 2  
Negative: 4  
No Reinforcement: 3

**Rationale"
637,8308,2178,fora-2178-33,fora-2178-32,39168,1.0,True,0,False,"Thank you. The second part is a little bit about you and your personal growth, in relation to your experience in the industry. And so how have you been expected or how have you grown, learned, or changed, by being in the industry that you're in?",fora,"{'Express affirmation': 0, 'Specific invitation': 0, 'Provide example': 0, 'Open invitation': 0, 'Make connections': 0, 'Express appreciation': 0, 'Follow up question': 0}",False,"<CTX>Sure. I thought it would be hard to go first, but when everybody else takes all their really good values, it's hard to go last, too. So I would echo everything that Dan and Stacy and Herb say, but to be a little different, I would say integrity and trust and lending a helping hand. I think that if we are working in an industry, a construction industry where there's always new people coming into the business, a complete level of trust between the new worker and the supervisor and from everybody else around you, because if there is ever an industry where it takes thousands of people to put together a product and where a level of trust and integrity is necessary, it's construction. And I hope that that follows us everywhere we go. And we are, of course, trying to build the safest and most high quality product. And the best way to do that is through a collaborative teamwork and trustful environment.</CTX> <CTX>Great, thank you very much. So this next series of questions is a little bit about yourselves as individuals and your experiences in your industry. So it's a little bit of a story time here. So again, I'll start with Dan and move through. And this question is, reflect on your time in your industry. What are the ways the industry has changed since you have been in it and how have you been expected to grow, learn, or change?</CTX> <CTX>Yeah, okay. So as far as how the industry has changed since I've been in it, so I've been in the construction industry for about 13, 14 years now. I would say that, and this probably started to change actually before my time in the industry, but it's just a constant challenge that we're exposed to. And so I would say that there is a negative perception around working within the skilled trades or within construction. Just seems to be this negative perception where folks are told that are coming up through school, you should probably go to that CTE program or college probably isn't for you, so don't think you can make it. You should go into that program, almost like, well, that's easy or it's not as respectable. And that couldn't be further from the truth. The work that we do in our industry, you just think about all the planning and the calculations that go into the work, whether it's rigging something and doing so safely and keeping the team safe. It's very respectable and it's really the things that we all take for granted in our daily routines. I'll give me as an example. I wake up in a structurally sound home every day. I can take a warm shower. I've got electricity in my home so I can watch the early morning news or make coffee in my coffee maker, hop in my reliable vehicle and head to work each day, drive across multiple bridges. I mean, just in that example, there are so many trades involved. There are carpenters, electricians, boilermaker, line workers, substation technicians, mechanics. I mean, it literally goes on and on. And really, it's the fabric of this country. And so people that work within the trades should take great pride in that. And that really should be the perception. And so I think that is something that I think years ago, there used to be opportunities, too, for students to get more exposure to the trades, whether it was through shop class or whatever. Everyone would take that in school. And these days, I don't know that it's as accepted, or that students really know the fruitful careers and the many pathways within the industry and that they can really make a great living within the industry. So what was the second part of the question again? Oh, I think you're on mute [inaudible].</CTX> <TGT>Thank you. The second part is a little bit about you and your personal growth, in relation to your experience in the industry. And so how have you been expected or how have you grown, learned, or changed, by being in the industry that you're in?</TGT>","Positive: 4  
Negative: 2  
No Reinforcement: 3

**Rationale"
471,28243,2239,fora-2239-62,fora-2239-61,40376,0.0,True,0,False,You're not going to get that.,fora,"{'Express affirmation': 0, 'Specific invitation': 0, 'Provide example': 0, 'Open invitation': 0, 'Make connections': 0, 'Express appreciation': 0, 'Follow up question': 0}",False,"<CTX>No, because they taking all the men.</CTX> <CTX>You can't get that, because now you got a household full of womens raising mens.</CTX> <CTX>No. Wait. No. Wait, wait, wait. Hold it.</CTX> <TGT>You're not going to get that.</TGT>","Positive: 1  
Negative: 4  
No Reinforcement: 2"
1713,42672,714699894.93972.93972,wikitactics-714699894.93972.93972-8,wikitactics-714699894.93972.93972-7,FreeKnowledgeCreator,1.0,True,1,True,I agree with Knight of BAAWA; there is no reason to remove anarcho-capitalism from the template simply to satisfy those who dislike or disagree with it being characterized as a form of anarchism.,wikitactics,,False,"<CTX>This is what I propose; and indeed it is already there under ""Issues"".</CTX> <CTX>So the Blackwell Dictionary of Modern Social Thought dismisses it? Hmmmm. No. Or its Encyclopedia of Political Thought? Nope. Please don't just make up things when we can find the sources which show that you're wrong. -</CTX> <CTX>You really seem to have a heavy emotional investment in this issue. I'm not sure if the attitude you're looking at this with is constructive. And I never contended that the sources you list dismiss it as an ideology, merely that they don't align its belief system with anarchism as a whole. Lastly, nobody can be right or ""wrong"" as you described in as far as what ideology is part of a school of thought. You are clearly coming at this with a biased POV.</CTX> <TGT>I agree with Knight of BAAWA; there is no reason to remove anarcho-capitalism from the template simply to satisfy those who dislike or disagree with it being characterized as a form of anarchism.</TGT>","Positive: 3  
Negative: 4  
No Reinforcement: 2

**Rationale"
322,17978507,8c240d8c621438a9d86a4e38d69ff324,2_794,2_790,Mulder,0.0,True,0,False,"The problem is that we have an irrational group of people who claim to suffer from severe peanut allergies, who are trying to impose their desire to ban peanuts and other nuts from being served by airlines under the guise of safety.

But they can point to no evidence that their worst, unfounded fears have ever happened on any U.S. airliner, so they hype their claims even more, hoping their tiny minority will gain favor. In the process, they refuse to deal with their irrational fears, and point blame at everyone and everything for their ""inability"" to fly, even going so far as to claim it's a disability.

There's no disability here at all. The simple fact is that these people want to shift their responsibility for their own well-being onto others, and they'll use any means they can to justify their goal. The simplest solution would be to ban peanut allergy sufferers from flying.",ceri,,False,"<CTX>I think the large majority of the population doesn't understand that a severe peanut allergy is unlike other allergy. Many people think ""oh I have allergies-I take an antihistamine when I get itchy or feel sick"". People with  a severe allergy can die from a reaction to the peanut protein in the closed confines of a plane with recirculated air. This is not an irrational fear, but rather based in the reality that you can take all the proper precautions, but there is nothing you can do if the peanut protein is in the air on a plane. It's not like you can go outside for fresh air. An epi-pen is only a stop gap solution. It lasts for 15-20 minutes and allows the sufferer time to get to an emergency room for further treatment. We first discovered that my son's allergy to peanuts, included air born exposure while flying on a plane. He was 5 years old and asleep and started scratching his face, which also began to swell. I looked to the back of the plane and discovered that the stewards were passing out peanuts, which everyone was popping open. I asked her to stop immediately, which she did. I gave my son Benedryl and fortunately this sufficed-this time. We were very lucky. It is terrifying to be mid-flight and think that your child or loved one could die like this. It is also very disheartening to read comments from people who feel that their freedom is impinged upon by not being allowed to eat a certain food for the length of a flight. It seems a minor inconvenience to be asked to refrain from a food preference for such a short time in order to save another's life. A peanut free zone will not work because of the air born peanut protein in recirculated air. If peanuts are only banned on a flight with an allergy sufferer, does the plane get new fresh air before a new group of passengers boards for another flight?  If many passengers decided they were going to bring a peanut containing candy bar on the plane, this too could create a serious allergic reaction. I also think that the airlines should be required to carry epi-pens and an emergency kit to be prepared to treat a variety of  emergencies, since once up in the air we are captive to what is available. The reason nobody ever died from an anaphylactic peanut reaction on a flight is because the parents of children with this allergy go to great lengths to make sure the flight is peanut free and often meet with the disdain of flight personnel when reminding them on boarding of the need for a peanut free flight and to make an announcement to not eat peanut products on the plane. Banning peanuts on a fight seems like a minor inconvenience & not a lot to ask to save a life. The only way the rule can be effective is to ban peanuts & peanut products from all flights.</CTX> <CTX>Thank you for your comment.  One of the more difficult questions the proposed ban presents is exactly which products need to be banned, and which are safe.  Would you have any further information as to which types of products pose an airborne threat?  Do all products containing even small amounts of peanuts pose a risk?</CTX> <CTX>It is my understanding that non-peanut related items made in a facility that produces peanut snacks are more likely to be a problem for peanut allergy sufferers if the product ingested as opposed to simply coming in contact with. The basis for my understanding comes from visits to allergy-specializing doctors concerning my 4-year old daughter's food allergies. I have also attended lectures from immunologists in an effort to determine precisely what is a threat to my daughter and how large of a threat a particular item may be.

The ban should include peanuts, products containing peanuts (e.g., snack/trail mix), and products derived from peanuts (e.g., peanut butter).</CTX> <TGT>The problem is that we have an irrational group of people who claim to suffer from severe peanut allergies, who are trying to impose their desire to ban peanuts and other nuts from being served by airlines under the guise of safety.

But they can point to no evidence that their worst, unfounded fears have ever happened on any U.S. airliner, so they hype their claims even more, hoping their tiny minority will gain favor. In the process, they refuse to deal with their irrational fears, and point blame at everyone and everything for their ""inability"" to fly, even going so far as to claim it's a disability.

There's no disability here at all. The simple fact is that these people want to shift their responsibility for their own well-being onto others, and they'll use any means they can to justify their goal. The simplest solution would be to ban peanut allergy sufferers from flying.</TGT>","Positive: 4  
Negative: 3  
No Reinforcement: 2"
1196,40338,cn4vqu7,umod-cn4vqu7-0,,user-umod-cn4vqu7-0,0.0,True,0,False,"im afraid i wont grow up. i already should be but im no where close. and growing up sounds awful, tbh. or like something i just cannot do/handle.",umod,"{'softlabel_mace': 0.2936800760180605, 'subjectivity': 3.571428571428572, 'aggressiveness': 1.1428571428571428, 'constructiveness': 3.0, 'sentiment': 'positive', 'relamountRole': 0.7142857142857143, 'countModFunctions': 7, 'annot_similarity_pre': 0.32900003, 'annot_similarity_post': 0.40500003, 'none': 1, 'social': 0, 'improveQuality': 0, 'organizing': 0, 'content': 0, 'broadening': 0, 'policing': 0, 'siteIssues': 0, 'offTopic': 0, 'agreeYes': 4, 'agreeNo': 3, 'opinionNotClear': 0, 'numAnnotators': 7, 'seedmodel': 'negative', 'flagged': 0}",False,"<TGT>im afraid i wont grow up. i already should be but im no where close. and growing up sounds awful, tbh. or like something i just cannot do/handle.</TGT>","Positive: 2  
Negative: 4  
No Reinforcement: 3  

**Explanation of"
266,17980438,0a2449a84a7cdbee8b9d41bc9d69275d,6_1316,,Su,0.0,True,0,False,"I have had debt collectors call and tell me that I am not cooperating to get the debt resolved, yell at me, tell me I must be lazy or not understand I owe the money. They have called me from 7:00 am to 9:00pm at least 10 times during the day using a different company name, different phone number and location including my city and other cities and states all in the same day. When I tell them I am a senior they tell me to borrow the money from a family member or friend. When I tell them I am not going to do that the harrassment starts all over. Many of them call and act like I am an old friend before they tell me who they are. They threaten to ruin my credit raiting, confiscate my home and belonging and car, The most annoying is when they call and I answer they hang up and call again an hr later and hang up again. I know it is them because I have caller id.",ceri,,False,"<TGT>I have had debt collectors call and tell me that I am not cooperating to get the debt resolved, yell at me, tell me I must be lazy or not understand I owe the money. They have called me from 7:00 am to 9:00pm at least 10 times during the day using a different company name, different phone number and location including my city and other cities and states all in the same day. When I tell them I am a senior they tell me to borrow the money from a family member or friend. When I tell them I am not going to do that the harrassment starts all over. Many of them call and act like I am an old friend before they tell me who they are. They threaten to ruin my credit raiting, confiscate my home and belonging and car, The most annoying is when they call and I answer they hang up and call again an hr later and hang up again. I know it is them because I have caller id.</TGT>","Positive: 1  
Negative: 5  
No Reinforcement: 2

**Rationale"
1543,44099,799339950.20842.11457,wikitactics-799339950.20842.11457-7,wikitactics-799339950.20842.11457-6,Cinderella157,0.0,True,1,True,"To say something is ""not as bad"" is not the same as saying it is good.",wikitactics,,True,"<CTX>I also agree.</CTX> <CTX>Hi, @ and @, this is a centralised discussion that also relates to a near identical issue wrt USS William P. Lawrence. It would be useful to make your views clear and explicit in this broader context.  Do you also agree that the material there should go back too? Regards</CTX> <CTX>I see there has already been a partial removal of material and a source citation. I have reverted this. I suggest we leave the material as-is until we arrive at consensus on the wording.</CTX> <TGT>To say something is ""not as bad"" is not the same as saying it is good.</TGT>","Positive: 3  
Negative: 2  
No Reinforcement: 2

**Rationale"
1803,42962,197903653.92462.92462,wikitactics-197903653.92462.92462-18,wikitactics-197903653.92462.92462-17,M.K,0.0,True,0,True,"I am pretty sure the relevant articles make appropriate claims; after all Battle of Warsaw (1920) has been a Featured Article for something like two years now. Notable historians such as A.J.P. Taylor, Norman Davies, Ronald Grigor Suny and others have noted as such (although often they refer to the outcome of the PSW in general, although this is a small detail - nobody can dispute that it was that battle which determined the end result of the war more than any other event of the war).|",wikitactics,,False,"<CTX>There were many events that weakened the Soviets and stopped them from taking over Lithuania and other European countries. While the miracle at Warsaw is one of the most important of such events, there are simply too many of them.</CTX> <CTX>Then can you name the others? With 4 or more citations from major publications for each? I find it dubious that the battle is to undue, when we have an entire unreferenced para on Bermontians; when we have a place to mention the unreferenced but ""crucial help of Saxon volunteers"" and when we have two paragraphs on how the Poles took control of the Vilnius region - with enough space to go into elections and League of Nations involvement - but we cannot find space to note that the Poles have nonetheless saved Lithuanian independence by thwarting Soviet westward aggression.|</CTX> <CTX>Why don't you write in the [History of Poland] article that the miracle at Warsaw has thwarted Soviet plans for taking over the whole Europe (or at least Baltic states, Poland, Germany, Hungary)?</CTX> <TGT>I am pretty sure the relevant articles make appropriate claims; after all Battle of Warsaw (1920) has been a Featured Article for something like two years now. Notable historians such as A.J.P. Taylor, Norman Davies, Ronald Grigor Suny and others have noted as such (although often they refer to the outcome of the PSW in general, although this is a small detail - nobody can dispute that it was that battle which determined the end result of the war more than any other event of the war).|</TGT>","Positive: 4  
Negative: 2  
No Reinforcement: 1"
67,17979783,f5c2ccbf82638cc93e2954c1a0ac5681,6_762,6_760,stopwithspoofedcallerID,0.0,True,0,False,"Several courts have heldâ€”and the [FTC] and the [CFPB] agreeâ€”that a collector who sues or threatens suit on a time-barred debt violates the FDCPA. The FDCPA prohibits, among other things, the use of â€œany false, deceptive, or misleading representation or means in connection with the collection of any debt.â€ These include making a false representation of â€œthe character, amount, or legal status of any debt,â€ threatening â€œto take any action that cannot legally be taken or that is not intended to be taken,â€ and â€œusing any false or deceptive means to collect or attempt to collect any debt.â€
http://files.consumerfinance.gov/f/201309_cfpb_agency-brief_12-cv-04057.pdf

It is in fact your gross distortion of the law and misunderstanding to claim that SOL are a defensive mechanism to allow a plaintiff ""to avoid being disadvantaged"" for not filing a lawful suit within a lawful time frame.",ceri,,False,"<CTX>In fact, it is a gross distortion of the law for the CFPB to claim that suit on a debt outside of the statute of limitations period is per se unfair, deceptive or misleading.  Under the Federal Rules of Civil Procedure (and most state civil rules), the statute of limitations is an affirmative defense which must be pleaded by the defendant; if it is not, the defense is considered to have been waived.  The purpose of the defense is to enable a party to avoid being disadvantaged by the long delay, loss of evidentiary documents, memory fading, etc.; if the debtor doesn't claim that they are disadvantaged by the delay, then the delay clearly isn't so long as to preclude a vigorous defense.</CTX> <TGT>Several courts have heldâ€”and the [FTC] and the [CFPB] agreeâ€”that a collector who sues or threatens suit on a time-barred debt violates the FDCPA. The FDCPA prohibits, among other things, the use of â€œany false, deceptive, or misleading representation or means in connection with the collection of any debt.â€ These include making a false representation of â€œthe character, amount, or legal status of any debt,â€ threatening â€œto take any action that cannot legally be taken or that is not intended to be taken,â€ and â€œusing any false or deceptive means to collect or attempt to collect any debt.â€
http://files.consumerfinance.gov/f/201309_cfpb_agency-brief_12-cv-04057.pdf

It is in fact your gross distortion of the law and misunderstanding to claim that SOL are a defensive mechanism to allow a plaintiff ""to avoid being disadvantaged"" for not filing a lawful suit within a lawful time frame.</TGT>","Positive: 5  
Negative: 5  
No Reinforcement: 1"
1737,42679,714699894.93972.93972,wikitactics-714699894.93972.93972-15,wikitactics-714699894.93972.93972-14,Knight of BAAWA,0.0,True,1,True,"So you never saw this: https://en.wikipedia.org/wiki/Template_talk:Anarchism_sidebar/Archive_1#anarcho-capitalism ? Hmmmmmmmmmmmmmm? Couldn't be bothered to check the archives? Hmmmmmmmmmmmmm? And that's just ONE example, Eduen. Just one example. All one has to do is check the archives for this page and the main anarchism page. Like this: https://en.wikipedia.org/wiki/Talk:Anarchism/Archive_51#anarcho-capitalism . Seriously: you couldn't be bothered to check the archives? Really? -",wikitactics,,False,"<CTX>Yes, we get into No True Scotsman if we kick out the ""unpopular"". The decision was made long ago to embrace all the forms of anarchismand that is a decision I agree with. Wikipedia isn't about popularity; it's about verifiability, facts, and vetted sources. -</CTX> <CTX>Rather it is those who hate anarchocapitalism who are emotionally invested; I'm simply trying to help keep them from editing in bad faith and marginalizing a valid school of anarchism. -</CTX> <CTX>I have been editing anarchism related articles for some years now and i don´t know what decision to ""embraces all forms of anarchism"" user Knight of BAAWA is talking about. It seems from what i read here that there is no consensus to keep anarchocapitalism in the schools of thought section of this template. I already gave my reasons before for not incluiding that thing here.</CTX> <TGT>So you never saw this: https://en.wikipedia.org/wiki/Template_talk:Anarchism_sidebar/Archive_1#anarcho-capitalism ? Hmmmmmmmmmmmmmm? Couldn't be bothered to check the archives? Hmmmmmmmmmmmmm? And that's just ONE example, Eduen. Just one example. All one has to do is check the archives for this page and the main anarchism page. Like this: https://en.wikipedia.org/wiki/Talk:Anarchism/Archive_51#anarcho-capitalism . Seriously: you couldn't be bothered to check the archives? Really? -</TGT>","Positive: 2  
Negative: 4  
No Reinforcement: 1

**Rationale"
1592,44904,666360746.5094.5094,wikitactics-666360746.5094.5094-3,wikitactics-666360746.5094.5094-2,39.47.121.0,1.0,True,1,True,"Then what happened could be seen in detail on page history. Different tactics were used to remove these lines. My question to all my friends is ""Are we good faith neutral WP community or ""Are we like fraud lawyers who manipulate rules/law to achieve their goals. Might is right Or right is right ? Thanks.",wikitactics,,True,"<CTX>Election 2014</CTX> <CTX>Hello Friends ! in compliance with WP policies, i want a dispute resolution by some neutral WP admin. It all started when i first time read this article i found the following wording in the lead paras;
However, elections held in 2014 saw highest voters turnout in 25 years of history in Kashmir.European Union also welcomed elections, called it free and fair"" and congratulated India for its democratic system.The European Parliament also takes cognizance of the fact that a large number of Kashmiri voters turned out despite calls for the boycott of elections by certain separatist forces.
It looked out of place in the lead because this election dealt only 45% land area of kashmir state which is disputed between india, Pakistan and China. It also looked pro india because it ignored wining pro india chief minister and wining party head comments giving credit to Pakistan and separatists for allowing elections in the state. so i inserted it with indian source reference as follows.
However, elected Jammu and Kashmir Chief Minister Mufti Muhammad Sayeed said, ""If God forbid the Hurriyat and the militants tried to disrupt the elections these would not have been as participative as they had been. They (Pakistan) also allowed these elections to take place."" Ruling Party president Mehbooba Mufti also defended Mufti's remarks.</CTX> <TGT>Then what happened could be seen in detail on page history. Different tactics were used to remove these lines. My question to all my friends is ""Are we good faith neutral WP community or ""Are we like fraud lawyers who manipulate rules/law to achieve their goals. Might is right Or right is right ? Thanks.</TGT>","Positive: 4  
Negative: 3  
No Reinforcement: 2"
1563,42558,604002186.13439.13439,wikitactics-604002186.13439.13439-9,wikitactics-604002186.13439.13439-8,Bakaso,0.0,True,0,True,"I have a problem with almost every source in the article, because as I said, they're improperly cited. There should be such phrases like ""according to proponents of this theory"", ""according to a neo-marxist professor X"" etc.",wikitactics,,False,"<CTX>No, it's about the way the sources are cited. The Wikipedians want to make people think that this is a fact, so they cite extremist literature without properly ascribing the sources to the authors. For example the one I corrected: nowhere did it say that Martin Jay is in fact a prominent neo-marxist and a critical theory expert. Wikipedia requires this, because else anyone could create a completely false article based on fringe extremist literature. So it's you who should read up about Wikipedia's sourcing policy and fringe sources.</CTX> <CTX>so it's you who should read up about Wikipedia's sourcing policy and fringe sources I've asked you a few times to cite the sources you have a problem with, so what are they?</CTX> <CTX>and you are correct that this is documenting a WP:FRINGE view, please read WP:NFRINGE and the article for deletion page for this article.</CTX> <TGT>I have a problem with almost every source in the article, because as I said, they're improperly cited. There should be such phrases like ""according to proponents of this theory"", ""according to a neo-marxist professor X"" etc.</TGT>","Positive: 2  
Negative: 4  
No Reinforcement: 3

**Rationale"
480,32454,2427,fora-2427-235,fora-2427-234,44177,0.0,True,0,False,Meditation.,fora,"{'Express affirmation': 0, 'Specific invitation': 0, 'Provide example': 0, 'Open invitation': 0, 'Make connections': 0, 'Express appreciation': 0, 'Follow up question': 0}",False,"<CTX>Most of it, yes.</CTX> <CTX>Can be done on your own.</CTX> <CTX>My next question is, what is a class or a course that you wish was offered or taught in your school?</CTX> <TGT>Meditation.</TGT>","Positive: 3  
Negative: 1  
No Reinforcement: 2

**Explanation:**"
1756,45311,613600063.248993.248993,wikitactics-613600063.248993.248993-11,wikitactics-613600063.248993.248993-10,MrX,0.0,True,1,True,"Perhaps, but we have to rely on our reliable sources and follow the relative WEIGHT in those sources. Your quandary is that the many many books that claim Tesla invented AC, works directly against the content that you wish to include. The sentence, at least as written, is not faithful to the collective Tesla biographies, as far as I can tell. It also introduces a topic in a way that seems to rebut a claim that was never made, which teeters on the edge of WP:OR.
I hope we are not writing this article to address the positively poor information dispensed at various sites like Yahoo Answers, or various fan sites across the internet. Show me some scholarly mainstream debate about Tesla inventing versus not inventing AC, and I will reconsider my view on this. -",wikitactics,,True,"<CTX>@Fountains of Bryn Mawr: I'm flexible about the jargon, if others agree. I did consider rewording that part, for example replacing 'feeding' with 'supplying'. I can't get on board with the premise that people come to this article assuming that Tesla invented AC (unless they are electrical engineers, perhaps). I think people come here because they read or viewed videos that portray Tesla as a mad genius who made huge coils, that spewed 20 foot longs bolts of lightning, and that could alter space and time. I think Tesla's role in the commercialization of AC is important and historic, but I don't think it's a major theme for his biography.-</CTX> <CTX>Judging by whats on the number one viral site on the internet, The Oatmeal, in black and white in many many books, and every Tesla question I have seen on Yahoo Answers, a whole lot of people think Tesla invented AC.</CTX> <CTX>You version. It's less misleading. There's no danger that anyone with at least a 5th grade reading comprehension will come away from that thinking Tesla invented AC. Sorry, I'm too fed up with this. Patience: gone. Gonna recuse myself for the evening from Wikipedia.</CTX> <TGT>Perhaps, but we have to rely on our reliable sources and follow the relative WEIGHT in those sources. Your quandary is that the many many books that claim Tesla invented AC, works directly against the content that you wish to include. The sentence, at least as written, is not faithful to the collective Tesla biographies, as far as I can tell. It also introduces a topic in a way that seems to rebut a claim that was never made, which teeters on the edge of WP:OR.
I hope we are not writing this article to address the positively poor information dispensed at various sites like Yahoo Answers, or various fan sites across the internet. Show me some scholarly mainstream debate about Tesla inventing versus not inventing AC, and I will reconsider my view on this. -</TGT>","Positive: 2  
Negative: 4  
No Reinforcement: 3"
1912,17989945,sex-debate,iq2-sex-debate-81,iq2-sex-debate-80,Melissa Farley,0.0,True,0,False,"I would like to quote, to respond to what Sydney said, and quote from her book, which is, she said, “A call girl is simply a woman who hates poverty more than she hates sin.” I would use the word prostitution and not sin, so I would say a call girl is simply a woman who hates poverty more than she hates prostitution. I think that’s the whole point we’re making here, that shouldn't be the choice. If we’re seeking an end to inequality between men and women, if we’re seeking an end to violence against men and women, women should not have to make the choice between poverty and education, paying the next month’s rent, and prostitution.",iq2,,True,"<CTX>And when you take the microphone please hold it about a fist away from your mouth so that we can hear you in the hall, and also so that the radio recording can pick you up as well. But I want to kick off the questions first by turning to the panel and saying, after hearing the opening statements I feel as though I'm hearing two teams debate two entirely different worlds, one in which, in one world, in one of these worlds prostitutes are workers. In the other world, prostitutes are captives. In one world prostitutes have free choice, in another world prostitutes have no choice whatsoever. And I, especially given the description that you left us with, Sydney, of you're talking about young women making choices, I want to ask anybody from the opposing side to address that point with Sydney on the matter of choice. Particularly Catharine, you had said that there really is no free will, if you are a prostitute it is never your choice. I would like you to address that, or any of your teammates, to the other team.</CTX> <CTX>I didn't say what you just said. I said that it’s always in a context of sex inequality in which your options are precluded, to begin with, and as Melissa pointed out, there’s a dramatic amount of racial and class based bias in the people who are actually in this industry. And you know, prostitution is what women do when all else fails, and all else fails often. And there are a lot of things that men do, in general, when all else fails, and prostitution is not that thing. And that means this is an institution of sex inequality. It is. And you know, when, but I would also note, that we actually agree with, that is, Miss Barrows and us concur in the view that the sold in this, the women, the girls, when they are boys or men, should not be criminals. They should be, the prostituted people need to be de-criminalized, firmly. That is the Swedish model. And it’s the buyers who we’re here to talk about, the johns that Melissa described. And whether, what it is, what it is they are doing when they are buying people.</CTX> <CTX>You're teammate, Melissa Farley.</CTX> <TGT>I would like to quote, to respond to what Sydney said, and quote from her book, which is, she said, “A call girl is simply a woman who hates poverty more than she hates sin.” I would use the word prostitution and not sin, so I would say a call girl is simply a woman who hates poverty more than she hates prostitution. I think that’s the whole point we’re making here, that shouldn't be the choice. If we’re seeking an end to inequality between men and women, if we’re seeking an end to violence against men and women, women should not have to make the choice between poverty and education, paying the next month’s rent, and prostitution.</TGT>","Positive: 4  
Negative: 3  
No Reinforcement: 2"
1440,18027555,55_13878_Obamas_Iran_Deal_Is_Good_For_America.xlsx,whow-55_13878_Obamas_Iran_Deal_Is_Good_For_America.xlsx-174,whow-55_13878_Obamas_Iran_Deal_Is_Good_For_America.xlsx-173,098d997d891bd22fc92838196037f025,0.0,True,0,False,--Middle East is bad for the United States.,whow,"{'probing': False, 'confronting': False, 'instruction': False, 'interpretation': False, 'supplement': False, 'utility': False}",False,"<CTX>Just to remind people, the proposition on the table is whether this deal is good for America. Now, a lot of our allies in the region and elsewhere have real concerns about Iran, and so do we. And we stand with them on that. But a lot of our allies in the region would not mind if we went to war against Iran. And we used force in Syria against Iran’s proxy there. And we stood up and fought militia in Iraq. And that may well be in their interest. The proposition on the table is, is this good for America?</CTX> <CTX>A destabilized--</CTX> <CTX>nan</CTX> <TGT>--Middle East is bad for the United States.</TGT>","Positive: 2  
Negative: 4  
No Reinforcement: 3

**Explanation:"
1460,18039389,_Middle_East_Violence.xlsx,whow-_Middle_East_Violence.xlsx-15,whow-_Middle_East_Violence.xlsx-14,7a1f0d1108ef263bc37f311643af6164,1.0,True,0,False,"The Kissinger type of approach, where it is through the hard work of complex democracy, it is through the hard work of having and cultivating interlocutors, that we will begin to see a long-term solution to the current dynamic. The notion that we were going to install democracy in Iraq and that this was going to flourish throughout the region is really now buried.",whow,"{'probing': False, 'confronting': False, 'instruction': False, 'interpretation': False, 'supplement': True, 'utility': False}",False,"<CTX>And, Marcelo, the idea of use of force - there's rockets being fired in both directions, but many more civilians dying in Lebanon. At what point does a disproportionate use of force then change the equation and force countries to reconsider how they should go about approaching the two nations here?</CTX> <CTX>Professor MARCELO SUÁREZ-OROZCO (Co-Director of Immigration Studies, New York University): Well, in the era instantaneous media where the entire world is now witness to the attacks and the counterattacks, I think that that becomes a factor that needs to be carefully considered.</CTX> <CTX>But I think - going back to the issue of the U.S., I think this is, this crisis, when we one day look back, will represent the final nail in the coffin of unilateral use of preemptive force in terms of the general theory that has characterized the current administration and really the reemergence of a (unintelligible) approach to diplomacy that we saw in earlier iterations of the Middle East conflict.</CTX> <TGT>The Kissinger type of approach, where it is through the hard work of complex democracy, it is through the hard work of having and cultivating interlocutors, that we will begin to see a long-term solution to the current dynamic. The notion that we were going to install democracy in Iraq and that this was going to flourish throughout the region is really now buried.</TGT>","Positive: 4  
Negative: 2  
No Reinforcement: 3"
887,18013490,America-is-Winning-War-in-Iraq-100708,iq2-America-is-Winning-War-in-Iraq-100708-88,iq2-America-is-Winning-War-in-Iraq-100708-87,John Donvan,1.0,True,0,False,Question from the audience.,iq2,,False,"<CTX>Sir Malcolm?</CTX> <CTX>If you mean winning the war means gradually getting domination over the insurgency, if that’s all you define as winning the war, I happily acknowledge that. And I said earlier, all wars eventually come to an end, and if the world’s great super power is not able to beat some insurgents in Iraq in military terms, it would be a very strange situation. But winning the war means actually achieving the reasons why you went to war in the first place. And by that definition, which is the only meaningful definition, no, we are not winning the war, it remains a total disaster for the people of Iraq, as the hundreds of thousands who have lost their lives, or who have been injured in this war, would happily testify if they were alive and able to do so.</CTX> <CTX>I thought that both of us made it clear that we thought that this war had discredited the United States in the Mid-East and the entire world, had left Iran stronger, had pinned down the American military in Iraq so that it was able to deal with Afghanistan and Pakistan and a number of other issues. I thought we had made that fairly clear, actually.</CTX> <TGT>Question from the audience.</TGT>","Positive: 2  
Negative: 3  
No Reinforcement: 2"
422,18446,1994,fora-1994-122,fora-1994-121,36910,0.0,True,0,False,You should. You should own it.,fora,"{'Express affirmation': 0, 'Specific invitation': 0, 'Provide example': 0, 'Open invitation': 0, 'Make connections': 0, 'Express appreciation': 0, 'Follow up question': 0}",False,"<CTX>... I think I'll be the shortest because I've also just realized I lied in introducing myself because I am not a librarian. I am an ed tech, so I am the school library lady, library specialist, if you will, but not like I do not have a Master's in library science, but I was a teacher, and then became the school... so just feeling inadequate right now.</CTX> <CTX>No, no, no. [inaudible]</CTX> <CTX>I appreciate that. I forget sometimes, and I call myself the school librarian, but I'm really not.</CTX> <TGT>You should. You should own it.</TGT>","Positive: 4  
Negative: 1  
No Reinforcement: 2"
1674,44954,550164711.14223.14223,wikitactics-550164711.14223.14223-27,wikitactics-550164711.14223.14223-26,Smallbones,0.0,True,0,True,"Read the sources you provided: the 2005 and 2006 sources (before Plotkin was arrested) don't mention Plotkin, but the others (2007 sources) say that Plotkin was trading on the info and spreading the information to others.  ()",wikitactics,,False,"<CTX>As pointed out elsewhere, the number of Google hits on ""Eugene Plotkin"" only means that ""Eugene Plotkin"" is a far more common name than either ""David Pajcin"" or ""Stanislav Shpigelman"". A majority of those hits do not refer to THIS Eugene Plotkin, so they are irrelevant. All the trades were in Pajcin's account, Pajcin's aunt's account, Pajcin's girlfriend accounts, and various Croatians' accounts. The key trades came from Reebok, which was info provided by Shpigelman. Plotkin introduced Pajcin and Shpigelman, but then it was the Pajcin/Shpigelman nexus that drove this to the big payday. The coverage makes that clear. In any event, I think it has been well established here and I agree with AndyTheGrump that an article on the case should not masquerade as a BLP of Plotkin (or any of the other co-conspirators, for that matter).</CTX> <CTX>You say ""The coverage makes that clear."" Actually, no.  It appears that there is a lot of interpretation going on here, or stuff that I haven't seen in the sources.  In any case, please provide refs.  ()</CTX> <CTX>The sources could not be more clear. The New York Times reported  that Reebok represented $6 million of the case, of which $2.5 million was in Pajcin's aunt's account, and that Pajcin was the leader. The New York Times also reported  that the $6 million was primarily distributed among the accounts of Pajcin's aunt (Anticevic), Pajcin's girlfriend (Vujovic), and various Croatians (Sormaz, Lopandic, Borac) living in Croatia and Germany. No surprise, as Pajcin is Croatian. The Boston Globe confirmed  that Pajcin is an ex-broker who was trading through his own accounts and a network of personal connections in Croatia, Germany and Austria. The Age confirmed  that Pajcin is a former stockbroker and that the FBI stated that Pajcin bought and sold the stocks. USA Today reported  that it was the Reebok trades in Pajcin's aunt's account that tipped off the investigation and that Vujovic was an exotic dancer who was Pajcin's girlfriend. With regard to Shpigelman, the Boston Globe reported  that Shpigelman leaked information about Reebok (largest part of the case) and that the government said he did it ""out of greed"". The New York Post reported  that Shpigelman was introduced to Pajcin in late 2004 and elsewhere it was reported that Pajcin was the one who paid Shpigelman. A number of these sources refer to it as the Reebok Insider Trading Case or similar.</CTX> <TGT>Read the sources you provided: the 2005 and 2006 sources (before Plotkin was arrested) don't mention Plotkin, but the others (2007 sources) say that Plotkin was trading on the info and spreading the information to others.  ()</TGT>","Positive: 3  
Negative: 4  
No Reinforcement: 2

**Rationale"
1449,18023173,36_8958_Death_Is_Not_Final.xlsx,whow-36_8958_Death_Is_Not_Final.xlsx-78,whow-36_8958_Death_Is_Not_Final.xlsx-77,2d51121e039a7660a6e428f49190489a,0.0,True,0,False,"But all we have is a story constructed after the fact. We have similar stories about people being abducted by UFOs, seeing big foot, any weird kind of experience you can imagine. If you accept this level of evidence, then you have to believe every paranormal claim out there because we have that level of evidence for thousands of stories that are conflicting in mutually exclusive, often culturally dependent. It's simply not acceptable. And we know-- we know for a fact that the brain can absolutely manufacture those memories, come to absolutely believe a story like that, that's absolutely not true.",whow,"{'probing': False, 'confronting': False, 'instruction': False, 'interpretation': False, 'supplement': False, 'utility': False}",True,"<CTX>Are you talking about the scrub nurse and the doctors?</CTX> <CTX>Anyone. I mean, think about it.</CTX> <CTX>But these scrub nurse and doctors were at separate-- met this woman at separate places, right, on the same night.</CTX> <TGT>But all we have is a story constructed after the fact. We have similar stories about people being abducted by UFOs, seeing big foot, any weird kind of experience you can imagine. If you accept this level of evidence, then you have to believe every paranormal claim out there because we have that level of evidence for thousands of stories that are conflicting in mutually exclusive, often culturally dependent. It's simply not acceptable. And we know-- we know for a fact that the brain can absolutely manufacture those memories, come to absolutely believe a story like that, that's absolutely not true.</TGT>","Positive: 2  
Negative: 3  
No Reinforcement: 2"
764,18010055,globalization,iq2-globalization-104,iq2-globalization-103,John Donvan,1.0,True,0,False,Lawrence Korb.,iq2,,False,"<CTX>Wait, wait. Let Eliot finish.</CTX> <CTX>We'll come back to your point, by the way.</CTX> <CTX>Since when I was in government, I was looking at the intelligence on the Iranian parliament. It is very curious how they stopped their war head design program immediately after a major geopolitical event that occurred to their West. And that may have had a passing connection with it.</CTX> <TGT>Lawrence Korb.</TGT>","Positive: 3  
Negative: 2  
No Reinforcement: 2

**Explanation:**"
519,23398,1720,fora-1720-118,fora-1720-117,35179,0.0,True,0,False,Yes.,fora,"{'Express affirmation': 0, 'Specific invitation': 0, 'Provide example': 0, 'Open invitation': 0, 'Make connections': 0, 'Express appreciation': 0, 'Follow up question': 0}",True,"<CTX>You compose yourself from that.</CTX> <CTX>I'm shocked that Mike can't get his projects in for less than half a million dollars.</CTX> <CTX>I'm not sure I remember the question, but I remember one thing I wanted to say, which was, I was at a conservation commission hearing in Templeton. We're doing a project in Templeton, central part of the state. And we hired professionals to review things and to come up with plans. And we had a really sophisticated wetlands consultant on board. And so, we appeared in front of the conservation commission and we had already reviewed it with the staff. And that was it. It got approved. It's like, the city didn't have to hire four other consultants. They didn't have to hold four community meetings about whether or not the building was going to impact the wetlands. It was like, the staff reviewed it, they're professionals. We hired a licensed professional, by the way, who, every time we do a traffic study, it's like they made it all up. Right? Well, I mean, these people have professional engineering licenses, right? If they made this stuff up, they would lose their licenses if not something more severe. We hire these people and they do their studies and then they issue the studies. I'm not rewriting the study for them. And it just seems like more and more so now in Cambridge, it's like you have to triple, quadruple check every little thing that's done. Right? And it's just like, it just stands in the way of progress. It's beyond frustrating, I have to say. It's like, well, why doesn't the city just hire the consultants then. We don't have to waste all the money. And same thing is happening in Bridgewater. We had a project in Bridgewater, and it was a little bit more of a review, but at the end of the day, the town wanted it. And there were a few naysayers and they were like, ""No, this is something that's going to be good for the town. We're just going to do it."" It just seems very, very painful lately in Cambridge, I have to say.</CTX> <TGT>Yes.</TGT>","Positive: 2  
Negative: 4  
No Reinforcement: 3"
1431,18026130,49_12277_Obamacare_Is_Now_Beyond_Rescue.xlsx,whow-49_12277_Obamacare_Is_Now_Beyond_Rescue.xlsx-93,whow-49_12277_Obamacare_Is_Now_Beyond_Rescue.xlsx-92,ec4ca0fb306a24a8a821c3df7c9a1ae6,1.0,True,0,False,"I think it's a fair sort of trend line argument. I mean, you may-- I'm not--",whow,"{'probing': False, 'confronting': True, 'instruction': False, 'interpretation': True, 'supplement': False, 'utility': False}",False,"<CTX>You've got to remember, the proposition here is ""beyond repair.” So they're not-- that's not a claim about beyond repair. That's a claim about something that might happen in the future that they can plausibly say will be--</CTX> <CTX>I think it's a--</CTX> <CTX>--the</CTX> <TGT>I think it's a fair sort of trend line argument. I mean, you may-- I'm not--</TGT>","Positive: 3  
Negative: 2  
No Reinforcement: 4"
613,12992,1755,fora-1755-103,fora-1755-102,35359,0.0,True,0,False,"Yeah, just echoing Pastor Ward's point there, I think the one trait that I would love to see the next manager would be humility. This is a three-year term, and even if folks come into the position who know Cambridge, this can be an adjustment to learn. So folks are going to have to lean on folks who have institutional knowledge, who are still in the city, who know some things that a person may or may not know, and so I think that he immediately recognize that he or she does not know, and is willing to work with those around he or she to see the plan, to see their vision, come to fruition. And so I think that humility would be a significant trait that I would love to see in the next city manager, to realize what you don't know, but also be willing to work with those who do know to get the job done, because it is a quick term and there's a lot of work to be done, hearing this call and hearing even you mentioning the affordable housing call. There's a lot of work to get done, and so I pray that the next person in position is open to working with folks, working with other folks to get the job done.",fora,"{'Express affirmation': 0, 'Specific invitation': 0, 'Provide example': 0, 'Open invitation': 0, 'Make connections': 0, 'Express appreciation': 0, 'Follow up question': 0}",True,"<CTX>Thank you. Clayton?</CTX> <CTX>What I think about in terms of the skills needed, look for the skills for this particular job, I think nothing stands top of the leadership skills that are needed for this position. When one person said they needed to be a listener, another one have a vision, but as a term as a city manager, there's a lot to manage. There's probably more things juggling now than ever, and diversity being one area that's needed in terms of the culture we're in now, and the kind of things that are just happening throughout the city. And there's just much happening from both extremes in terms of the way we see the higher ed moving with the two major colleges in the city. And then in the lower end, with our schools and our childcare centers, those areas that are needed, there's a number of things that, I can't picture how one city manager is able to manage it all without a real diverse group of people, and having the skill to be able to manage that part alone, just the people, to lead and service all the areas of Cambridge, that takes a lot. I think the skill needed is not having a lot of the detail skills, but seeing it from the bigger picture, and that's something to really, really begin to see how we can build relationships, as we did here. And to do that, again, it's going to take more than just a person, and a lot has to do with understanding the culture and the differences of the entities that you're working with. It takes more than just one person with a title of city manager. So I think part of it, for me, is just seeing whoever's involved to be able to build a team, be in a relationship with all the areas of Cambridge, using people around him or her to be able to get that done.</CTX> <CTX>Thank you. Farris?</CTX> <TGT>Yeah, just echoing Pastor Ward's point there, I think the one trait that I would love to see the next manager would be humility. This is a three-year term, and even if folks come into the position who know Cambridge, this can be an adjustment to learn. So folks are going to have to lean on folks who have institutional knowledge, who are still in the city, who know some things that a person may or may not know, and so I think that he immediately recognize that he or she does not know, and is willing to work with those around he or she to see the plan, to see their vision, come to fruition. And so I think that humility would be a significant trait that I would love to see in the next city manager, to realize what you don't know, but also be willing to work with those who do know to get the job done, because it is a quick term and there's a lot of work to be done, hearing this call and hearing even you mentioning the affordable housing call. There's a lot of work to get done, and so I pray that the next person in position is open to working with folks, working with other folks to get the job done.</TGT>","Positive: 4  
Negative: 3  
No Reinforcement: 2"
1530,18025833,48_11978_The_FDAS_Caution_Is_Hazardous_To_Our_Health.xlsx,whow-48_11978_The_FDAS_Caution_Is_Hazardous_To_Our_Health.xlsx-24,whow-48_11978_The_FDAS_Caution_Is_Hazardous_To_Our_Health.xlsx-23,00f0ab18b47ce998a3b7473f5e995d0e,0.0,True,0,False,"I-- forgive me, but--",whow,"{'probing': False, 'confronting': False, 'instruction': False, 'interpretation': False, 'supplement': False, 'utility': False}",False,"<CTX>No.</CTX> <CTX>--thing to do?</CTX> <CTX>It would be an unwise use of limited resources, because we don't need to fast-track the next statin of which we already have plenty.</CTX> <TGT>I-- forgive me, but--</TGT>","Positive: 2  
Negative: 3  
No Reinforcement: 2"
1782,44138,794167811.20582.20582,wikitactics-794167811.20582.20582-17,wikitactics-794167811.20582.20582-16,Phlar,0.0,True,1,True,"subject."" You're trying to argue ''against'' a government source that says Taichung's population is now ranked 2nd in Taiwan. To counter, you need a source that says, ""Yes, the MOI released new figures that show that Taichung's population is now larger than Kaohsiung's, but (I disagree/the figures are wrong) because X."" Otherwise, this is just you being unhappy about what a source states, saying that it needs to be ""balanced"", while ''still'' refusing to provide a relevant source to support your opinion. Unless you do so, there's really no point in continuing to argue about NPOV, undue weight, fringe theories, etc. when you continually refuse to provide a reliable source to begin with.",wikitactics,,False,"<CTX>Yes. Putting it in the infobox is giving it little weight so as to not be undue. Simply stating it is second would be giving it undue weight, unless it is written with balanced views per WP:BALANCE.</CTX> <CTX>I think we might need a third opinion here (WP:3O). If you don't mind, I'm going to go ahead and request one.</CTX> <CTX>At the very least, I think the population should be mentioned in the lead. And I think the statement that it's the second largest city in Taiwan is fine, based on the MOI reference cited by Multivariable.</CTX> <TGT>subject."" You're trying to argue ''against'' a government source that says Taichung's population is now ranked 2nd in Taiwan. To counter, you need a source that says, ""Yes, the MOI released new figures that show that Taichung's population is now larger than Kaohsiung's, but (I disagree/the figures are wrong) because X."" Otherwise, this is just you being unhappy about what a source states, saying that it needs to be ""balanced"", while ''still'' refusing to provide a relevant source to support your opinion. Unless you do so, there's really no point in continuing to argue about NPOV, undue weight, fringe theories, etc. when you continually refuse to provide a reliable source to begin with.</TGT>","Positive: 3  
Negative: 4  
No Reinforcement: 2"
1658,45152,502277435.16708.16708,wikitactics-502277435.16708.16708-4,wikitactics-502277435.16708.16708-3,Eladynnus,0.0,True,1,True,"I could understand if there was little attestation of Raampa on the internet. However, there is none except for the phoenicia.org citation, which itself does not seem to be a trustworthy source (I haven't seen it in citations about any other Phoenician topics) and which makes some very dubious claims about Linear A. I will find the appropriate tag and use it shortly.",wikitactics,,False,"<CTX>POV issues</CTX> <CTX>I've been reading this and other articles relating to the Serer, and the feeling I get is that the information here is being presented to us in a way that suggests that Serer culture is or was far more sophisticated than it actually is. On this page in particular there are several references to and a gallery of pictographs which are apparently indigenous, but the only reference is to phonecia.org, which does not appear to be reliable. Searches on Google and JSTOR turned up nothing. I think that some kind of task force composed of French speakers (not including Tamsier, who has written virtually everything about the Serer on Wikipedia and has an attachment to these articles) investigate the content and tone of it all.</CTX> <CTX>The claim that the French wiki is superior to the English wiki is silly enough, but that this would have something to do with the French nationality is laughable. You're claiming systemic bias in the same breath with which you proclaim that one nationality is superior to another one. As for this article and this tag, I happen to agree with the removal (though your edit summary is, as usual, insulting): I don't see how for instance the images in the article skew its neutrality.</CTX> <TGT>I could understand if there was little attestation of Raampa on the internet. However, there is none except for the phoenicia.org citation, which itself does not seem to be a trustworthy source (I haven't seen it in citations about any other Phoenician topics) and which makes some very dubious claims about Linear A. I will find the appropriate tag and use it shortly.</TGT>","Positive: 2  
Negative: 4  
No Reinforcement: 3"
453,16507,831,fora-831-28,fora-831-27,29529,1.0,True,0,False,"Thank you. Some of the things that we're going to share, that we want to be able to utilize the data conversation during this time and how we share and engage one another. So I want to go over seven things that may help allow this process to be as informative and experiential as we are and getting very intimate in sharing our truth as you have personally experienced [inaudible 00:09:42]. One is to speak for yourself and out of your own experiences to allow others to speak for themselves. Three, share the time, allow others to finish speaking and take turns, stay curious, ask honest questions, pause and take time for reflection. Listen generously, assume good intentions while recognizing that your words have an impact. When possible close unnecessary programs, applications, and notifications, and put your phone on silent if you need to, to give you a time fully into The Space as we are experiencing each other's lives directly. So thank you, again. Is there anything based on these seven things that you've heard that you'd like to add to or change? Please feel free to unmute yourself and share directly.",fora,"{'Express affirmation': 0, 'Specific invitation': 0, 'Provide example': 0, 'Open invitation': 0, 'Make connections': 0, 'Express appreciation': 0, 'Follow up question': 0}",False,"<CTX>Can you hear me?</CTX> <CTX>Yes.</CTX> <CTX>My name is Suzette [Surname]. I agree. Thank you.</CTX> <TGT>Thank you. Some of the things that we're going to share, that we want to be able to utilize the data conversation during this time and how we share and engage one another. So I want to go over seven things that may help allow this process to be as informative and experiential as we are and getting very intimate in sharing our truth as you have personally experienced [inaudible 00:09:42]. One is to speak for yourself and out of your own experiences to allow others to speak for themselves. Three, share the time, allow others to finish speaking and take turns, stay curious, ask honest questions, pause and take time for reflection. Listen generously, assume good intentions while recognizing that your words have an impact. When possible close unnecessary programs, applications, and notifications, and put your phone on silent if you need to, to give you a time fully into The Space as we are experiencing each other's lives directly. So thank you, again. Is there anything based on these seven things that you've heard that you'd like to add to or change? Please feel free to unmute yourself and share directly.</TGT>","Positive: 4  
Negative: 1  
No Reinforcement: 3"
730,18009206,Iran-transcript-edited-version-092706,iq2-Iran-transcript-edited-version-092706-100,iq2-Iran-transcript-edited-version-092706-99,Robert Siegel,1.0,True,0,False,"Next question, do we have someone on that side? Won’t you hand the microphone…and then we’ll come over to the other side of the room next. Could you stand up, please.",iq2,,False,"<CTX>Reuel Marc Gerecht, why don’t you reply to what George Perkovich is saying.</CTX> <CTX>I would just like to say that I’m very uncomfortable being in the majority if that poll is correct. I think the other side should demand a recount. But I mean, just a quick comment on that. I don’t think it’s any coincidence that Gamal Mubarak announced that Egypt is going to have a civilian nuclear program. I think the timing of that, because of the Iranian nuclear program, was intentional. I would add that there’s a great deal of suspicion that the Saudis were in part financial backers of the Pakistani nuclear program. It is impossible I think to overestimate the fierce hatred and competition that exists and has existed between Saudi Arabia and the Islamic republic from 1979, Bill alluded to it.</CTX> <CTX>Much of the Islamic militancy that we see today, the fuel behind bin Ladinism, actually grew out of that competition in the 1980s. It would be surprising not to see the Saudis make some play for a nuke. I would also add, I wouldn’t at all be surprised to see Turkey go in a nuclear direction. I think the Iraq war certainly showed to the Turks they cannot rely upon NATO as an institution of their defense, and I think the animosity that does exist in Turkey, even if it goes in a more Islamic direction which I think it will, will not diminish its profound suspicions of the Islamic republic. I think it would be a good guess that the Turks too would start working on a nuclear program.</CTX> <TGT>Next question, do we have someone on that side? Won’t you hand the microphone…and then we’ll come over to the other side of the room next. Could you stand up, please.</TGT>","Positive: 2  
Negative: 3  
No Reinforcement: 2"
534,30633,2719,fora-2719-200,fora-2719-199,47824,0.0,True,0,False,The food should be great.,fora,"{'Express affirmation': 0, 'Specific invitation': 0, 'Provide example': 0, 'Open invitation': 0, 'Make connections': 0, 'Express appreciation': 0, 'Follow up question': 0}",True,"<CTX>No, I know. I know. Yeah.</CTX> <CTX>I could go on and on and on.</CTX> <CTX>What else should we change? What should be different? We're matching the food.</CTX> <TGT>The food should be great.</TGT>","Positive: 2  
Negative: 3  
No Reinforcement: 2"
965,17992953,050714%20Death%20Not%20Final,iq2-050714%20Death%20Not%20Final-214,iq2-050714%20Death%20Not%20Final-213,John Donvan,1.0,True,0,False,"And nobody's seeing hell, whew.",iq2,,False,"<CTX>A near-death experience. And the hellish ones are quite rare by comparison, 3 or 4 percent. My own feeling is that that is because they're incomplete, that souls don't go in with quite the oomph and that exactly in my case, I went in with plenty of oomph and went through that phase and up into the much higher levels of ultra-reality.</CTX> <CTX>I think the other side should get a crack at this question and why it's only one out of eight or one out of 10 people who have had these experiences,</CTX> <CTX>Yeah, I mean, it’s perfectly compatible with the neuroscientific hypothesis of these experiences depends on what parts of your brain are working and not working at any given moment. What's the mechanism of your being in a coma or unconscious? Was it traumatic? Was it lack of oxygen? You know, we could put pilots in a centrifuge, spin them up until they pass out-- a lot of them have near-death experiences, too, they're not near death, but we're depriving their brain of blood flow-- you know, with similar numbers, very, you know, profound, memorable, vivid experiences. So it just depends on the particulars of what parts of the brain are working or not working.</CTX> <TGT>And nobody's seeing hell, whew.</TGT>","Positive: 2  
Negative: 1  
No Reinforcement: 3"
1284,18020081,23_5488_Blame_Washington_More_Than_Wall_Street_for_the_Financial_Crisis.xlsx,whow-23_5488_Blame_Washington_More_Than_Wall_Street_for_the_Financial_Crisis.xlsx-171,whow-23_5488_Blame_Washington_More_Than_Wall_Street_for_the_Financial_Crisis.xlsx-170,e31f6f9827c187e8aebdb0839a0c963a,0.0,True,0,False,"It may be so appropriately chicken versus the egg, chicken being Washington, being afraid to do what’s right, and Wall Street who’s laid a ginormous egg. If it is a chicken- versus-egg scenario, and, as Mr. Gordon pointed out that we have a history of financial crises every 20 years for the most part, uh, wouldn’t it seem to be that Wall Street since our country was founded first and foremost by entrepreneurs and businessmen, “Blame Washington More Than Wall Street” (3/17/09) uh, that set out to form their own government, that it would actually be driven more so by Wall Street than the government that they formed?",whow,"{'probing': False, 'confronting': False, 'instruction': False, 'interpretation': False, 'supplement': False, 'utility': False}",True,"<CTX>Do you mind if I tell the panel that actually both sides can address your question, we’ll be—</CTX> <CTX>Sure, absolutely—</CTX> <CTX>the motion, but please, everyone consider this your final question—</CTX> <TGT>It may be so appropriately chicken versus the egg, chicken being Washington, being afraid to do what’s right, and Wall Street who’s laid a ginormous egg. If it is a chicken- versus-egg scenario, and, as Mr. Gordon pointed out that we have a history of financial crises every 20 years for the most part, uh, wouldn’t it seem to be that Wall Street since our country was founded first and foremost by entrepreneurs and businessmen, “Blame Washington More Than Wall Street” (3/17/09) uh, that set out to form their own government, that it would actually be driven more so by Wall Street than the government that they formed?</TGT>","Positive: 2  
Negative: 2  
No Reinforcement: 3"
1739,44976,560437573.172652.172652,wikitactics-560437573.172652.172652-21,wikitactics-560437573.172652.172652-20,Groupuscule,0.0,True,0,True,"suggests that little scientific consensus exists on any issue pertaining to GMOs. This would include the claim that ""currently marketed"" genetically modified foods are ""as safe as food from conventional counterpart organisms"". Indeed, if any relevant scientific consensus ''does'' exist, it is that techniques of genetic engineering may well have unintended effects on the host organism—and can therefore ''not'' be presumed equivalent to a combination of ancestor plant + new genes. This claim amounts to saying 'the whole is greater than the sum of its parts', a piece of conventional wisdom which Big Science™ has now borne out. Also: many genetically modified foods that are ""currently marketed"" in the US are banned as unsafe in other countries. As North8000 points out, ""safe"" is an very imprecise medical claim that Wikipedia almost never makes. That the claim of ""safety"" has been pushed so heavily for this relatively untested class of foods is astounding.",wikitactics,,False,"<CTX>I don't agree, the science statements regarding what's being discussed ''are'' clear.</CTX> <CTX>I appreciate that you are working to make sure the scientific consensus is well represented but statements this broad are not helpful - they actually match the ""straw man"" that people who are worried about GMOs set up.  The statement that ""GM food is safe"" is not true, stated this broadly, nor is it supportable.   The consensus is 1) about currently marketed food from GMOs and 2) importantly, is ''not absolute (which is absurd) but rather is relative to food from conventional organisms.''  It is absurd to say ""Water is safe"" and it is absurd to say ""Water is dangerous"".  Please, please do not throw gasoline on the fire by making overly broad statements. This is hard enough without this.  Thanks.</CTX> <CTX>If you give an inch, they'll take a mile.  I've already been accused of being a paid shill for even considering that there's a scientific consensus, and including these caveats where they don't belong in this article is, while noble and understandable, doing more harm than good.  When the argument is that GM foods are unsafe, the fringe position being put out there is wrong.  I have no problem with including the language as it is stated in the reliable sources for the article, but there's no need to mince words here.</CTX> <TGT>suggests that little scientific consensus exists on any issue pertaining to GMOs. This would include the claim that ""currently marketed"" genetically modified foods are ""as safe as food from conventional counterpart organisms"". Indeed, if any relevant scientific consensus ''does'' exist, it is that techniques of genetic engineering may well have unintended effects on the host organism—and can therefore ''not'' be presumed equivalent to a combination of ancestor plant + new genes. This claim amounts to saying 'the whole is greater than the sum of its parts', a piece of conventional wisdom which Big Science™ has now borne out. Also: many genetically modified foods that are ""currently marketed"" in the US are banned as unsafe in other countries. As North8000 points out, ""safe"" is an very imprecise medical claim that Wikipedia almost never makes. That the claim of ""safety"" has been pushed so heavily for this relatively untested class of foods is astounding.</TGT>","Positive: 2  
Negative: 4  
No Reinforcement: 3

**Rationale"
261,17978040,c4d3698a791fa9070424fd19a6a70c56,2_59,,JDwyer,0.0,True,0,False,ALL flights should be covered -- it's no more tolerable being trapped on the tarmac at a small airport than at at large one!    Nor any difference if it's a domestic or international flight!   The passenger experience is the same!,ceri,,False,<TGT>ALL flights should be covered -- it's no more tolerable being trapped on the tarmac at a small airport than at at large one!    Nor any difference if it's a domestic or international flight!   The passenger experience is the same!</TGT>,"Positive: 3  
Negative: 2  
No Reinforcement: 4  

**Rationale"
535,4604,658,fora-658-223,fora-658-222,28335,1.0,True,0,False,Greedy?,fora,"{'Express affirmation': 0, 'Specific invitation': 0, 'Provide example': 0, 'Open invitation': 0, 'Make connections': 0, 'Express appreciation': 0, 'Follow up question': 0}",False,"<CTX>Angry.</CTX> <CTX>Angry, okay.</CTX> <CTX>And then privilege is grief actually.</CTX> <TGT>Greedy?</TGT>","Positive: 2  
Negative: 4  
No Reinforcement: 1"
