Dataset,Precision,Recall,F1,Support
ceri,0.3197278911564626,0.4895833333333333,0.3868312757201646,192
wikitactics,0.40748898678414097,0.7170542635658915,0.5196629213483146,258
