Dataset,Precision,Recall,F1p,F1n,Support
ceri,0.31864406779661014,0.4895833333333333,0.3860369609856263,0.7059980334316618,192
wikitactics,0.40748898678414097,0.7170542635658915,0.5196629213483146,0.6131221719457014,258
