dataset,precision,recall,f1,support
ceri,0.35,0.5444444444444444,0.4260869565217391,90
umod,0.21212121212121213,0.4375,0.2857142857142857,16
wikitactics,0.3706896551724138,0.7049180327868853,0.4858757062146893,122
