Dataset,Precision,Recall,F1,Support
ceri,0.26013513513513514,0.4695121951219512,0.3347826086956522,164
wikitactics,0.4339622641509434,0.7540983606557377,0.5508982035928144,244
