Dataset,Precision,Recall,F1,Support
ceri,0.5714285714285714,0.7631578947368421,0.6535211267605634,152
wikitactics,0.5085470085470085,0.780327868852459,0.6157826649417852,305
