dataset,precision,recall,f1,support
ceri,0.3793103448275862,0.12222222222222222,0.18487394957983194,90
fora,0.40708393983503155,0.6237918215613383,0.4926600117439812,1345
iq2,0.4524259609325772,0.5680379746835443,0.5036829182742897,1264
umod,0.3157894736842105,0.3,0.3076923076923077,20
whow,0.420032310177706,0.5842696629213483,0.48872180451127817,890
wikitactics,0.5757575757575758,0.2923076923076923,0.3877551020408163,130
