Dataset,Precision,Recall,F1p,F1n,Support
fora,0.408738548273432,0.6295224312590448,0.49565588947443384,0.5990261578530178,2764
iq2,0.39821381665353295,0.6335144170497283,0.4890322580645161,0.5716603569497025,2393
whow,0.41832229580573954,0.626101321585903,0.5015438906043229,0.596716630977873,1816
