Dataset,Precision,Recall,F1,Support
fora,0.4093361482524044,0.6313314037626628,0.49665575636829373,2764
iq2,0.39863445378151263,0.6343501880484748,0.4895984518626028,2393
whow,0.41832229580573954,0.626101321585903,0.5015438906043229,1816
