Dataset,Precision,Recall,F1,Support
fora,0.46731301939058173,0.616593567251462,0.5316734951150331,2736
iq2,0.5496944355098102,0.6795228628230616,0.6077524893314367,2515
whow,0.5070360598065083,0.6169074371321562,0.5566014965001207,1869
