Dataset,Precision,Recall,F1,Support
ceri,0.2920353982300885,0.171875,0.21639344262295082,192
fora,0.409964253798034,0.6638929088277858,0.5069060773480663,2764
iq2,0.4057734204793028,0.6226493940660259,0.49134377576257215,2393
whow,0.42185238784370477,0.6420704845814978,0.509170305676856,1816
wikitactics,0.4563106796116505,0.3643410852713178,0.4051724137931034,258
