Dataset,Precision,Recall,F1p,F1n,Support
ceri,0.2920353982300885,0.171875,0.21639344262295082,0.8006672226855713,192
fora,0.40956852224457857,0.662807525325615,0.5062871355534061,0.5852582704585026,2764
iq2,0.40528754428999725,0.6213957375679064,0.4905971626525899,0.5901247677196708,2393
whow,0.42200506695620704,0.6420704845814978,0.5092815025114654,0.5957906098219105,1816
wikitactics,0.46116504854368934,0.3682170542635659,0.40948275862068967,0.7579505300353356,258
